categoryId,name,moreHoursTypes,serviceTypes
gcid:aadhar_center,Aadhaar center,"Access, Breakfast, Brunch, Delivery, Dinner, Drive-through, Happy hours, Kitchen, Lunch, Online operating hours, Pick-up, Takeaway, Hours for the elderly",
gcid:abarth_dealer,Abarth dealer,"Access, Breakfast, Brunch, Delivery, Dinner, Drive-through, Happy hours, Kitchen, Lunch, Online operating hours, Pick-up, Takeaway, Hours for the elderly",
gcid:abbey,Abbey,"Access, Breakfast, Brunch, Delivery, Dinner, Kitchen, Lunch, Online operating hours, Pick-up, Takeaway, Hours for the elderly, Prayer",
gcid:aboriginal_and_torres_strait_islander_organisation,Aboriginal and Torres Strait Islander organisation,"Access, Breakfast, Brunch, Delivery, Dinner, Drive-through, Happy hours, Kitchen, Lunch, Online operating hours, Pick-up, Takeaway, Hours for the elderly",
gcid:aboriginal_art_gallery,Aboriginal art gallery,"Access, Breakfast, Brunch, Delivery, Dinner, Drive-through, Happy hours, Kitchen, Lunch, Online operating hours, Pick-up, Takeaway, Hours for the elderly",
gcid:abortion_clinic,Abortion clinic,"Breakfast, Delivery, Dinner, Drive-through, Lunch, Online operating hours, Pick-up, Hours for the elderly",
gcid:abrasives_supplier,Abrasives supplier,"Access, Breakfast, Brunch, Delivery, Dinner, Drive-through, Happy hours, Kitchen, Lunch, Online operating hours, Pick-up, Takeaway, Hours for the elderly",
gcid:abundant_life_church,Abundant Life church,"Access, Breakfast, Brunch, Delivery, Dinner, Kitchen, Lunch, Online operating hours, Pick-up, Takeaway, Hours for the elderly, Prayer, Worship service",
gcid:acai_shop,Açaí shop,"Access, Breakfast, Brunch, Delivery, Dinner, Drive-through, Happy hours, Kitchen, Lunch, Online operating hours, Takeaway, Hours for the elderly",
gcid:acaraje_restaurant,Acaraje restaurant,"Access, Breakfast, Brunch, Delivery, Dinner, Drive-through, Happy hours, Kitchen, Lunch, Online operating hours, Takeaway, Hours for the elderly",
gcid:accountant,Accountant,"Breakfast, Dinner, Drive-through, Lunch, Online operating hours, Hours for the elderly","Accounting audits, Accounting practices consulting, Accounting services, Administration services, Bankruptcy tax litigation, Business consulting, Business tax planning, Business tax return preparation, Debt collection relief assistance, Financial analysis of business plans, General bookkeeping, Individual income tax return preparation, Individual tax planning, IRS representation & resolution, Payroll accounting, Proof of income received statement issuance, Tax analysis of financial plans, Tax refund processing, Trusts & estates accounting"
gcid:accounting_firm,Accounting firm,"Breakfast, Dinner, Drive-through, Lunch, Online operating hours, Hours for the elderly",
gcid:accounting_school,Accounting school,"Breakfast, Dinner, Drive-through, Lunch, Online operating hours, Hours for the elderly",
gcid:acoustical_consultant,Acoustical consultant,"Access, Breakfast, Brunch, Delivery, Dinner, Drive-through, Happy hours, Kitchen, Lunch, Online operating hours, Pick-up, Takeaway, Hours for the elderly",
gcid:acrobatic_diving_pool,Acrobatic diving pool,"Access, Breakfast, Brunch, Delivery, Dinner, Drive-through, Happy hours, Kitchen, Lunch, Online operating hours, Pick-up, Takeaway, Hours for the elderly",
gcid:acrylic_store,Acrylic store,"Access, Breakfast, Brunch, Delivery, Dinner, Drive-through, Happy hours, Kitchen, Lunch, Online operating hours, Pick-up, Takeaway, Hours for the elderly",
gcid:acupuncture_clinic,Acupuncture clinic,"Breakfast, Delivery, Dinner, Drive-through, Lunch, Online operating hours, Pick-up, Hours for the elderly",
gcid:acupuncture_school,Acupuncture school,"Access, Breakfast, Brunch, Delivery, Dinner, Drive-through, Happy hours, Kitchen, Lunch, Online operating hours, Pick-up, Takeaway, Hours for the elderly",
gcid:acupuncturist,Acupuncturist,"Breakfast, Delivery, Dinner, Drive-through, Lunch, Online operating hours, Pick-up, Hours for the elderly",
gcid:acura_dealer,Acura dealer,"Access, Breakfast, Brunch, Delivery, Dinner, Drive-through, Happy hours, Kitchen, Lunch, Online operating hours, Pick-up, Takeaway, Hours for the elderly",
gcid:addiction_treatment_center,Addiction treatment center,"Breakfast, Delivery, Dinner, Drive-through, Lunch, Online operating hours, Pick-up, Hours for the elderly",
gcid:administrative_attorney,Administrative attorney,"Access, Breakfast, Brunch, Delivery, Dinner, Drive-through, Happy hours, Kitchen, Lunch, Online operating hours, Pick-up, Takeaway, Hours for the elderly",
gcid:adoption_agency,Adoption agency,"Access, Breakfast, Brunch, Delivery, Dinner, Drive-through, Happy hours, Kitchen, Lunch, Online operating hours, Pick-up, Takeaway, Hours for the elderly",
gcid:adult_day_care_center,Adult day care center,"Access, Breakfast, Brunch, Delivery, Dinner, Drive-through, Happy hours, Kitchen, Lunch, Online operating hours, Pick-up, Takeaway, Hours for the elderly",
gcid:adult_dvd_store,Adult DVD store,"Access, Breakfast, Brunch, Delivery, Dinner, Drive-through, Happy hours, Kitchen, Lunch, Online operating hours, Pick-up, Takeaway, Hours for the elderly",
gcid:adult_education_school,Adult education school,"Access, Breakfast, Brunch, Delivery, Dinner, Drive-through, Happy hours, Kitchen, Lunch, Online operating hours, Pick-up, Takeaway, Hours for the elderly",
gcid:adult_entertainment_club,Adult entertainment club,"Access, Breakfast, Brunch, Delivery, Dinner, Drive-through, Happy hours, Kitchen, Lunch, Online operating hours, Pick-up, Takeaway, Hours for the elderly",
gcid:adult_entertainment_store,Adult entertainment store,"Access, Breakfast, Brunch, Delivery, Dinner, Drive-through, Happy hours, Kitchen, Lunch, Online operating hours, Pick-up, Takeaway, Hours for the elderly",
gcid:adult_foster_care_service,Adult foster care service,"Access, Breakfast, Brunch, Delivery, Dinner, Drive-through, Happy hours, Kitchen, Lunch, Online operating hours, Pick-up, Takeaway, Hours for the elderly",
gcid:adventure_sports_center,Adventure sports center,"Access, Breakfast, Brunch, Delivery, Dinner, Drive-through, Happy hours, Kitchen, Lunch, Online operating hours, Pick-up, Takeaway, Hours for the elderly",
gcid:advertising_agency,Advertising agency,"Access, Breakfast, Brunch, Delivery, Dinner, Drive-through, Happy hours, Kitchen, Lunch, Online operating hours, Pick-up, Takeaway, Hours for the elderly",Telemarketing
gcid:advertising_photographer,Commercial photographer,"Access, Breakfast, Brunch, Delivery, Dinner, Drive-through, Happy hours, Kitchen, Lunch, Online operating hours, Pick-up, Takeaway, Hours for the elderly",
gcid:aerated_drinks_supplier,Aerated drinks supplier,"Access, Breakfast, Brunch, Delivery, Dinner, Drive-through, Happy hours, Kitchen, Lunch, Online operating hours, Pick-up, Takeaway, Hours for the elderly",
gcid:aerial_installation_service,Antenna service,"Access, Breakfast, Brunch, Delivery, Dinner, Drive-through, Happy hours, Kitchen, Lunch, Online operating hours, Pick-up, Takeaway, Hours for the elderly",
gcid:aerial_photographer,Aerial photographer,"Access, Breakfast, Brunch, Delivery, Dinner, Drive-through, Happy hours, Kitchen, Lunch, Online operating hours, Pick-up, Takeaway, Hours for the elderly",
gcid:aerial_sports_center,Aerial sports center,"Access, Breakfast, Brunch, Delivery, Dinner, Drive-through, Happy hours, Kitchen, Lunch, Online operating hours, Pick-up, Takeaway, Hours for the elderly",
gcid:aero_dance_class,Aero dance class,"Access, Breakfast, Brunch, Delivery, Dinner, Drive-through, Happy hours, Kitchen, Lunch, Online operating hours, Pick-up, Takeaway, Hours for the elderly",
gcid:aerobics_instructor,Aerobics instructor,"Access, Breakfast, Brunch, Delivery, Dinner, Drive-through, Happy hours, Kitchen, Lunch, Online operating hours, Pick-up, Takeaway, Hours for the elderly","Aerobics, Choreography classes, Cycling, Fitness consulting, Fitness classes, Group lessons, Instructor training, Jazzercise, Nutrition consulting, Personal training, Private lessons, Zumba"
gcid:aeroclub,Aeroclub,"Access, Breakfast, Brunch, Delivery, Dinner, Drive-through, Happy hours, Kitchen, Lunch, Online operating hours, Pick-up, Takeaway, Hours for the elderly",
gcid:aeromodel_shop,Aeromodel shop,"Access, Breakfast, Brunch, Delivery, Dinner, Drive-through, Happy hours, Kitchen, Lunch, Online operating hours, Pick-up, Takeaway, Hours for the elderly",
gcid:aeronautical_engineer,Aeronautical engineer,"Access, Breakfast, Brunch, Delivery, Dinner, Drive-through, Happy hours, Kitchen, Lunch, Online operating hours, Pick-up, Takeaway, Hours for the elderly",
gcid:aerospace_company,Aerospace company,"Access, Breakfast, Brunch, Delivery, Dinner, Drive-through, Happy hours, Kitchen, Lunch, Online operating hours, Pick-up, Takeaway, Hours for the elderly",
gcid:afghani_restaurant,Afghan restaurant,"Access, Breakfast, Brunch, Delivery, Dinner, Drive-through, Happy hours, Kitchen, Lunch, Online operating hours, Takeaway, Hours for the elderly",
gcid:african_goods_store,African goods store,"Access, Breakfast, Brunch, Delivery, Dinner, Drive-through, Happy hours, Kitchen, Lunch, Online operating hours, Pick-up, Takeaway, Hours for the elderly",
gcid:african_restaurant,African restaurant,"Access, Breakfast, Brunch, Delivery, Dinner, Drive-through, Happy hours, Kitchen, Lunch, Online operating hours, Takeaway, Hours for the elderly",
gcid:after_school_program,After school program,"Access, Breakfast, Brunch, Delivery, Dinner, Drive-through, Happy hours, Kitchen, Lunch, Online operating hours, Pick-up, Takeaway, Hours for the elderly",Homework assistance
gcid:agenzia_entrate,Agenzia Entrate,"Breakfast, Dinner, Drive-through, Lunch, Online operating hours, Hours for the elderly",
gcid:aggregate_supplier,Aggregate supplier,"Access, Breakfast, Brunch, Delivery, Dinner, Drive-through, Happy hours, Kitchen, Lunch, Online operating hours, Pick-up, Takeaway, Hours for the elderly",
gcid:agistment_service,Agistment service,"Access, Breakfast, Brunch, Delivery, Dinner, Drive-through, Happy hours, Kitchen, Lunch, Online operating hours, Pick-up, Takeaway, Hours for the elderly",
gcid:agricultural_association,Agricultural association,"Access, Breakfast, Brunch, Delivery, Dinner, Drive-through, Happy hours, Kitchen, Lunch, Online operating hours, Pick-up, Takeaway, Hours for the elderly",
gcid:agricultural_cooperative,Agricultural cooperative,"Access, Breakfast, Brunch, Delivery, Dinner, Drive-through, Happy hours, Kitchen, Lunch, Online operating hours, Pick-up, Takeaway, Hours for the elderly",
gcid:agricultural_engineer,Agricultural engineer,"Access, Breakfast, Brunch, Delivery, Dinner, Drive-through, Happy hours, Kitchen, Lunch, Online operating hours, Pick-up, Takeaway, Hours for the elderly",
gcid:agricultural_high_school,Agricultural high school,"Access, Breakfast, Brunch, Delivery, Dinner, Drive-through, Happy hours, Kitchen, Lunch, Online operating hours, Pick-up, Takeaway, Hours for the elderly",
gcid:agricultural_machinery_manufacturer,Agricultural machinery manufacturer,"Access, Breakfast, Brunch, Delivery, Dinner, Drive-through, Happy hours, Kitchen, Lunch, Online operating hours, Pick-up, Takeaway, Hours for the elderly",
gcid:agricultural_organization,Agricultural organization,"Access, Breakfast, Brunch, Delivery, Dinner, Drive-through, Happy hours, Kitchen, Lunch, Online operating hours, Pick-up, Takeaway, Hours for the elderly",
gcid:agricultural_product_wholesaler,Agricultural product wholesaler,"Access, Breakfast, Brunch, Delivery, Dinner, Drive-through, Happy hours, Kitchen, Lunch, Online operating hours, Pick-up, Takeaway, Hours for the elderly",
gcid:agricultural_production,Agricultural production,"Access, Breakfast, Brunch, Delivery, Dinner, Drive-through, Happy hours, Kitchen, Lunch, Online operating hours, Pick-up, Takeaway, Hours for the elderly",
gcid:agricultural_service,Agricultural service,"Access, Breakfast, Brunch, Delivery, Dinner, Drive-through, Happy hours, Kitchen, Lunch, Online operating hours, Pick-up, Takeaway, Hours for the elderly",
gcid:agrochemicals_supplier,Agrochemicals supplier,"Access, Breakfast, Brunch, Delivery, Dinner, Drive-through, Happy hours, Kitchen, Lunch, Online operating hours, Pick-up, Takeaway, Hours for the elderly",
gcid:aikido_club,Aikido club,"Breakfast, Delivery, Dinner, Drive-through, Lunch, Online operating hours, Pick-up, Hours for the elderly",
gcid:aikido_school,Aikido school,"Breakfast, Delivery, Dinner, Drive-through, Lunch, Online operating hours, Pick-up, Hours for the elderly",
gcid:air_ambulance_service,Air ambulance service,"Breakfast, Delivery, Dinner, Drive-through, Lunch, Online operating hours, Pick-up, Hours for the elderly",
gcid:air_compressor_repair_service,Air compressor repair service,"Access, Breakfast, Brunch, Delivery, Dinner, Drive-through, Happy hours, Kitchen, Lunch, Online operating hours, Pick-up, Takeaway, Hours for the elderly",
gcid:air_compressor_supplier,Air compressor supplier,"Access, Breakfast, Brunch, Delivery, Dinner, Drive-through, Happy hours, Kitchen, Lunch, Online operating hours, Pick-up, Takeaway, Hours for the elderly",
gcid:air_conditioning_contractor,Air conditioning contractor,"Access, Breakfast, Brunch, Delivery, Dinner, Drive-through, Happy hours, Kitchen, Lunch, Online operating hours, Pick-up, Takeaway, Hours for the elderly","A/C system maintenance, HVAC duct & vent cleaning, Cleaning, A/C system dismantlement, Ductless heating & A/C services, A/C filter replacement, Heating system maintenance, HVAC system maintenance, HVAC system repair, Install AC, HVAC duct & vent installation, Heating system installation, Install thermostat, Installation, Portable A/C services, A/C system repair, HVAC duct & vent repair, Heating system repair, Repair HVAC, Thermostat repair, Thermostat installation, A/C system vent cleaning, Ventilated ceiling installation, Ventilated ceiling repairs"
gcid:air_conditioning_repair_service,Air conditioning repair service,"Access, Breakfast, Brunch, Delivery, Dinner, Drive-through, Happy hours, Kitchen, Lunch, Online operating hours, Pick-up, Takeaway, Hours for the elderly","A/C system maintenance, HVAC duct & vent cleaning, Cleaning, A/C system dismantlement, Ductless heating & A/C services, Heating system maintenance, HVAC system maintenance, HVAC system repair, Install AC, HVAC duct & vent installation, Heating system installation, Install thermostat, Installation, Portable A/C services, A/C preventive maintenance, A/C system repair, HVAC duct & vent repair, Heating system repair, Repair HVAC, Thermostat repair, Thermostat installation, A/C system vent cleaning, Ventilated ceiling installation, Ventilated ceiling repairs"
gcid:air_conditioning_store,Air conditioning store,"Access, Breakfast, Brunch, Delivery, Dinner, Drive-through, Happy hours, Kitchen, Lunch, Online operating hours, Pick-up, Takeaway, Hours for the elderly",
gcid:air_conditioning_system_supplier,Air conditioning system supplier,"Access, Breakfast, Brunch, Delivery, Dinner, Drive-through, Happy hours, Kitchen, Lunch, Online operating hours, Pick-up, Takeaway, Hours for the elderly",
gcid:air_duct_cleaning_service,Air duct cleaning service,"Access, Breakfast, Brunch, Delivery, Dinner, Drive-through, Happy hours, Kitchen, Lunch, Online operating hours, Pick-up, Takeaway, Hours for the elderly","A/C system maintenance, HVAC duct & vent cleaning, Ductless heating & A/C services, Heating system maintenance, HVAC system maintenance, Install AC, HVAC duct & vent installation, Heating system installation, Install thermostat, A/C system repair, HVAC duct & vent repair, Heating system repair, Repair HVAC, Thermostat repair"
gcid:air_filter_supplier,Air filter supplier,"Access, Breakfast, Brunch, Delivery, Dinner, Drive-through, Happy hours, Kitchen, Lunch, Online operating hours, Pick-up, Takeaway, Hours for the elderly",
gcid:air_force_base,Air force base,"Access, Breakfast, Brunch, Delivery, Dinner, Drive-through, Happy hours, Kitchen, Lunch, Online operating hours, Pick-up, Takeaway, Hours for the elderly",
gcid:air_taxi,Air taxi,"Access, Breakfast, Brunch, Delivery, Dinner, Drive-through, Happy hours, Kitchen, Lunch, Online operating hours, Pick-up, Takeaway, Hours for the elderly",
gcid:airbrushing_service,Airbrushing service,"Access, Breakfast, Brunch, Delivery, Dinner, Drive-through, Happy hours, Kitchen, Lunch, Online operating hours, Pick-up, Takeaway, Hours for the elderly",
gcid:airbrushing_supply_store,Airbrushing supply store,"Access, Breakfast, Brunch, Delivery, Dinner, Drive-through, Happy hours, Kitchen, Lunch, Online operating hours, Pick-up, Takeaway, Hours for the elderly",
gcid:aircraft_dealer,Aircraft dealer,"Access, Breakfast, Brunch, Delivery, Dinner, Drive-through, Happy hours, Kitchen, Lunch, Online operating hours, Pick-up, Takeaway, Hours for the elderly",
gcid:aircraft_maintenance_company,Aircraft maintenance company,"Access, Breakfast, Brunch, Delivery, Dinner, Drive-through, Happy hours, Kitchen, Lunch, Online operating hours, Pick-up, Takeaway, Hours for the elderly",
gcid:aircraft_manufacturer,Aircraft manufacturer,"Access, Breakfast, Brunch, Delivery, Dinner, Drive-through, Happy hours, Kitchen, Lunch, Online operating hours, Pick-up, Takeaway, Hours for the elderly",
gcid:aircraft_rental_service,Aircraft rental service,"Access, Breakfast, Brunch, Delivery, Dinner, Drive-through, Happy hours, Kitchen, Lunch, Online operating hours, Pick-up, Takeaway, Hours for the elderly",
gcid:aircraft_supply_store,Aircraft supply store,"Access, Breakfast, Brunch, Delivery, Dinner, Drive-through, Happy hours, Kitchen, Lunch, Online operating hours, Pick-up, Takeaway, Hours for the elderly",
gcid:airline,Airline,"Access, Breakfast, Brunch, Delivery, Dinner, Drive-through, Happy hours, Kitchen, Lunch, Online operating hours, Pick-up, Takeaway, Hours for the elderly",
gcid:airline_ticket_agency,Airline ticket agency,"Access, Breakfast, Brunch, Delivery, Dinner, Drive-through, Happy hours, Kitchen, Lunch, Online operating hours, Pick-up, Takeaway, Hours for the elderly",
gcid:airplane_exhibit,Airplane,"Access, Breakfast, Brunch, Delivery, Dinner, Drive-through, Happy hours, Kitchen, Lunch, Online operating hours, Pick-up, Takeaway, Hours for the elderly",
gcid:airport,Airport,"Access, Breakfast, Brunch, Delivery, Dinner, Drive-through, Happy hours, Kitchen, Lunch, Online operating hours, Pick-up, Takeaway, Hours for the elderly",
gcid:airport_shuttle_service,Airport shuttle service,"Access, Breakfast, Brunch, Delivery, Dinner, Drive-through, Happy hours, Kitchen, Lunch, Online operating hours, Pick-up, Takeaway, Hours for the elderly",
gcid:airsoft_gun_shop,Airsoft supply store,"Access, Breakfast, Brunch, Delivery, Dinner, Drive-through, Happy hours, Kitchen, Lunch, Online operating hours, Pick-up, Takeaway, Hours for the elderly",
gcid:airstrip,Airstrip,"Access, Breakfast, Brunch, Delivery, Dinner, Drive-through, Happy hours, Kitchen, Lunch, Online operating hours, Pick-up, Takeaway, Hours for the elderly",
gcid:alcohol_manufacturer,Alcohol manufacturer,"Access, Breakfast, Brunch, Delivery, Dinner, Drive-through, Happy hours, Kitchen, Lunch, Online operating hours, Pick-up, Takeaway, Hours for the elderly",
gcid:alcohol_retail_monopoly,Alcohol retail monopoly,"Access, Breakfast, Brunch, Delivery, Dinner, Drive-through, Happy hours, Kitchen, Lunch, Online operating hours, Pick-up, Takeaway, Hours for the elderly",
gcid:alcoholic_beverage_wholesaler,Alcoholic beverage wholesaler,"Access, Breakfast, Brunch, Delivery, Dinner, Drive-through, Happy hours, Kitchen, Lunch, Online operating hours, Pick-up, Takeaway, Hours for the elderly",
gcid:alcoholism_treatment_program,Alcoholism treatment program,"Breakfast, Delivery, Dinner, Drive-through, Lunch, Online operating hours, Pick-up, Hours for the elderly",
gcid:alfa_romeo_dealer,Alfa Romeo dealer,"Access, Breakfast, Brunch, Delivery, Dinner, Drive-through, Happy hours, Kitchen, Lunch, Online operating hours, Pick-up, Takeaway, Hours for the elderly",
gcid:algerian_restaurant,Algerian Restaurant,"Access, Breakfast, Brunch, Delivery, Dinner, Drive-through, Happy hours, Kitchen, Lunch, Online operating hours, Takeaway, Hours for the elderly",
gcid:allergist,Allergist,"Breakfast, Delivery, Dinner, Drive-through, Lunch, Online operating hours, Pick-up, Hours for the elderly",
gcid:alliance_church,Alliance church,"Access, Breakfast, Brunch, Delivery, Dinner, Kitchen, Lunch, Online operating hours, Pick-up, Takeaway, Hours for the elderly, Prayer, Worship service",
gcid:alsace_restaurant,Alsace restaurant,"Access, Breakfast, Brunch, Delivery, Dinner, Drive-through, Happy hours, Kitchen, Lunch, Online operating hours, Takeaway, Hours for the elderly",
gcid:alternative_fuel_station,Alternative fuel station,"Access, Breakfast, Brunch, Delivery, Dinner, Drive-through, Happy hours, Kitchen, Lunch, Online operating hours, Pick-up, Takeaway, Hours for the elderly",
gcid:alternative_medicine_practitioner,Alternative medicine practitioner,"Breakfast, Delivery, Dinner, Drive-through, Lunch, Online operating hours, Pick-up, Hours for the elderly",
gcid:alternator_supplier,Alternator supplier,"Access, Breakfast, Brunch, Delivery, Dinner, Drive-through, Happy hours, Kitchen, Lunch, Online operating hours, Pick-up, Takeaway, Hours for the elderly",
gcid:aluminium_supplier,Aluminum supplier,"Access, Breakfast, Brunch, Delivery, Dinner, Drive-through, Happy hours, Kitchen, Lunch, Online operating hours, Pick-up, Takeaway, Hours for the elderly",
gcid:aluminum_frames_supplier,Aluminum frames supplier,"Access, Breakfast, Brunch, Delivery, Dinner, Drive-through, Happy hours, Kitchen, Lunch, Online operating hours, Pick-up, Takeaway, Hours for the elderly",
gcid:aluminum_welder,Aluminum welder,"Access, Breakfast, Brunch, Delivery, Dinner, Drive-through, Happy hours, Kitchen, Lunch, Online operating hours, Pick-up, Takeaway, Hours for the elderly",
gcid:aluminum_window,Aluminum window,"Access, Breakfast, Brunch, Delivery, Dinner, Drive-through, Happy hours, Kitchen, Lunch, Online operating hours, Pick-up, Takeaway, Hours for the elderly",
gcid:amateur_theatre,Amateur theater,"Access, Breakfast, Brunch, Delivery, Dinner, Drive-through, Happy hours, Kitchen, Lunch, Online operating hours, Pick-up, Takeaway, Hours for the elderly",
gcid:ambulance_service,Ambulance service,"Breakfast, Delivery, Dinner, Drive-through, Lunch, Online operating hours, Pick-up, Hours for the elderly",
gcid:american_grocery_store,American grocery store,"Access, Breakfast, Brunch, Delivery, Dinner, Drive-through, Happy hours, Kitchen, Lunch, Online operating hours, Pick-up, Takeaway, Hours for the elderly",
gcid:american_restaurant,American restaurant,"Access, Breakfast, Brunch, Delivery, Dinner, Drive-through, Happy hours, Kitchen, Lunch, Online operating hours, Takeaway, Hours for the elderly",
gcid:amish_furniture_store,Amish furniture store,"Access, Breakfast, Brunch, Delivery, Dinner, Drive-through, Happy hours, Kitchen, Lunch, Online operating hours, Pick-up, Takeaway, Hours for the elderly",
gcid:ammunition_supplier,Ammunition supplier,"Access, Breakfast, Brunch, Delivery, Dinner, Drive-through, Happy hours, Kitchen, Lunch, Online operating hours, Pick-up, Takeaway, Hours for the elderly",
gcid:amphitheatre,Amphitheater,"Access, Breakfast, Brunch, Delivery, Dinner, Drive-through, Happy hours, Kitchen, Lunch, Online operating hours, Pick-up, Takeaway, Hours for the elderly",
gcid:amusement_center,Amusement center,"Access, Breakfast, Brunch, Delivery, Dinner, Drive-through, Happy hours, Kitchen, Lunch, Online operating hours, Pick-up, Takeaway, Hours for the elderly",
gcid:amusement_machine_supplier,Amusement machine supplier,"Access, Breakfast, Brunch, Delivery, Dinner, Drive-through, Happy hours, Kitchen, Lunch, Online operating hours, Pick-up, Takeaway, Hours for the elderly",
gcid:amusement_park,Amusement park,"Access, Breakfast, Brunch, Delivery, Dinner, Drive-through, Happy hours, Kitchen, Lunch, Online operating hours, Pick-up, Takeaway, Hours for the elderly",
gcid:amusement_park_ride,Amusement park ride,"Access, Breakfast, Brunch, Delivery, Dinner, Drive-through, Happy hours, Kitchen, Lunch, Online operating hours, Pick-up, Takeaway, Hours for the elderly",
gcid:amusement_ride_supplier,Amusement ride supplier,"Access, Breakfast, Brunch, Delivery, Dinner, Drive-through, Happy hours, Kitchen, Lunch, Online operating hours, Pick-up, Takeaway, Hours for the elderly",
gcid:an_hui_restaurant,Anhui restaurant,"Access, Breakfast, Brunch, Delivery, Dinner, Drive-through, Happy hours, Kitchen, Lunch, Online operating hours, Takeaway, Hours for the elderly",
gcid:anago_restaurant,Anago restaurant,"Access, Breakfast, Brunch, Delivery, Dinner, Drive-through, Happy hours, Kitchen, Lunch, Online operating hours, Takeaway, Hours for the elderly",
gcid:andalusian_restaurant,Andalusian restaurant,"Access, Breakfast, Brunch, Delivery, Dinner, Drive-through, Happy hours, Kitchen, Lunch, Online operating hours, Takeaway, Hours for the elderly",
gcid:andhra_restaurant,Andhra restaurant,"Access, Breakfast, Brunch, Delivery, Dinner, Drive-through, Happy hours, Kitchen, Lunch, Online operating hours, Takeaway, Hours for the elderly",
gcid:anesthesiologist,Anesthesiologist,"Breakfast, Delivery, Dinner, Drive-through, Lunch, Online operating hours, Pick-up, Hours for the elderly",
gcid:anganwadi_center,Anganwadi center,"Access, Breakfast, Brunch, Delivery, Dinner, Drive-through, Happy hours, Kitchen, Lunch, Online operating hours, Pick-up, Takeaway, Hours for the elderly",
gcid:angler_fish_restaurant,Angler fish restaurant,"Access, Breakfast, Brunch, Delivery, Dinner, Drive-through, Happy hours, Kitchen, Lunch, Online operating hours, Takeaway, Hours for the elderly",
gcid:anglican_church,Anglican church,"Access, Breakfast, Brunch, Delivery, Dinner, Kitchen, Lunch, Online operating hours, Pick-up, Takeaway, Hours for the elderly, Prayer, Worship service",
gcid:animal_cafe,Animal cafe,"Access, Breakfast, Brunch, Delivery, Dinner, Drive-through, Happy hours, Kitchen, Lunch, Online operating hours, Pick-up, Takeaway, Hours for the elderly",
gcid:animal_control_service,Animal control service,"Access, Breakfast, Brunch, Delivery, Dinner, Drive-through, Happy hours, Kitchen, Lunch, Online operating hours, Pick-up, Takeaway, Hours for the elderly","Aggressive animals, Animal bites, Animal cruelty or neglect, Animals in distress, Barking dogs, Loose animals, Municipal code violations, Nuisance animals, Sick, injured, & dead animals, Stray dogs, Trapped animals"
gcid:animal_hospital,Animal hospital,"Access, Breakfast, Brunch, Delivery, Dinner, Drive-through, Happy hours, Kitchen, Lunch, Online operating hours, Pick-up, Takeaway, Hours for the elderly",Birds
gcid:animal_protection_organization,Animal protection organization,"Access, Breakfast, Brunch, Delivery, Dinner, Drive-through, Happy hours, Kitchen, Lunch, Online operating hours, Pick-up, Takeaway, Hours for the elderly",
gcid:animal_rescue_service,Animal rescue service,"Access, Breakfast, Brunch, Delivery, Dinner, Drive-through, Happy hours, Kitchen, Lunch, Online operating hours, Pick-up, Takeaway, Hours for the elderly",
gcid:animal_shelter,Animal shelter,"Access, Breakfast, Brunch, Delivery, Dinner, Drive-through, Happy hours, Kitchen, Lunch, Online operating hours, Pick-up, Takeaway, Hours for the elderly",
gcid:animal_watering_hole,Animal watering hole,"Access, Breakfast, Brunch, Delivery, Dinner, Drive-through, Happy hours, Kitchen, Lunch, Online operating hours, Pick-up, Takeaway, Hours for the elderly",
gcid:animation_studio,Animation studio,"Access, Breakfast, Brunch, Delivery, Dinner, Drive-through, Happy hours, Kitchen, Lunch, Online operating hours, Pick-up, Takeaway, Hours for the elderly",
gcid:anime_club,Anime club,"Access, Breakfast, Brunch, Delivery, Dinner, Drive-through, Happy hours, Kitchen, Lunch, Online operating hours, Pick-up, Takeaway, Hours for the elderly",
gcid:antique_furniture_restoration_service,Antique furniture restoration service,"Access, Breakfast, Brunch, Delivery, Dinner, Drive-through, Happy hours, Kitchen, Lunch, Online operating hours, Pick-up, Takeaway, Hours for the elderly",
gcid:antique_furniture_store,Antique furniture store,"Access, Breakfast, Brunch, Delivery, Dinner, Drive-through, Happy hours, Kitchen, Lunch, Online operating hours, Pick-up, Takeaway, Hours for the elderly",
gcid:antique_store,Antique store,"Access, Breakfast, Brunch, Delivery, Dinner, Drive-through, Happy hours, Kitchen, Lunch, Online operating hours, Pick-up, Takeaway, Hours for the elderly",
gcid:apartment_building,Apartment building,"Access, Breakfast, Brunch, Delivery, Dinner, Drive-through, Happy hours, Kitchen, Lunch, Online operating hours, Pick-up, Takeaway, Hours for the elderly",Security services
gcid:apartment_complex,Apartment complex,"Access, Breakfast, Brunch, Delivery, Dinner, Drive-through, Happy hours, Kitchen, Lunch, Online operating hours, Pick-up, Takeaway, Hours for the elderly",Security services
gcid:apartment_rental_agency,Apartment rental agency,"Access, Breakfast, Brunch, Delivery, Dinner, Drive-through, Happy hours, Kitchen, Lunch, Online operating hours, Pick-up, Takeaway, Hours for the elderly",
gcid:apostolic_church,Apostolic church,"Access, Breakfast, Brunch, Delivery, Dinner, Kitchen, Lunch, Online operating hours, Pick-up, Takeaway, Hours for the elderly, Prayer, Worship service",
gcid:appliance_parts_supplier,Appliance parts supplier,"Access, Breakfast, Brunch, Delivery, Dinner, Drive-through, Happy hours, Kitchen, Lunch, Online operating hours, Pick-up, Takeaway, Hours for the elderly",
gcid:appliance_rental_service,Appliance rental service,"Access, Breakfast, Brunch, Delivery, Dinner, Drive-through, Happy hours, Kitchen, Lunch, Online operating hours, Pick-up, Takeaway, Hours for the elderly",
gcid:appliance_repair_service,Appliance repair service,"Access, Breakfast, Brunch, Delivery, Dinner, Drive-through, Happy hours, Kitchen, Lunch, Online operating hours, Pick-up, Takeaway, Hours for the elderly","Electric shower repair, Exhaust hood repairs, Household appliance installation, Dishwasher repair, Dryer repair, Freezer repair, Microwave repair, Oven repair, Refrigerator repair, Refrigerator/freezer repair, Stove & cooktop repair, Stove, cooktop & oven repair, Washing machine repair, Washer/dryer repair, TV repair"
gcid:appliance_store,Appliance store,"Access, Breakfast, Brunch, Delivery, Dinner, Drive-through, Happy hours, Kitchen, Lunch, Online operating hours, Pick-up, Takeaway, Hours for the elderly",
gcid:appliances_customer_service,Appliances customer service,"Access, Breakfast, Brunch, Delivery, Dinner, Drive-through, Happy hours, Kitchen, Lunch, Online operating hours, Pick-up, Takeaway, Hours for the elderly",
gcid:applied_behavior_analysis_therapist,Applied behavior analysis therapist,"Breakfast, Delivery, Dinner, Drive-through, Lunch, Online operating hours, Pick-up, Hours for the elderly",
gcid:appraiser,Appraiser,"Breakfast, Dinner, Drive-through, Lunch, Online operating hours, Hours for the elderly","Artwork, Collector's items, Commercial equipment, Divorce settlement, Firearms, Furniture, Historical items, Horse & specialty property, House, Jewelry, Land, Tax assessment disputes, Vehicles/classic cars"
gcid:apprenticeship_center,Apprenticeship center,"Access, Breakfast, Brunch, Delivery, Dinner, Drive-through, Happy hours, Kitchen, Lunch, Online operating hours, Pick-up, Takeaway, Hours for the elderly",
gcid:aquaculture_farm,Aquaculture farm,"Access, Breakfast, Brunch, Delivery, Dinner, Drive-through, Happy hours, Kitchen, Lunch, Online operating hours, Pick-up, Takeaway, Hours for the elderly",
gcid:aquarium,Aquarium,"Access, Breakfast, Brunch, Delivery, Dinner, Drive-through, Happy hours, Kitchen, Lunch, Online operating hours, Pick-up, Takeaway, Hours for the elderly",
gcid:aquarium_shop,Aquarium shop,"Access, Breakfast, Brunch, Delivery, Dinner, Drive-through, Happy hours, Kitchen, Lunch, Online operating hours, Pick-up, Takeaway, Hours for the elderly",
gcid:aquatic_center,Aquatic center,"Access, Breakfast, Brunch, Delivery, Dinner, Drive-through, Happy hours, Kitchen, Lunch, Online operating hours, Pick-up, Takeaway, Hours for the elderly",
gcid:arab_restaurant,Arab restaurant,"Access, Breakfast, Brunch, Delivery, Dinner, Drive-through, Happy hours, Kitchen, Lunch, Online operating hours, Takeaway, Hours for the elderly",
gcid:arboretum,Arboretum,"Access, Breakfast, Brunch, Delivery, Dinner, Drive-through, Happy hours, Kitchen, Lunch, Online operating hours, Pick-up, Takeaway, Hours for the elderly",
gcid:arborist_and_tree_surgeon,Arborist service,"Access, Breakfast, Brunch, Delivery, Dinner, Drive-through, Happy hours, Kitchen, Lunch, Online operating hours, Pick-up, Takeaway, Hours for the elderly",
gcid:archaeological_museum,Archaeological museum,"Access, Breakfast, Brunch, Delivery, Dinner, Drive-through, Happy hours, Kitchen, Lunch, Online operating hours, Pick-up, Takeaway, Hours for the elderly",
gcid:archery_club,Archery club,"Access, Breakfast, Brunch, Delivery, Dinner, Drive-through, Happy hours, Kitchen, Lunch, Online operating hours, Pick-up, Takeaway, Hours for the elderly",
gcid:archery_range,Archery range,"Access, Breakfast, Brunch, Delivery, Dinner, Drive-through, Happy hours, Kitchen, Lunch, Online operating hours, Pick-up, Takeaway, Hours for the elderly",
gcid:archery_store,Archery store,"Access, Breakfast, Brunch, Delivery, Dinner, Drive-through, Happy hours, Kitchen, Lunch, Online operating hours, Pick-up, Takeaway, Hours for the elderly",
gcid:architect,Architect,"Access, Breakfast, Brunch, Delivery, Dinner, Drive-through, Happy hours, Kitchen, Lunch, Online operating hours, Pick-up, Takeaway, Hours for the elderly","Adaptive reuse & historical renovation services, Architectural consultation, Architectural design services, Architectural engineering services, Building code analysis & permit coordination, General construction, Custom home design, Home building & renovations, Interior design, Planning & zoning approval assistance, Project management, Site master planning, Supervision of design execution, 3D architectural renderings"
gcid:architects_association,Architects association,"Access, Breakfast, Brunch, Delivery, Dinner, Drive-through, Happy hours, Kitchen, Lunch, Online operating hours, Pick-up, Takeaway, Hours for the elderly",
gcid:architectural_and_engineering_model_maker,Architectural and engineering model maker,"Access, Breakfast, Brunch, Delivery, Dinner, Drive-through, Happy hours, Kitchen, Lunch, Online operating hours, Pick-up, Takeaway, Hours for the elderly",
gcid:architectural_designer,Architectural designer,"Access, Breakfast, Brunch, Delivery, Dinner, Drive-through, Happy hours, Kitchen, Lunch, Online operating hours, Pick-up, Takeaway, Hours for the elderly",
gcid:architectural_salvage_store,Architectural salvage store,"Access, Breakfast, Brunch, Delivery, Dinner, Drive-through, Happy hours, Kitchen, Lunch, Online operating hours, Pick-up, Takeaway, Hours for the elderly",
gcid:architecture_firm,Architecture firm,"Access, Breakfast, Brunch, Delivery, Dinner, Drive-through, Happy hours, Kitchen, Lunch, Online operating hours, Pick-up, Takeaway, Hours for the elderly","Adaptive reuse & historical renovation services, Architectural consultation, Architectural design services, Architectural engineering services, Building code analysis & permit coordination, Custom home design, Graphic design, Home building & renovations, Interior design, Planning & zoning approval assistance, Project management, Site master planning, 3D architectural renderings, Urban design services"
gcid:architecture_school,Architecture school,"Access, Breakfast, Brunch, Delivery, Dinner, Drive-through, Happy hours, Kitchen, Lunch, Online operating hours, Pick-up, Takeaway, Hours for the elderly",
gcid:archive,Archive,"Access, Breakfast, Brunch, Delivery, Dinner, Drive-through, Happy hours, Kitchen, Lunch, Online operating hours, Pick-up, Takeaway, Hours for the elderly",
gcid:arena,Arena,"Access, Breakfast, Brunch, Delivery, Dinner, Drive-through, Happy hours, Kitchen, Lunch, Online operating hours, Pick-up, Takeaway, Hours for the elderly",
gcid:argentinian_restaurant,Argentinian restaurant,"Access, Breakfast, Brunch, Delivery, Dinner, Drive-through, Happy hours, Kitchen, Lunch, Online operating hours, Takeaway, Hours for the elderly",
gcid:armed_forces_association,Armed forces association,"Access, Breakfast, Brunch, Delivery, Dinner, Drive-through, Happy hours, Kitchen, Lunch, Online operating hours, Pick-up, Takeaway, Hours for the elderly",
gcid:armenian_church,Armenian church,"Access, Breakfast, Brunch, Delivery, Dinner, Kitchen, Lunch, Online operating hours, Pick-up, Takeaway, Hours for the elderly, Prayer, Worship service",
gcid:armenian_restaurant,Armenian restaurant,"Access, Breakfast, Brunch, Delivery, Dinner, Drive-through, Happy hours, Kitchen, Lunch, Online operating hours, Takeaway, Hours for the elderly",
gcid:army_and_navy_store,Army & navy surplus shop,"Access, Breakfast, Brunch, Delivery, Dinner, Drive-through, Happy hours, Kitchen, Lunch, Online operating hours, Pick-up, Takeaway, Hours for the elderly",
gcid:army_base,Army barracks,"Access, Breakfast, Brunch, Delivery, Dinner, Drive-through, Happy hours, Kitchen, Lunch, Online operating hours, Pick-up, Takeaway, Hours for the elderly",
gcid:army_facility,Army facility,"Access, Breakfast, Brunch, Delivery, Dinner, Drive-through, Happy hours, Kitchen, Lunch, Online operating hours, Pick-up, Takeaway, Hours for the elderly",
gcid:army_museum,Army museum,"Access, Breakfast, Brunch, Delivery, Dinner, Drive-through, Happy hours, Kitchen, Lunch, Online operating hours, Pick-up, Takeaway, Hours for the elderly",
gcid:aromatherapy_class,Aromatherapy class,"Breakfast, Delivery, Dinner, Drive-through, Lunch, Online operating hours, Pick-up, Hours for the elderly",
gcid:aromatherapy_service,Aromatherapy service,"Breakfast, Delivery, Dinner, Drive-through, Lunch, Online operating hours, Pick-up, Hours for the elderly",
gcid:aromatherapy_supply_store,Aromatherapy supply store,"Breakfast, Delivery, Dinner, Drive-through, Lunch, Online operating hours, Pick-up, Hours for the elderly",
gcid:art_cafe,Art cafe,"Access, Breakfast, Brunch, Delivery, Dinner, Drive-through, Happy hours, Kitchen, Lunch, Online operating hours, Takeaway, Hours for the elderly",
gcid:art_center,Art center,"Access, Breakfast, Brunch, Delivery, Dinner, Drive-through, Happy hours, Kitchen, Lunch, Online operating hours, Pick-up, Takeaway, Hours for the elderly",
gcid:art_dealer,Art dealer,"Access, Breakfast, Brunch, Delivery, Dinner, Drive-through, Happy hours, Kitchen, Lunch, Online operating hours, Pick-up, Takeaway, Hours for the elderly",
gcid:art_gallery,Art gallery,"Access, Breakfast, Brunch, Delivery, Dinner, Drive-through, Happy hours, Kitchen, Lunch, Online operating hours, Pick-up, Takeaway, Hours for the elderly","Guided tours, Photography"
gcid:art_museum,Art museum,"Access, Breakfast, Brunch, Delivery, Dinner, Drive-through, Happy hours, Kitchen, Lunch, Online operating hours, Pick-up, Takeaway, Hours for the elderly",
gcid:art_restoration_service,Art restoration service,"Access, Breakfast, Brunch, Delivery, Dinner, Drive-through, Happy hours, Kitchen, Lunch, Online operating hours, Pick-up, Takeaway, Hours for the elderly",
gcid:art_school,Art school,"Access, Breakfast, Brunch, Delivery, Dinner, Drive-through, Happy hours, Kitchen, Lunch, Online operating hours, Pick-up, Takeaway, Hours for the elderly","Advanced classes, Beginner's classes, Intermediate classes, Painting, Photography"
gcid:art_studio,Art studio,"Access, Breakfast, Brunch, Delivery, Dinner, Drive-through, Happy hours, Kitchen, Lunch, Online operating hours, Pick-up, Takeaway, Hours for the elderly",
gcid:art_supply_store,Art supply store,"Access, Breakfast, Brunch, Delivery, Dinner, Drive-through, Happy hours, Kitchen, Lunch, Online operating hours, Pick-up, Takeaway, Hours for the elderly",
gcid:artificial_plant_supplier,Artificial plant supplier,"Access, Breakfast, Brunch, Delivery, Dinner, Drive-through, Happy hours, Kitchen, Lunch, Online operating hours, Pick-up, Takeaway, Hours for the elderly",
gcid:artist,Artist,"Access, Breakfast, Brunch, Delivery, Dinner, Drive-through, Happy hours, Kitchen, Lunch, Online operating hours, Pick-up, Takeaway, Hours for the elderly",
gcid:arts_organization,Arts organization,"Access, Breakfast, Brunch, Delivery, Dinner, Drive-through, Happy hours, Kitchen, Lunch, Online operating hours, Pick-up, Takeaway, Hours for the elderly",
gcid:asador,Grill,"Access, Breakfast, Brunch, Delivery, Dinner, Drive-through, Happy hours, Kitchen, Lunch, Online operating hours, Takeaway, Hours for the elderly",
gcid:asbestos_testing_service,Asbestos testing service,"Access, Breakfast, Brunch, Delivery, Dinner, Drive-through, Happy hours, Kitchen, Lunch, Online operating hours, Pick-up, Takeaway, Hours for the elderly",
gcid:ashram,Ashram,"Access, Breakfast, Brunch, Delivery, Dinner, Kitchen, Lunch, Online operating hours, Pick-up, Takeaway, Hours for the elderly, Prayer",
gcid:asian_fusion_restaurant,Asian fusion restaurant,"Access, Breakfast, Brunch, Delivery, Dinner, Drive-through, Happy hours, Kitchen, Lunch, Online operating hours, Takeaway, Hours for the elderly",
gcid:asian_grocery_store,Asian grocery store,"Access, Breakfast, Brunch, Delivery, Dinner, Drive-through, Happy hours, Kitchen, Lunch, Online operating hours, Pick-up, Takeaway, Hours for the elderly",
gcid:asian_household_goods_store,Asian household goods store,"Access, Breakfast, Brunch, Delivery, Dinner, Drive-through, Happy hours, Kitchen, Lunch, Online operating hours, Pick-up, Takeaway, Hours for the elderly",
gcid:asian_restaurant,Asian restaurant,"Access, Breakfast, Brunch, Delivery, Dinner, Drive-through, Happy hours, Kitchen, Lunch, Online operating hours, Takeaway, Hours for the elderly",
gcid:asphalt_contractor,Asphalt contractor,"Access, Breakfast, Brunch, Delivery, Dinner, Drive-through, Happy hours, Kitchen, Lunch, Online operating hours, Pick-up, Takeaway, Hours for the elderly",
gcid:asphalt_mixing_plant,Asphalt mixing plant,"Access, Breakfast, Brunch, Delivery, Dinner, Drive-through, Happy hours, Kitchen, Lunch, Online operating hours, Pick-up, Takeaway, Hours for the elderly",
gcid:assamese_restaurant,Assamese restaurant,"Access, Breakfast, Brunch, Delivery, Dinner, Drive-through, Happy hours, Kitchen, Lunch, Online operating hours, Takeaway, Hours for the elderly",
gcid:assemblies_of_god_church,Assemblies of God church,"Access, Breakfast, Brunch, Delivery, Dinner, Kitchen, Lunch, Online operating hours, Pick-up, Takeaway, Hours for the elderly, Prayer, Worship service",
gcid:assistante_maternelle,Assistante maternelle,"Access, Breakfast, Brunch, Delivery, Dinner, Drive-through, Happy hours, Kitchen, Lunch, Online operating hours, Pick-up, Takeaway, Hours for the elderly",
gcid:assisted_living_facility,Assisted living facility,"Breakfast, Delivery, Dinner, Drive-through, Lunch, Online operating hours, Pick-up, Hours for the elderly",
gcid:association_or_organization,Association / Organization,"Access, Breakfast, Brunch, Delivery, Dinner, Drive-through, Happy hours, Kitchen, Lunch, Online operating hours, Pick-up, Takeaway, Hours for the elderly",
gcid:aston_martin_dealer,Aston Martin dealer,"Access, Breakfast, Brunch, Delivery, Dinner, Drive-through, Happy hours, Kitchen, Lunch, Online operating hours, Pick-up, Takeaway, Hours for the elderly",
gcid:astrologer,Astrologer,"Access, Breakfast, Brunch, Delivery, Dinner, Drive-through, Happy hours, Kitchen, Lunch, Online operating hours, Pick-up, Takeaway, Hours for the elderly",
gcid:asturian_restaurant,Asturian restaurant,"Access, Breakfast, Brunch, Delivery, Dinner, Drive-through, Happy hours, Kitchen, Lunch, Online operating hours, Takeaway, Hours for the elderly",
gcid:asylum_center,Asylum center,"Access, Breakfast, Brunch, Delivery, Dinner, Drive-through, Happy hours, Kitchen, Lunch, Online operating hours, Pick-up, Takeaway, Hours for the elderly",
gcid:athletic_club,Athletic club,"Access, Breakfast, Brunch, Delivery, Dinner, Drive-through, Happy hours, Kitchen, Lunch, Online operating hours, Pick-up, Takeaway, Hours for the elderly",
gcid:athletic_field,Athletic field,"Access, Breakfast, Brunch, Delivery, Dinner, Drive-through, Happy hours, Kitchen, Lunch, Online operating hours, Pick-up, Takeaway, Hours for the elderly",
gcid:athletic_park,Athletic park,"Access, Breakfast, Brunch, Delivery, Dinner, Drive-through, Happy hours, Kitchen, Lunch, Online operating hours, Pick-up, Takeaway, Hours for the elderly",
gcid:athletic_track,Athletic track,"Access, Breakfast, Brunch, Delivery, Dinner, Drive-through, Happy hours, Kitchen, Lunch, Online operating hours, Pick-up, Takeaway, Hours for the elderly",
gcid:atm,ATM,"Breakfast, Dinner, Drive-through, Lunch, Online operating hours, Hours for the elderly",
gcid:attorney_referral_service,Attorney referral service,"Access, Breakfast, Brunch, Delivery, Dinner, Drive-through, Happy hours, Kitchen, Lunch, Online operating hours, Pick-up, Takeaway, Hours for the elderly","Administrative law, Appellate law, Bankruptcy law, Business law, Consumer law, Criminal law, Employment law, Family law, Immigration & naturalization, Insurance law, Intellectual property law, Personal injury, property damage, & professional malpractice, Tax law"
gcid:atv_dealer,ATV dealer,"Access, Breakfast, Brunch, Delivery, Dinner, Drive-through, Happy hours, Kitchen, Lunch, Online operating hours, Pick-up, Takeaway, Hours for the elderly",
gcid:atv_rental_service,ATV rental service,"Access, Breakfast, Brunch, Delivery, Dinner, Drive-through, Happy hours, Kitchen, Lunch, Online operating hours, Pick-up, Takeaway, Hours for the elderly",
gcid:atv_repair_shop,ATV repair shop,"Access, Breakfast, Brunch, Delivery, Dinner, Drive-through, Happy hours, Kitchen, Lunch, Online operating hours, Pick-up, Takeaway, Hours for the elderly",
gcid:auction_house,Auction house,"Access, Breakfast, Brunch, Delivery, Dinner, Drive-through, Happy hours, Kitchen, Lunch, Online operating hours, Pick-up, Takeaway, Hours for the elderly",
gcid:audi_dealer,Audi dealer,"Access, Breakfast, Brunch, Delivery, Dinner, Drive-through, Happy hours, Kitchen, Lunch, Online operating hours, Pick-up, Takeaway, Hours for the elderly",
gcid:audio_visual_consultant,Audio visual consultant,"Access, Breakfast, Brunch, Delivery, Dinner, Drive-through, Happy hours, Kitchen, Lunch, Online operating hours, Pick-up, Takeaway, Hours for the elderly",
gcid:audio_visual_equipment_rental_service,Audiovisual equipment rental service,"Access, Breakfast, Brunch, Delivery, Dinner, Drive-through, Happy hours, Kitchen, Lunch, Online operating hours, Pick-up, Takeaway, Hours for the elderly",
gcid:audio_visual_equipment_repair_service,Audio visual equipment repair service,"Access, Breakfast, Brunch, Delivery, Dinner, Drive-through, Happy hours, Kitchen, Lunch, Online operating hours, Pick-up, Takeaway, Hours for the elderly","Amplifiers, Dj equipment, General repairs & installation, Home audio systems, Home automation design, Home lighting controls, Home theater design, Home theater installation, Security cameras, Smart home automation & wifi, Surround sound installation, Tv wall mounting"
gcid:audio_visual_equipment_supplier,Audio visual equipment supplier,"Access, Breakfast, Brunch, Delivery, Dinner, Drive-through, Happy hours, Kitchen, Lunch, Online operating hours, Pick-up, Takeaway, Hours for the elderly","Amplifiers, A/v equipment, Dj equipment, General repairs & installation, Home theater installation, Security system installation, Karaoke rental, Lighting rental, Microphone rental, Projectors rental, Screens rental, Surround sound installation, Tv wall mounting"
gcid:audiologist,Audiologist,"Breakfast, Delivery, Dinner, Drive-through, Lunch, Online operating hours, Pick-up, Hours for the elderly",
gcid:auditor,Auditor,"Breakfast, Dinner, Drive-through, Lunch, Online operating hours, Hours for the elderly",
gcid:auditorium,Auditorium,"Access, Breakfast, Brunch, Delivery, Dinner, Drive-through, Happy hours, Kitchen, Lunch, Online operating hours, Pick-up, Takeaway, Hours for the elderly",
gcid:australian_goods_store,Australian goods store,"Access, Breakfast, Brunch, Delivery, Dinner, Drive-through, Happy hours, Kitchen, Lunch, Online operating hours, Pick-up, Takeaway, Hours for the elderly",
gcid:australian_restaurant,Australian restaurant,"Access, Breakfast, Brunch, Delivery, Dinner, Drive-through, Happy hours, Kitchen, Lunch, Online operating hours, Takeaway, Hours for the elderly",
gcid:austrian_restaurant,Austrian restaurant,"Access, Breakfast, Brunch, Delivery, Dinner, Drive-through, Happy hours, Kitchen, Lunch, Online operating hours, Takeaway, Hours for the elderly",
gcid:auto_accessories_wholesaler,Auto accessories wholesaler,"Access, Breakfast, Brunch, Delivery, Dinner, Drive-through, Happy hours, Kitchen, Lunch, Online operating hours, Pick-up, Takeaway, Hours for the elderly",
gcid:auto_air_conditioning_service,Auto air conditioning service,"Access, Breakfast, Brunch, Delivery, Dinner, Drive-through, Happy hours, Kitchen, Lunch, Online operating hours, Pick-up, Takeaway, Hours for the elderly",
gcid:auto_auction,Auto auction,"Access, Breakfast, Brunch, Delivery, Dinner, Drive-through, Happy hours, Kitchen, Lunch, Online operating hours, Pick-up, Takeaway, Hours for the elderly",
gcid:auto_body_parts_supplier,Auto body parts supplier,"Access, Breakfast, Brunch, Delivery, Dinner, Drive-through, Happy hours, Kitchen, Lunch, Online operating hours, Pick-up, Takeaway, Hours for the elderly","Abs service & repair, A/C installation & repair, Brakes, Electrical, Clutches & transmissions service & repair, Computer diagnostics, Oil change, Tire rotations, Auto engine tuning, Vehicle maintenance"
gcid:auto_body_shop,Auto body shop,"Access, Breakfast, Brunch, Delivery, Dinner, Drive-through, Happy hours, Kitchen, Lunch, Online operating hours, Pick-up, Takeaway, Hours for the elderly","Air & cabin filter replacement, Battery, Body & Trim, Brakes, Air conditioning, Electrical, Carburetor cleaning, Auto engine diagnostic, Exhaust, Oil change, Painting, Steering & suspension repair, Tires, Transmission, Welding"
gcid:auto_bodywork_mechanic,Auto bodywork mechanic,"Access, Breakfast, Brunch, Delivery, Dinner, Drive-through, Happy hours, Kitchen, Lunch, Online operating hours, Pick-up, Takeaway, Hours for the elderly",
gcid:auto_broker,Auto broker,"Access, Breakfast, Brunch, Delivery, Dinner, Drive-through, Happy hours, Kitchen, Lunch, Online operating hours, Pick-up, Takeaway, Hours for the elderly","Car leasing, Financing, Negotiation services"
gcid:auto_care_products_store,Auto care products store,"Access, Breakfast, Brunch, Delivery, Dinner, Drive-through, Happy hours, Kitchen, Lunch, Online operating hours, Pick-up, Takeaway, Hours for the elderly",
gcid:auto_chemistry_shop,Auto chemistry shop,"Access, Breakfast, Brunch, Delivery, Dinner, Drive-through, Happy hours, Kitchen, Lunch, Online operating hours, Pick-up, Takeaway, Hours for the elderly",
gcid:auto_dent_removal_service,Auto dent removal service,"Access, Breakfast, Brunch, Delivery, Dinner, Drive-through, Happy hours, Kitchen, Lunch, Online operating hours, Pick-up, Takeaway, Hours for the elderly",
gcid:auto_electrical_service,Auto electrical service,"Access, Breakfast, Brunch, Delivery, Dinner, Drive-through, Happy hours, Kitchen, Lunch, Online operating hours, Pick-up, Takeaway, Hours for the elderly","Air & cabin filter replacement, Battery, Battery service, Body & Trim, Brakes, Air conditioning, Electrical, Auto engine diagnostic, Exhaust, Oil change, Steering & suspension repair, Tires, Transmission"
gcid:auto_glass_repair_service,Auto glass repair service,"Access, Breakfast, Brunch, Delivery, Dinner, Drive-through, Happy hours, Kitchen, Lunch, Online operating hours, Pick-up, Takeaway, Hours for the elderly",
gcid:auto_glass_shop,Auto glass shop,"Access, Breakfast, Brunch, Delivery, Dinner, Drive-through, Happy hours, Kitchen, Lunch, Online operating hours, Pick-up, Takeaway, Hours for the elderly","Wiper blade installation, Installation, Auto power window repair, Auto windshield leak repair, Auto windshield repair, Auto rear window replacement, Auto side view mirror repair, Auto side window replacement, Sunroof glass replacement, Auto windshield replacement"
gcid:auto_insurance_agency,Auto insurance agency,"Access, Breakfast, Brunch, Delivery, Dinner, Drive-through, Happy hours, Kitchen, Lunch, Online operating hours, Pick-up, Takeaway, Hours for the elderly","Auto insurance, Auto renters insurance, Commercial auto insurance, Customized policies, Electronic application filing, Full coverage auto insurance, General liability insurance, Insurance consultation, Motorcycle insurance, Insurance paperwork assistance, Roadside auto assistance, RV insurance"
gcid:auto_machine_shop,Auto machine shop,"Access, Breakfast, Brunch, Delivery, Dinner, Drive-through, Happy hours, Kitchen, Lunch, Online operating hours, Pick-up, Takeaway, Hours for the elderly","Abs service & repair, A/C installation & repair, Air & cabin filter replacement, Brake service & repair, Car waxing, Clutches & transmissions service & repair, Computer diagnostics, Electrical repair, Electrical system service & repair, Engine repair, Motor building, Supercharger/blower/turbo installations, Suspension/lowering & lift kits, Tire rotations, Auto engine tuning, Vehicle maintenance, Wheel alignment"
gcid:auto_market,Auto market,"Access, Breakfast, Brunch, Delivery, Dinner, Drive-through, Happy hours, Kitchen, Lunch, Online operating hours, Pick-up, Takeaway, Hours for the elderly",
gcid:auto_painting,Auto painting,"Access, Breakfast, Brunch, Delivery, Dinner, Drive-through, Happy hours, Kitchen, Lunch, Online operating hours, Pick-up, Takeaway, Hours for the elderly",
gcid:auto_parts_manufacturer,Auto parts manufacturer,"Access, Breakfast, Brunch, Delivery, Dinner, Drive-through, Happy hours, Kitchen, Lunch, Online operating hours, Pick-up, Takeaway, Hours for the elderly",
gcid:auto_parts_market,Auto parts market,"Access, Breakfast, Brunch, Delivery, Dinner, Drive-through, Happy hours, Kitchen, Lunch, Online operating hours, Pick-up, Takeaway, Hours for the elderly","Brakes, Tires"
gcid:auto_parts_store,Auto parts store,"Access, Breakfast, Brunch, Delivery, Dinner, Drive-through, Happy hours, Kitchen, Lunch, Online operating hours, Pick-up, Takeaway, Hours for the elderly",
gcid:auto_radiator_repair_service,Auto radiator repair service,"Access, Breakfast, Brunch, Delivery, Dinner, Drive-through, Happy hours, Kitchen, Lunch, Online operating hours, Pick-up, Takeaway, Hours for the elderly",
gcid:auto_repair_shop,Auto repair shop,"Access, Breakfast, Brunch, Delivery, Dinner, Drive-through, Happy hours, Kitchen, Lunch, Online operating hours, Pick-up, Takeaway, Hours for the elderly","A/C installation & repair, Air & cabin filter replacement, Auto A/C recharge, Auto A/C replacement, Auto battery maintenance, Auto battery replacement, Auto body & trim repair, Auto body & trim replacement, Auto brake repair, Auto brake replacement, Auto detailing, Auto emissions testing, Auto exhaust system repair, Auto exhaust system replacement, Auto glass replacement, Auto glass repair, Auto maintenance, Auto sunroof glass replacement, Auto tire replacement, Auto water leak repair, Battery, Body & Trim, Brakes, Air conditioning, Electrical, Car waxing, Carburetor cleaning, Auto engine diagnostic, Electrical repair, Engine repair, Exhaust, General repairs & maintenance, Wiper blade installation, Auto interior vacuuming, Oil change, Painting, Auto power window repair, Auto windshield repair, Auto rear window replacement, Auto side window replacement, Auto windshield replacement, Side view mirror repair, Steering & suspension replacement, Steering & suspension repair, Tire rotations, Tires, Transmission, Transmission repair, Transmission replacement, Auto engine tuning, Vehicle Inspection, Vehicle safety inspection, Wheel alignment"
gcid:auto_restoration_service,Auto restoration service,"Access, Breakfast, Brunch, Delivery, Dinner, Drive-through, Happy hours, Kitchen, Lunch, Online operating hours, Pick-up, Takeaway, Hours for the elderly",
gcid:auto_rickshaw_stand,Auto rickshaw stand,"Access, Breakfast, Brunch, Delivery, Dinner, Drive-through, Happy hours, Kitchen, Lunch, Online operating hours, Pick-up, Takeaway, Hours for the elderly",
gcid:auto_spring_shop,Auto spring shop,"Access, Breakfast, Brunch, Delivery, Dinner, Drive-through, Happy hours, Kitchen, Lunch, Online operating hours, Pick-up, Takeaway, Hours for the elderly",
gcid:auto_sunroof_shop,Auto sunroof shop,"Access, Breakfast, Brunch, Delivery, Dinner, Drive-through, Happy hours, Kitchen, Lunch, Online operating hours, Pick-up, Takeaway, Hours for the elderly",
gcid:auto_tag_agency,Auto tag agency,"Access, Breakfast, Brunch, Delivery, Dinner, Drive-through, Happy hours, Kitchen, Lunch, Online operating hours, Pick-up, Takeaway, Hours for the elderly",
gcid:auto_tune_up_service,Auto tune up service,"Access, Breakfast, Brunch, Delivery, Dinner, Drive-through, Happy hours, Kitchen, Lunch, Online operating hours, Pick-up, Takeaway, Hours for the elderly","Air & cabin filter replacement, Battery, Body & Trim, Brakes, Air conditioning, Electrical, Auto engine diagnostic, Exhaust, Oil change, Steering & suspension repair, Tires, Transmission"
gcid:auto_upholsterer,Auto upholsterer,"Access, Breakfast, Brunch, Delivery, Dinner, Drive-through, Happy hours, Kitchen, Lunch, Online operating hours, Pick-up, Takeaway, Hours for the elderly","Antique restoration, Classic car upholstery, Custom upholstery design, Retrofitting, Seat rebuilds, Upholstery installation, Upholstery repair"
gcid:auto_window_tinting_service,Auto window tinting service,"Access, Breakfast, Brunch, Delivery, Dinner, Drive-through, Happy hours, Kitchen, Lunch, Online operating hours, Pick-up, Takeaway, Hours for the elderly",
gcid:auto_wrecker,Auto wrecker,"Access, Breakfast, Brunch, Delivery, Dinner, Drive-through, Happy hours, Kitchen, Lunch, Online operating hours, Pick-up, Takeaway, Hours for the elderly","Part finding & extracting, Vehicle purchasing, Vehicle rebuilds, Vehicle recycling, Vehicle wrecking"
gcid:automation_company,Automation company,"Access, Breakfast, Brunch, Delivery, Dinner, Drive-through, Happy hours, Kitchen, Lunch, Online operating hours, Pick-up, Takeaway, Hours for the elderly",
gcid:automobile_storage_facility,Automobile storage facility,"Access, Breakfast, Brunch, Delivery, Dinner, Drive-through, Happy hours, Kitchen, Lunch, Online operating hours, Pick-up, Takeaway, Hours for the elderly",
gcid:aviation_consultant,Aviation consultant,"Access, Breakfast, Brunch, Delivery, Dinner, Drive-through, Happy hours, Kitchen, Lunch, Online operating hours, Pick-up, Takeaway, Hours for the elderly",
gcid:aviation_training_institute,Aviation training institute,"Access, Breakfast, Brunch, Delivery, Dinner, Drive-through, Happy hours, Kitchen, Lunch, Online operating hours, Pick-up, Takeaway, Hours for the elderly",
gcid:awadhi_restaurant,Awadhi restaurant,"Access, Breakfast, Brunch, Delivery, Dinner, Drive-through, Happy hours, Kitchen, Lunch, Online operating hours, Takeaway, Hours for the elderly",
gcid:awning_supplier,Awning supplier,"Access, Breakfast, Brunch, Delivery, Dinner, Drive-through, Happy hours, Kitchen, Lunch, Online operating hours, Pick-up, Takeaway, Hours for the elderly",Delivery
gcid:ayam_penyet_restaurant,Ayam penyet restaurant,"Access, Breakfast, Brunch, Delivery, Dinner, Drive-through, Happy hours, Kitchen, Lunch, Online operating hours, Takeaway, Hours for the elderly",
gcid:ayurvedic_clinic,Ayurvedic clinic,"Breakfast, Delivery, Dinner, Drive-through, Lunch, Online operating hours, Pick-up, Hours for the elderly",
gcid:azerbaijani_restaurant,Azerbaijani restaurant,"Access, Breakfast, Brunch, Delivery, Dinner, Drive-through, Happy hours, Kitchen, Lunch, Online operating hours, Takeaway, Hours for the elderly",
gcid:baby_clothing_store,Baby clothing store,"Access, Breakfast, Brunch, Delivery, Dinner, Drive-through, Happy hours, Kitchen, Lunch, Online operating hours, Pick-up, Takeaway, Hours for the elderly",
gcid:baby_store,Baby store,"Access, Breakfast, Brunch, Delivery, Dinner, Drive-through, Happy hours, Kitchen, Lunch, Online operating hours, Pick-up, Takeaway, Hours for the elderly",
gcid:baby_swimming_school,Baby swimming school,"Access, Breakfast, Brunch, Delivery, Dinner, Drive-through, Happy hours, Kitchen, Lunch, Online operating hours, Pick-up, Takeaway, Hours for the elderly",
gcid:babysitter,Babysitter,"Access, Breakfast, Brunch, Delivery, Dinner, Drive-through, Happy hours, Kitchen, Lunch, Online operating hours, Pick-up, Takeaway, Hours for the elderly","Educational services, Homework assistance, Housekeeping, Meal preparation, Nanny services, Outfit coordination, Pick-up & drop-off, Rest period regulation, Shopping services"
gcid:baden_restaurant,Baden restaurant,"Access, Breakfast, Brunch, Delivery, Dinner, Drive-through, Happy hours, Kitchen, Lunch, Online operating hours, Takeaway, Hours for the elderly",
gcid:badminton_club,Badminton club,"Access, Breakfast, Brunch, Delivery, Dinner, Drive-through, Happy hours, Kitchen, Lunch, Online operating hours, Pick-up, Takeaway, Hours for the elderly",
gcid:badminton_complex,Badminton complex,"Access, Breakfast, Brunch, Delivery, Dinner, Drive-through, Happy hours, Kitchen, Lunch, Online operating hours, Pick-up, Takeaway, Hours for the elderly",
gcid:badminton_court,Badminton court,"Access, Breakfast, Brunch, Delivery, Dinner, Drive-through, Happy hours, Kitchen, Lunch, Online operating hours, Pick-up, Takeaway, Hours for the elderly",
gcid:bag_shop,Bag shop,"Access, Breakfast, Brunch, Delivery, Dinner, Drive-through, Happy hours, Kitchen, Lunch, Online operating hours, Pick-up, Takeaway, Hours for the elderly",
gcid:bagel_shop,Bagel shop,"Access, Breakfast, Brunch, Delivery, Dinner, Drive-through, Happy hours, Kitchen, Lunch, Online operating hours, Takeaway, Hours for the elderly",
gcid:bahai_house_of_worship,Bahá'í house of worship,"Access, Breakfast, Brunch, Delivery, Dinner, Kitchen, Lunch, Online operating hours, Pick-up, Takeaway, Hours for the elderly, Prayer",
gcid:bail_bonds_service,Bail bonds service,"Access, Breakfast, Brunch, Delivery, Dinner, Drive-through, Happy hours, Kitchen, Lunch, Online operating hours, Pick-up, Takeaway, Hours for the elderly","Ankle monitoring, Cash only bail bonds, Credit card bail bonds, Delivery, Document preparation, Domestic violence bail bonds, Drug possession bail bonds, Dui bail bonds, General bail bonds, Immediate release, Immigration bail bonds, Payment plans, Signature bail bonds, Surety bail bonds"
gcid:bait_shop,Bait shop,"Access, Breakfast, Brunch, Delivery, Dinner, Drive-through, Happy hours, Kitchen, Lunch, Online operating hours, Pick-up, Takeaway, Hours for the elderly",
gcid:bakery,Bakery,"Access, Breakfast, Brunch, Delivery, Dinner, Drive-through, Happy hours, Kitchen, Lunch, Online operating hours, Takeaway, Hours for the elderly","Catering, Delivery"
gcid:bakery_equipment,Bakery equipment,"Access, Breakfast, Brunch, Delivery, Dinner, Drive-through, Happy hours, Kitchen, Lunch, Online operating hours, Pick-up, Takeaway, Hours for the elderly",
gcid:baking_supply_store,Baking supply store,"Access, Breakfast, Brunch, Delivery, Dinner, Drive-through, Happy hours, Kitchen, Lunch, Online operating hours, Pick-up, Takeaway, Hours for the elderly",
gcid:bakso_restaurant,Bakso restaurant,"Access, Breakfast, Brunch, Delivery, Dinner, Drive-through, Happy hours, Kitchen, Lunch, Online operating hours, Takeaway, Hours for the elderly",
gcid:balinese_restaurant,Balinese restaurant,"Access, Breakfast, Brunch, Delivery, Dinner, Drive-through, Happy hours, Kitchen, Lunch, Online operating hours, Takeaway, Hours for the elderly",
gcid:ballet_school,Ballet school,"Access, Breakfast, Brunch, Delivery, Dinner, Drive-through, Happy hours, Kitchen, Lunch, Online operating hours, Pick-up, Takeaway, Hours for the elderly","Adaptive dance, Advanced program, Beginner's program, Classical ballet technique, Intermediate program, Jazz, Lyrical, Pas de deux ballet, Pointe ballet, Preprofessional program, Repertory ballet, Tap & pre-ballet"
gcid:ballet_theater,Ballet theater,"Access, Breakfast, Brunch, Delivery, Dinner, Drive-through, Happy hours, Kitchen, Lunch, Online operating hours, Pick-up, Takeaway, Hours for the elderly",
gcid:balloon_artist,Balloon artist,"Access, Breakfast, Brunch, Delivery, Dinner, Drive-through, Happy hours, Kitchen, Lunch, Online operating hours, Pick-up, Takeaway, Hours for the elderly",
gcid:balloon_ride_tour_agency,Balloon ride tour agency,"Access, Breakfast, Brunch, Delivery, Dinner, Drive-through, Happy hours, Kitchen, Lunch, Online operating hours, Pick-up, Takeaway, Hours for the elderly",
gcid:balloon_store,Balloon store,"Access, Breakfast, Brunch, Delivery, Dinner, Drive-through, Happy hours, Kitchen, Lunch, Online operating hours, Pick-up, Takeaway, Hours for the elderly",
gcid:ballroom_dance_instructor,Ballroom dance instructor,"Access, Breakfast, Brunch, Delivery, Dinner, Drive-through, Happy hours, Kitchen, Lunch, Online operating hours, Pick-up, Takeaway, Hours for the elderly",
gcid:band,Band,"Access, Breakfast, Brunch, Delivery, Dinner, Drive-through, Happy hours, Kitchen, Lunch, Online operating hours, Pick-up, Takeaway, Hours for the elderly",
gcid:bangladeshi_restaurant,Bangladeshi restaurant,"Access, Breakfast, Brunch, Delivery, Dinner, Drive-through, Happy hours, Kitchen, Lunch, Online operating hours, Takeaway, Hours for the elderly",
gcid:bangle_shop,Bangle Shop,"Access, Breakfast, Brunch, Delivery, Dinner, Drive-through, Happy hours, Kitchen, Lunch, Online operating hours, Pick-up, Takeaway, Hours for the elderly",
gcid:bank,Bank,"Breakfast, Dinner, Drive-through, Lunch, Online operating hours, Hours for the elderly",
gcid:bankruptcy_attorney,Bankruptcy attorney,"Access, Breakfast, Brunch, Delivery, Dinner, Drive-through, Happy hours, Kitchen, Lunch, Online operating hours, Pick-up, Takeaway, Hours for the elderly","Bankruptcy representation, Chapter 11 bankruptcy, Chapter 13 bankruptcy, Chapter 7 bankruptcy, Corporate bankruptcy, Creditor harassment, Debt settlement, Foreclosure services, Personal bankruptcy, Repossession, Wage garnishment"
gcid:bankruptcy_service,Bankruptcy service,"Breakfast, Dinner, Drive-through, Lunch, Online operating hours, Hours for the elderly",
gcid:banner_store,Banner store,"Access, Breakfast, Brunch, Delivery, Dinner, Drive-through, Happy hours, Kitchen, Lunch, Online operating hours, Pick-up, Takeaway, Hours for the elderly",
gcid:banquet_hall,Banquet hall,"Access, Breakfast, Brunch, Delivery, Dinner, Drive-through, Happy hours, Kitchen, Lunch, Online operating hours, Pick-up, Takeaway, Hours for the elderly","Catering, Corporate functions, Event decor design, Emcee & DJ services, Event consulting, Event management, Event planning, Parties, Photo services, Private events, Space rental, Weddings"
gcid:baptist_church,Baptist church,"Access, Breakfast, Brunch, Delivery, Dinner, Kitchen, Lunch, Online operating hours, Pick-up, Takeaway, Hours for the elderly, Prayer, Worship service",
gcid:bar,Bar,"Access, Breakfast, Brunch, Delivery, Dinner, Drive-through, Happy hours, Kitchen, Lunch, Online operating hours, Takeaway, Hours for the elderly",
gcid:bar_and_grill,Bar & grill,"Access, Breakfast, Brunch, Delivery, Dinner, Drive-through, Happy hours, Kitchen, Lunch, Online operating hours, Takeaway, Hours for the elderly",
gcid:bar_pmu,Bar PMU,"Access, Breakfast, Brunch, Delivery, Dinner, Drive-through, Happy hours, Kitchen, Lunch, Online operating hours, Takeaway, Hours for the elderly",
gcid:bar_restaurant_furniture_store,Bar restaurant furniture store,"Access, Breakfast, Brunch, Delivery, Dinner, Drive-through, Happy hours, Kitchen, Lunch, Online operating hours, Pick-up, Takeaway, Hours for the elderly",
gcid:bar_stool_supplier,Bar stool supplier,"Access, Breakfast, Brunch, Delivery, Dinner, Drive-through, Happy hours, Kitchen, Lunch, Online operating hours, Pick-up, Takeaway, Hours for the elderly",
gcid:bar_tabac,Bar tabac,"Access, Breakfast, Brunch, Delivery, Dinner, Drive-through, Happy hours, Kitchen, Lunch, Online operating hours, Takeaway, Hours for the elderly",
gcid:barbecue_restaurant,Barbecue restaurant,"Access, Breakfast, Brunch, Delivery, Dinner, Drive-through, Happy hours, Kitchen, Lunch, Online operating hours, Takeaway, Hours for the elderly",
gcid:barbecue_spots,Barbecue area,"Access, Breakfast, Brunch, Delivery, Dinner, Drive-through, Happy hours, Kitchen, Lunch, Online operating hours, Pick-up, Takeaway, Hours for the elderly",
gcid:barber_school,Barber school,"Access, Breakfast, Brunch, Delivery, Dinner, Drive-through, Happy hours, Kitchen, Lunch, Online operating hours, Pick-up, Takeaway, Hours for the elderly",
gcid:barber_shop,Barber shop,"Breakfast, Delivery, Dinner, Drive-through, Lunch, Online operating hours, Pick-up, Hours for the elderly","Beard conditioning, Beard dyeing, Beard maintenance, Beard trim, Buzz cut, Capillary hair treatment, Curly hair, Custom cut, Eyebrow tinting, Eyebrow trimming, Fade cut, Groom packages, Hair coloring, Hair extensions, Head shave, Hot towel shave, Kids' cuts, Long haircut, Male body hair removal, Men's manicures, Military haircut, Perms, Razor cut, Scalp treatment, Scissor cut, Shampoo & conditioning, Hair shape up, Shave, Straight razor shave, Hair straightening, Waxing"
gcid:barber_supply_store,Barber supply store,"Access, Breakfast, Brunch, Delivery, Dinner, Drive-through, Happy hours, Kitchen, Lunch, Online operating hours, Pick-up, Takeaway, Hours for the elderly",
gcid:bariatric_surgeon,Bariatric surgeon,"Breakfast, Delivery, Dinner, Drive-through, Lunch, Online operating hours, Pick-up, Hours for the elderly",
gcid:bark_supplier,Bark supplier,"Access, Breakfast, Brunch, Delivery, Dinner, Drive-through, Happy hours, Kitchen, Lunch, Online operating hours, Pick-up, Takeaway, Hours for the elderly",
gcid:barrel_supplier,Barrel supplier,"Access, Breakfast, Brunch, Delivery, Dinner, Drive-through, Happy hours, Kitchen, Lunch, Online operating hours, Pick-up, Takeaway, Hours for the elderly",
gcid:barrister,Barrister,"Access, Breakfast, Brunch, Delivery, Dinner, Drive-through, Happy hours, Kitchen, Lunch, Online operating hours, Pick-up, Takeaway, Hours for the elderly",
gcid:bartending_school,Bartending school,"Access, Breakfast, Brunch, Delivery, Dinner, Drive-through, Happy hours, Kitchen, Lunch, Online operating hours, Pick-up, Takeaway, Hours for the elderly",
gcid:bartending_service,Bartending service,"Access, Breakfast, Brunch, Delivery, Dinner, Drive-through, Happy hours, Kitchen, Lunch, Online operating hours, Pick-up, Takeaway, Hours for the elderly",
gcid:baseball_club,Baseball club,"Access, Breakfast, Brunch, Delivery, Dinner, Drive-through, Happy hours, Kitchen, Lunch, Online operating hours, Pick-up, Takeaway, Hours for the elderly",
gcid:baseball_field,Baseball field,"Access, Breakfast, Brunch, Delivery, Dinner, Drive-through, Happy hours, Kitchen, Lunch, Online operating hours, Pick-up, Takeaway, Hours for the elderly",
gcid:baseball_goods_store,Baseball goods store,"Access, Breakfast, Brunch, Delivery, Dinner, Drive-through, Happy hours, Kitchen, Lunch, Online operating hours, Pick-up, Takeaway, Hours for the elderly",
gcid:basilica,Basilica,"Access, Breakfast, Brunch, Delivery, Dinner, Kitchen, Lunch, Online operating hours, Pick-up, Takeaway, Hours for the elderly, Prayer, Mass, Confession, Adoration, Worship service",
gcid:basket_supplier,Basket supplier,"Access, Breakfast, Brunch, Delivery, Dinner, Drive-through, Happy hours, Kitchen, Lunch, Online operating hours, Pick-up, Takeaway, Hours for the elderly",
gcid:basketball_club,Basketball club,"Access, Breakfast, Brunch, Delivery, Dinner, Drive-through, Happy hours, Kitchen, Lunch, Online operating hours, Pick-up, Takeaway, Hours for the elderly",
gcid:basketball_court,Basketball court,"Access, Breakfast, Brunch, Delivery, Dinner, Drive-through, Happy hours, Kitchen, Lunch, Online operating hours, Pick-up, Takeaway, Hours for the elderly",
gcid:basketball_court_contractor,Basketball court contractor,"Access, Breakfast, Brunch, Delivery, Dinner, Drive-through, Happy hours, Kitchen, Lunch, Online operating hours, Pick-up, Takeaway, Hours for the elderly",
gcid:basque_restaurant,Basque restaurant,"Access, Breakfast, Brunch, Delivery, Dinner, Drive-through, Happy hours, Kitchen, Lunch, Online operating hours, Takeaway, Hours for the elderly",
gcid:batak_restaurant,Batak restaurant,"Access, Breakfast, Brunch, Delivery, Dinner, Drive-through, Happy hours, Kitchen, Lunch, Online operating hours, Takeaway, Hours for the elderly",
gcid:bathroom_remodeler,Bathroom remodeler,"Access, Breakfast, Brunch, Delivery, Dinner, Drive-through, Happy hours, Kitchen, Lunch, Online operating hours, Pick-up, Takeaway, Hours for the elderly","Furniture assembly, Bathroom countertop resurfacing, Bathroom tile reglazing, Bathtub installation, Bathtub refinishing, Bathtub reglazing, Bathtub repair, Bathtub replacement, Bathtub resurfacing, Gutter cleaning, Remodeling, Drywall installation, Fan installation, Install flooring, Tile work installation, Plumbing fixture installation, Interior structural repairs, TV mounting, Paint indoors, Exterior painting, Drywall repair, Fan repair, Repair flooring, Repair water fixtures, Tile work replacement, Shower refinishing"
gcid:bathroom_supply_store,Bathroom supply store,"Access, Breakfast, Brunch, Delivery, Dinner, Drive-through, Happy hours, Kitchen, Lunch, Online operating hours, Pick-up, Takeaway, Hours for the elderly",
gcid:batik_clothing_store,Batik clothing store,"Access, Breakfast, Brunch, Delivery, Dinner, Drive-through, Happy hours, Kitchen, Lunch, Online operating hours, Pick-up, Takeaway, Hours for the elderly",
gcid:battery_manufacturer,Battery manufacturer,"Access, Breakfast, Brunch, Delivery, Dinner, Drive-through, Happy hours, Kitchen, Lunch, Online operating hours, Pick-up, Takeaway, Hours for the elderly",
gcid:battery_store,Battery store,"Access, Breakfast, Brunch, Delivery, Dinner, Drive-through, Happy hours, Kitchen, Lunch, Online operating hours, Pick-up, Takeaway, Hours for the elderly",
gcid:battery_wholesaler,Battery wholesaler,"Access, Breakfast, Brunch, Delivery, Dinner, Drive-through, Happy hours, Kitchen, Lunch, Online operating hours, Pick-up, Takeaway, Hours for the elderly",
gcid:batting_cage_center,Batting cage center,"Access, Breakfast, Brunch, Delivery, Dinner, Drive-through, Happy hours, Kitchen, Lunch, Online operating hours, Pick-up, Takeaway, Hours for the elderly",
gcid:bavarian_restaurant,Bavarian restaurant,"Access, Breakfast, Brunch, Delivery, Dinner, Drive-through, Happy hours, Kitchen, Lunch, Online operating hours, Takeaway, Hours for the elderly",
gcid:bazar,Bazar,"Access, Breakfast, Brunch, Delivery, Dinner, Drive-through, Happy hours, Kitchen, Lunch, Online operating hours, Pick-up, Takeaway, Hours for the elderly",
gcid:beach_cleaning_service,Beach cleaning service,"Access, Breakfast, Brunch, Delivery, Dinner, Drive-through, Happy hours, Kitchen, Lunch, Online operating hours, Pick-up, Takeaway, Hours for the elderly",
gcid:beach_clothing_store,Beach clothing store,"Access, Breakfast, Brunch, Delivery, Dinner, Drive-through, Happy hours, Kitchen, Lunch, Online operating hours, Pick-up, Takeaway, Hours for the elderly",
gcid:beach_club,Beach club,"Access, Breakfast, Brunch, Delivery, Dinner, Drive-through, Happy hours, Kitchen, Lunch, Online operating hours, Pick-up, Takeaway, Hours for the elderly",
gcid:beach_entertainment_shop,Beach entertainment shop,"Access, Breakfast, Brunch, Delivery, Dinner, Drive-through, Happy hours, Kitchen, Lunch, Online operating hours, Pick-up, Takeaway, Hours for the elderly",
gcid:beach_pavillion,Beach pavillion,"Access, Breakfast, Brunch, Delivery, Dinner, Drive-through, Happy hours, Kitchen, Lunch, Online operating hours, Pick-up, Takeaway, Hours for the elderly",
gcid:beach_volleyball_club,Beach volleyball club,"Access, Breakfast, Brunch, Delivery, Dinner, Drive-through, Happy hours, Kitchen, Lunch, Online operating hours, Pick-up, Takeaway, Hours for the elderly",
gcid:beach_volleyball_court,Beach volleyball court,"Access, Breakfast, Brunch, Delivery, Dinner, Drive-through, Happy hours, Kitchen, Lunch, Online operating hours, Pick-up, Takeaway, Hours for the elderly",
gcid:bead_store,Bead store,"Access, Breakfast, Brunch, Delivery, Dinner, Drive-through, Happy hours, Kitchen, Lunch, Online operating hours, Pick-up, Takeaway, Hours for the elderly",
gcid:bead_wholesaler,Bead wholesaler,"Access, Breakfast, Brunch, Delivery, Dinner, Drive-through, Happy hours, Kitchen, Lunch, Online operating hours, Pick-up, Takeaway, Hours for the elderly",
gcid:bearing_supplier,Bearing supplier,"Access, Breakfast, Brunch, Delivery, Dinner, Drive-through, Happy hours, Kitchen, Lunch, Online operating hours, Pick-up, Takeaway, Hours for the elderly",
gcid:beautician,Beautician,"Access, Breakfast, Brunch, Delivery, Dinner, Drive-through, Happy hours, Kitchen, Lunch, Online operating hours, Pick-up, Takeaway, Hours for the elderly","Manicures, Pedicures"
gcid:beauty_product_supplier,Beauty product supplier,"Access, Breakfast, Brunch, Delivery, Dinner, Drive-through, Happy hours, Kitchen, Lunch, Online operating hours, Pick-up, Takeaway, Hours for the elderly",
gcid:beauty_products_vending_machine,Beauty products vending machine,"Access, Breakfast, Brunch, Delivery, Dinner, Drive-through, Happy hours, Kitchen, Lunch, Online operating hours, Pick-up, Takeaway, Hours for the elderly",
gcid:beauty_products_wholesaler,Beauty products wholesaler,"Access, Breakfast, Brunch, Delivery, Dinner, Drive-through, Happy hours, Kitchen, Lunch, Online operating hours, Pick-up, Takeaway, Hours for the elderly",
gcid:beauty_salon,Beauty salon,"Access, Breakfast, Brunch, Delivery, Dinner, Drive-through, Happy hours, Kitchen, Lunch, Online operating hours, Pick-up, Takeaway, Hours for the elderly","Acne treatments, Acrylic nails, Balayage, Blowouts, Body waxing, Box Braids, Braids, Brazilian waxing, Bridal services, Brow lamination, Dreadlocks, Eyebrow beautification, Eyebrow shaping, Eyebrow threading, Eyelash extensions, Hair extensions, Hairstyling, Laser hair removal, Lash lift, Lash perms, Makeup services, Manicures, Massages, Microblading, Pedicures, Permanent makeup, Perms, Shampoo & conditioning, Tanning, Hair threading, Waxing"
gcid:beauty_school,Beauty school,"Access, Breakfast, Brunch, Delivery, Dinner, Drive-through, Happy hours, Kitchen, Lunch, Online operating hours, Pick-up, Takeaway, Hours for the elderly",
gcid:beauty_supply_store,Beauty supply store,"Access, Breakfast, Brunch, Delivery, Dinner, Drive-through, Happy hours, Kitchen, Lunch, Online operating hours, Pick-up, Takeaway, Hours for the elderly",
gcid:bed_and_breakfast,Bed & breakfast,"Access, Breakfast, Brunch, Delivery, Dinner, Drive-through, Happy hours, Kitchen, Lunch, Online operating hours, Pick-up, Takeaway, Hours for the elderly",
gcid:bed_shop,Bed shop,"Access, Breakfast, Brunch, Delivery, Dinner, Drive-through, Happy hours, Kitchen, Lunch, Online operating hours, Pick-up, Takeaway, Hours for the elderly",
gcid:bedding_store,Bedding store,"Access, Breakfast, Brunch, Delivery, Dinner, Drive-through, Happy hours, Kitchen, Lunch, Online operating hours, Pick-up, Takeaway, Hours for the elderly",
gcid:bedroom_furniture_store,Bedroom furniture store,"Access, Breakfast, Brunch, Delivery, Dinner, Drive-through, Happy hours, Kitchen, Lunch, Online operating hours, Pick-up, Takeaway, Hours for the elderly",
gcid:bee_relocation_service,Bee relocation service,"Access, Breakfast, Brunch, Delivery, Dinner, Drive-through, Happy hours, Kitchen, Lunch, Online operating hours, Pick-up, Takeaway, Hours for the elderly",
gcid:beef_rice_bowl_restaurant,Gyudon restaurant,"Access, Breakfast, Brunch, Delivery, Dinner, Drive-through, Happy hours, Kitchen, Lunch, Online operating hours, Takeaway, Hours for the elderly",
gcid:beer_distributor,Beer distributor,"Access, Breakfast, Brunch, Delivery, Dinner, Drive-through, Happy hours, Kitchen, Lunch, Online operating hours, Pick-up, Takeaway, Hours for the elderly",
gcid:beer_garden,Beer garden,"Access, Breakfast, Brunch, Delivery, Dinner, Drive-through, Happy hours, Kitchen, Lunch, Online operating hours, Takeaway, Hours for the elderly",
gcid:beer_hall,Beer hall,"Access, Breakfast, Brunch, Delivery, Dinner, Drive-through, Happy hours, Kitchen, Lunch, Online operating hours, Takeaway, Hours for the elderly",
gcid:beer_store,Beer store,"Access, Breakfast, Brunch, Delivery, Dinner, Drive-through, Happy hours, Kitchen, Lunch, Online operating hours, Pick-up, Takeaway, Hours for the elderly",
gcid:belgian_restaurant,Belgian restaurant,"Access, Breakfast, Brunch, Delivery, Dinner, Drive-through, Happy hours, Kitchen, Lunch, Online operating hours, Takeaway, Hours for the elderly",
gcid:belt_shop,Belt shop,"Access, Breakfast, Brunch, Delivery, Dinner, Drive-through, Happy hours, Kitchen, Lunch, Online operating hours, Pick-up, Takeaway, Hours for the elderly",
gcid:bengali_restaurant,Bengali restaurant,"Access, Breakfast, Brunch, Delivery, Dinner, Drive-through, Happy hours, Kitchen, Lunch, Online operating hours, Takeaway, Hours for the elderly",
gcid:bentley_dealer,Bentley dealer,"Access, Breakfast, Brunch, Delivery, Dinner, Drive-through, Happy hours, Kitchen, Lunch, Online operating hours, Pick-up, Takeaway, Hours for the elderly",
gcid:berry_restaurant,Berry restaurant,"Access, Breakfast, Brunch, Delivery, Dinner, Drive-through, Happy hours, Kitchen, Lunch, Online operating hours, Takeaway, Hours for the elderly",
gcid:berufsfachschule,Berufsfachschule (vocational school with apprenticeship),"Access, Breakfast, Brunch, Delivery, Dinner, Drive-through, Happy hours, Kitchen, Lunch, Online operating hours, Pick-up, Takeaway, Hours for the elderly",
gcid:betawi_restaurant,Betawi restaurant,"Access, Breakfast, Brunch, Delivery, Dinner, Drive-through, Happy hours, Kitchen, Lunch, Online operating hours, Takeaway, Hours for the elderly",
gcid:betting_agency,Betting agency,"Access, Breakfast, Brunch, Delivery, Dinner, Drive-through, Happy hours, Kitchen, Lunch, Online operating hours, Pick-up, Takeaway, Hours for the elderly",
gcid:beverage_distributor,Beverage distributor,"Access, Breakfast, Brunch, Delivery, Dinner, Drive-through, Happy hours, Kitchen, Lunch, Online operating hours, Pick-up, Takeaway, Hours for the elderly",
gcid:bicycle_club,Bicycle club,"Access, Breakfast, Brunch, Delivery, Dinner, Drive-through, Happy hours, Kitchen, Lunch, Online operating hours, Pick-up, Takeaway, Hours for the elderly",
gcid:bicycle_rack,Bicycle rack,"Access, Breakfast, Brunch, Delivery, Dinner, Drive-through, Happy hours, Kitchen, Lunch, Online operating hours, Pick-up, Takeaway, Hours for the elderly",
gcid:bicycle_rental_service,Bicycle rental service,"Access, Breakfast, Brunch, Delivery, Dinner, Drive-through, Happy hours, Kitchen, Lunch, Online operating hours, Pick-up, Takeaway, Hours for the elderly",
gcid:bicycle_repair_shop,Bicycle repair shop,"Access, Breakfast, Brunch, Delivery, Dinner, Drive-through, Happy hours, Kitchen, Lunch, Online operating hours, Pick-up, Takeaway, Hours for the elderly","Bicycle fitting, Bicycle wash, Bike assembly & disassembly, Brake adjustment, Custom bicycle build, Derailleur adjustment, Gear adjustment, Headset adjustment, Lube service, Safety inspection, Shock service, Tire/tube repair, Tune-up, Wheel alignment"
gcid:bicycle_store,Bicycle store,"Access, Breakfast, Brunch, Delivery, Dinner, Drive-through, Happy hours, Kitchen, Lunch, Online operating hours, Pick-up, Takeaway, Hours for the elderly",
gcid:bicycle_wholesale,Bicycle wholesaler,"Access, Breakfast, Brunch, Delivery, Dinner, Drive-through, Happy hours, Kitchen, Lunch, Online operating hours, Pick-up, Takeaway, Hours for the elderly",
gcid:bike_wash,Bike wash,"Access, Breakfast, Brunch, Delivery, Dinner, Drive-through, Happy hours, Kitchen, Lunch, Online operating hours, Pick-up, Takeaway, Hours for the elderly",
gcid:bikram_yoga_studio,Bikram yoga studio,"Access, Breakfast, Brunch, Delivery, Dinner, Drive-through, Happy hours, Kitchen, Lunch, Online operating hours, Pick-up, Takeaway, Hours for the elderly",
gcid:bilingual_preschool,Bilingual preschool,"Access, Breakfast, Brunch, Delivery, Dinner, Drive-through, Happy hours, Kitchen, Lunch, Online operating hours, Pick-up, Takeaway, Hours for the elderly",
gcid:bilingual_school,Bilingual school,"Access, Breakfast, Brunch, Delivery, Dinner, Drive-through, Happy hours, Kitchen, Lunch, Online operating hours, Pick-up, Takeaway, Hours for the elderly",
gcid:billiards_supply_store,Billiards supply store,"Access, Breakfast, Brunch, Delivery, Dinner, Drive-through, Happy hours, Kitchen, Lunch, Online operating hours, Pick-up, Takeaway, Hours for the elderly",
gcid:bingo_hall,Bingo hall,"Access, Breakfast, Brunch, Delivery, Dinner, Drive-through, Happy hours, Kitchen, Lunch, Online operating hours, Pick-up, Takeaway, Hours for the elderly",
gcid:biochemistry_lab,Biochemistry lab,"Access, Breakfast, Brunch, Delivery, Dinner, Drive-through, Happy hours, Kitchen, Lunch, Online operating hours, Pick-up, Takeaway, Hours for the elderly",
gcid:biofeedback_therapist,Biofeedback therapist,"Breakfast, Delivery, Dinner, Drive-through, Lunch, Online operating hours, Pick-up, Hours for the elderly",
gcid:biotechnology_company,Biotechnology company,"Access, Breakfast, Brunch, Delivery, Dinner, Drive-through, Happy hours, Kitchen, Lunch, Online operating hours, Pick-up, Takeaway, Hours for the elderly",
gcid:bird_control_service,Bird control service,"Access, Breakfast, Brunch, Delivery, Dinner, Drive-through, Happy hours, Kitchen, Lunch, Online operating hours, Pick-up, Takeaway, Hours for the elderly",
gcid:bird_shop,Bird shop,"Access, Breakfast, Brunch, Delivery, Dinner, Drive-through, Happy hours, Kitchen, Lunch, Online operating hours, Pick-up, Takeaway, Hours for the elderly",
gcid:bird_watching_area,Bird watching area,"Access, Breakfast, Brunch, Delivery, Dinner, Drive-through, Happy hours, Kitchen, Lunch, Online operating hours, Pick-up, Takeaway, Hours for the elderly",
gcid:birth_center,Birth center,"Breakfast, Delivery, Dinner, Drive-through, Lunch, Online operating hours, Pick-up, Hours for the elderly",
gcid:birth_certificate_service,Birth certificate service,"Access, Breakfast, Brunch, Delivery, Dinner, Drive-through, Happy hours, Kitchen, Lunch, Online operating hours, Pick-up, Takeaway, Hours for the elderly",
gcid:birth_control_center,Birth control center,"Breakfast, Delivery, Dinner, Drive-through, Lunch, Online operating hours, Pick-up, Hours for the elderly",
gcid:biryani_restaurant,Biryani restaurant,"Access, Breakfast, Brunch, Delivery, Dinner, Drive-through, Happy hours, Kitchen, Lunch, Online operating hours, Takeaway, Hours for the elderly",
gcid:bistro,Bistro,"Access, Breakfast, Brunch, Delivery, Dinner, Drive-through, Happy hours, Kitchen, Lunch, Online operating hours, Takeaway, Hours for the elderly",
gcid:blacksmith,Blacksmith,"Access, Breakfast, Brunch, Delivery, Dinner, Drive-through, Happy hours, Kitchen, Lunch, Online operating hours, Pick-up, Takeaway, Hours for the elderly","General repairs, Staircases"
gcid:blast_cleaning_service,Blast cleaning service,"Access, Breakfast, Brunch, Delivery, Dinner, Drive-through, Happy hours, Kitchen, Lunch, Online operating hours, Pick-up, Takeaway, Hours for the elderly",
gcid:blind_school,School for the visually impaired,"Access, Breakfast, Brunch, Delivery, Dinner, Drive-through, Happy hours, Kitchen, Lunch, Online operating hours, Pick-up, Takeaway, Hours for the elderly",
gcid:blinds_shop,Blinds shop,"Access, Breakfast, Brunch, Delivery, Dinner, Drive-through, Happy hours, Kitchen, Lunch, Online operating hours, Pick-up, Takeaway, Hours for the elderly",
gcid:blood_bank,Blood bank,"Breakfast, Delivery, Dinner, Drive-through, Lunch, Online operating hours, Pick-up, Hours for the elderly",
gcid:blood_donation_center,Blood donation center,"Breakfast, Delivery, Dinner, Drive-through, Lunch, Online operating hours, Pick-up, Hours for the elderly",
gcid:blood_testing_service,Blood testing service,"Breakfast, Delivery, Dinner, Drive-through, Lunch, Online operating hours, Pick-up, Hours for the elderly",
gcid:blueprint_service,Blueprint service,"Access, Breakfast, Brunch, Delivery, Dinner, Drive-through, Happy hours, Kitchen, Lunch, Online operating hours, Pick-up, Takeaway, Hours for the elderly",
gcid:blues_club,Blues club,"Access, Breakfast, Brunch, Delivery, Dinner, Drive-through, Happy hours, Kitchen, Lunch, Online operating hours, Takeaway, Hours for the elderly",
gcid:bmw_dealer,BMW dealer,"Access, Breakfast, Brunch, Delivery, Dinner, Drive-through, Happy hours, Kitchen, Lunch, Online operating hours, Pick-up, Takeaway, Hours for the elderly",
gcid:bmw_motorcycle_dealer,BMW motorcycle dealer,"Access, Breakfast, Brunch, Delivery, Dinner, Drive-through, Happy hours, Kitchen, Lunch, Online operating hours, Pick-up, Takeaway, Hours for the elderly",
gcid:bmx_club,BMX club,"Access, Breakfast, Brunch, Delivery, Dinner, Drive-through, Happy hours, Kitchen, Lunch, Online operating hours, Pick-up, Takeaway, Hours for the elderly",
gcid:bmx_park,BMX park,"Access, Breakfast, Brunch, Delivery, Dinner, Drive-through, Happy hours, Kitchen, Lunch, Online operating hours, Pick-up, Takeaway, Hours for the elderly",
gcid:bmx_track,BMX venue,"Access, Breakfast, Brunch, Delivery, Dinner, Drive-through, Happy hours, Kitchen, Lunch, Online operating hours, Pick-up, Takeaway, Hours for the elderly",
gcid:board_game_club,Board game club,"Access, Breakfast, Brunch, Delivery, Dinner, Drive-through, Happy hours, Kitchen, Lunch, Online operating hours, Pick-up, Takeaway, Hours for the elderly",
gcid:board_of_education,Board of education,"Access, Breakfast, Brunch, Delivery, Dinner, Drive-through, Happy hours, Kitchen, Lunch, Online operating hours, Pick-up, Takeaway, Hours for the elderly",
gcid:boarding_house,Boarding house,"Access, Breakfast, Brunch, Delivery, Dinner, Drive-through, Happy hours, Kitchen, Lunch, Online operating hours, Pick-up, Takeaway, Hours for the elderly",
gcid:boarding_school,Boarding school,"Access, Breakfast, Brunch, Delivery, Dinner, Drive-through, Happy hours, Kitchen, Lunch, Online operating hours, Pick-up, Takeaway, Hours for the elderly",
gcid:boat_accessories_supplier,Boat accessories supplier,"Access, Breakfast, Brunch, Delivery, Dinner, Drive-through, Happy hours, Kitchen, Lunch, Online operating hours, Pick-up, Takeaway, Hours for the elderly",
gcid:boat_builder,Boat builders,"Access, Breakfast, Brunch, Delivery, Dinner, Drive-through, Happy hours, Kitchen, Lunch, Online operating hours, Pick-up, Takeaway, Hours for the elderly",
gcid:boat_cleaning_service,Boat cleaning service,"Access, Breakfast, Brunch, Delivery, Dinner, Drive-through, Happy hours, Kitchen, Lunch, Online operating hours, Pick-up, Takeaway, Hours for the elderly",
gcid:boat_club,Boat club,"Access, Breakfast, Brunch, Delivery, Dinner, Drive-through, Happy hours, Kitchen, Lunch, Online operating hours, Pick-up, Takeaway, Hours for the elderly",
gcid:boat_cover_supplier,Boat cover supplier,"Access, Breakfast, Brunch, Delivery, Dinner, Drive-through, Happy hours, Kitchen, Lunch, Online operating hours, Pick-up, Takeaway, Hours for the elderly",
gcid:boat_dealer,Boat dealer,"Access, Breakfast, Brunch, Delivery, Dinner, Drive-through, Happy hours, Kitchen, Lunch, Online operating hours, Pick-up, Takeaway, Hours for the elderly",
gcid:boat_detailing_service,Boat detailing service,"Access, Breakfast, Brunch, Delivery, Dinner, Drive-through, Happy hours, Kitchen, Lunch, Online operating hours, Pick-up, Takeaway, Hours for the elderly",
gcid:boat_ramp,Boat ramp,"Access, Breakfast, Brunch, Delivery, Dinner, Drive-through, Happy hours, Kitchen, Lunch, Online operating hours, Pick-up, Takeaway, Hours for the elderly",
gcid:boat_rental_service,Boat rental service,"Access, Breakfast, Brunch, Delivery, Dinner, Drive-through, Happy hours, Kitchen, Lunch, Online operating hours, Pick-up, Takeaway, Hours for the elderly",
gcid:boat_repair_shop,Boat repair shop,"Access, Breakfast, Brunch, Delivery, Dinner, Drive-through, Happy hours, Kitchen, Lunch, Online operating hours, Pick-up, Takeaway, Hours for the elderly","Accessory & electronic installations, Battery inspection/service, Boat cleaning, Boat trailer service, Engine repair, General installation, General repairs & maintenance, Hydraulic line flush, Oil change, Tune-ups, Valve adjustment, Water pump service, Winch installation, Winterization"
gcid:boat_storage_facility,Boat storage facility,"Access, Breakfast, Brunch, Delivery, Dinner, Drive-through, Happy hours, Kitchen, Lunch, Online operating hours, Pick-up, Takeaway, Hours for the elderly",
gcid:boat_tour_agency,Boat tour agency,"Access, Breakfast, Brunch, Delivery, Dinner, Drive-through, Happy hours, Kitchen, Lunch, Online operating hours, Pick-up, Takeaway, Hours for the elderly","Group cruises, Group tours, Guided tours, Land tours, Private cruises, Private tours"
gcid:boat_trailer_dealer,Boat trailer dealer,"Access, Breakfast, Brunch, Delivery, Dinner, Drive-through, Happy hours, Kitchen, Lunch, Online operating hours, Pick-up, Takeaway, Hours for the elderly",
gcid:boating_instructor,Boating instructor,"Access, Breakfast, Brunch, Delivery, Dinner, Drive-through, Happy hours, Kitchen, Lunch, Online operating hours, Pick-up, Takeaway, Hours for the elderly",
gcid:bocce_ball_court,Bocce ball court,"Access, Breakfast, Brunch, Delivery, Dinner, Drive-through, Happy hours, Kitchen, Lunch, Online operating hours, Pick-up, Takeaway, Hours for the elderly",
gcid:body_piercing_shop,Body piercing shop,"Access, Breakfast, Brunch, Delivery, Dinner, Drive-through, Happy hours, Kitchen, Lunch, Online operating hours, Pick-up, Takeaway, Hours for the elderly","Body art, Body modification, Dermal removal, Ear piercing, Nose piercing, Tattoos"
gcid:body_shaping_class,Body shaping class,"Breakfast, Delivery, Dinner, Drive-through, Lunch, Online operating hours, Pick-up, Hours for the elderly",
gcid:boiler_manufacturer,Boiler manufacturer,"Access, Breakfast, Brunch, Delivery, Dinner, Drive-through, Happy hours, Kitchen, Lunch, Online operating hours, Pick-up, Takeaway, Hours for the elderly",
gcid:boiler_supplier,Boiler supplier,"Access, Breakfast, Brunch, Delivery, Dinner, Drive-through, Happy hours, Kitchen, Lunch, Online operating hours, Pick-up, Takeaway, Hours for the elderly",
gcid:bonesetting_house,Bonesetting house,"Breakfast, Delivery, Dinner, Drive-through, Lunch, Online operating hours, Pick-up, Hours for the elderly",
gcid:bonsai_plant_supplier,Bonsai plant supplier,"Access, Breakfast, Brunch, Delivery, Dinner, Drive-through, Happy hours, Kitchen, Lunch, Online operating hours, Pick-up, Takeaway, Hours for the elderly",
gcid:book_publisher,Book publisher,"Access, Breakfast, Brunch, Delivery, Dinner, Drive-through, Happy hours, Kitchen, Lunch, Online operating hours, Pick-up, Takeaway, Hours for the elderly",
gcid:book_store,Book store,"Access, Breakfast, Brunch, Delivery, Dinner, Drive-through, Happy hours, Kitchen, Lunch, Online operating hours, Pick-up, Takeaway, Hours for the elderly",
gcid:bookbinder,Bookbinder,"Access, Breakfast, Brunch, Delivery, Dinner, Drive-through, Happy hours, Kitchen, Lunch, Online operating hours, Pick-up, Takeaway, Hours for the elderly",
gcid:bookkeeping_service,Bookkeeping service,"Breakfast, Dinner, Drive-through, Lunch, Online operating hours, Hours for the elderly","Accounting audits, Accounting services, Administration services, Financial planning, General bookkeeping, Notary services, Payroll accounting, Tax analysis of financial plans, Tax refund processing"
gcid:books_wholesaler,Books wholesaler,"Access, Breakfast, Brunch, Delivery, Dinner, Drive-through, Happy hours, Kitchen, Lunch, Online operating hours, Pick-up, Takeaway, Hours for the elderly",
gcid:boot_camp,Boot camp,"Access, Breakfast, Brunch, Delivery, Dinner, Drive-through, Happy hours, Kitchen, Lunch, Online operating hours, Pick-up, Takeaway, Hours for the elderly",
gcid:boot_repair_shop,Boot repair shop,"Access, Breakfast, Brunch, Delivery, Dinner, Drive-through, Happy hours, Kitchen, Lunch, Online operating hours, Pick-up, Takeaway, Hours for the elderly",
gcid:boot_store,Boot store,"Access, Breakfast, Brunch, Delivery, Dinner, Drive-through, Happy hours, Kitchen, Lunch, Online operating hours, Pick-up, Takeaway, Hours for the elderly",
gcid:border_crossing_station,Border crossing station,"Access, Breakfast, Brunch, Delivery, Dinner, Drive-through, Happy hours, Kitchen, Lunch, Online operating hours, Pick-up, Takeaway, Hours for the elderly",
gcid:border_guard,Border guard,"Access, Breakfast, Brunch, Delivery, Dinner, Drive-through, Happy hours, Kitchen, Lunch, Online operating hours, Pick-up, Takeaway, Hours for the elderly",
gcid:botanica,Botanica,"Breakfast, Delivery, Dinner, Drive-through, Lunch, Online operating hours, Pick-up, Hours for the elderly",
gcid:botanical_garden,Botanical garden,"Access, Breakfast, Brunch, Delivery, Dinner, Drive-through, Happy hours, Kitchen, Lunch, Online operating hours, Pick-up, Takeaway, Hours for the elderly",
gcid:bottle_and_can_redemption_center,Bottle & can redemption center,"Access, Breakfast, Brunch, Delivery, Dinner, Drive-through, Happy hours, Kitchen, Lunch, Online operating hours, Pick-up, Takeaway, Hours for the elderly",
gcid:bottled_water_supplier,Bottled water supplier,"Access, Breakfast, Brunch, Delivery, Dinner, Drive-through, Happy hours, Kitchen, Lunch, Online operating hours, Pick-up, Takeaway, Hours for the elderly",Delivery
gcid:bouncy_castle_hire,Bouncy castle hire,"Access, Breakfast, Brunch, Delivery, Dinner, Drive-through, Happy hours, Kitchen, Lunch, Online operating hours, Pick-up, Takeaway, Hours for the elderly",
gcid:boutique,Boutique,"Access, Breakfast, Brunch, Delivery, Dinner, Drive-through, Happy hours, Kitchen, Lunch, Online operating hours, Pick-up, Takeaway, Hours for the elderly",
gcid:bowling_alley,Bowling alley,"Access, Breakfast, Brunch, Delivery, Dinner, Drive-through, Happy hours, Kitchen, Lunch, Online operating hours, Pick-up, Takeaway, Hours for the elderly",
gcid:bowling_club,Bowling club,"Access, Breakfast, Brunch, Delivery, Dinner, Drive-through, Happy hours, Kitchen, Lunch, Online operating hours, Pick-up, Takeaway, Hours for the elderly",
gcid:bowling_supply_shop,Bowling supply shop,"Access, Breakfast, Brunch, Delivery, Dinner, Drive-through, Happy hours, Kitchen, Lunch, Online operating hours, Pick-up, Takeaway, Hours for the elderly",
gcid:box_lunch_supplier,Box lunch supplier,"Access, Breakfast, Brunch, Delivery, Dinner, Drive-through, Happy hours, Kitchen, Lunch, Online operating hours, Pick-up, Takeaway, Hours for the elderly",
gcid:boxing_club,Boxing club,"Breakfast, Delivery, Dinner, Drive-through, Lunch, Online operating hours, Pick-up, Hours for the elderly",
gcid:boxing_gym,Boxing gym,"Breakfast, Delivery, Dinner, Drive-through, Lunch, Online operating hours, Pick-up, Hours for the elderly",
gcid:boxing_ring,Boxing ring,"Breakfast, Delivery, Dinner, Drive-through, Lunch, Online operating hours, Pick-up, Hours for the elderly",
gcid:boys_high_school,Boys' high school,"Access, Breakfast, Brunch, Delivery, Dinner, Drive-through, Happy hours, Kitchen, Lunch, Online operating hours, Pick-up, Takeaway, Hours for the elderly",
gcid:bpo_company,BPO company,"Access, Breakfast, Brunch, Delivery, Dinner, Drive-through, Happy hours, Kitchen, Lunch, Online operating hours, Pick-up, Takeaway, Hours for the elderly",
gcid:bpo_placement_agency,BPO placement agency,"Access, Breakfast, Brunch, Delivery, Dinner, Drive-through, Happy hours, Kitchen, Lunch, Online operating hours, Pick-up, Takeaway, Hours for the elderly",
gcid:brake_shop,Brake shop,"Access, Breakfast, Brunch, Delivery, Dinner, Drive-through, Happy hours, Kitchen, Lunch, Online operating hours, Pick-up, Takeaway, Hours for the elderly","Air & cabin filter replacement, Battery, Body & Trim, Brakes, Air conditioning, Electrical, Auto engine diagnostic, Exhaust, Oil change, Steering & suspension repair, Tires, Transmission"
gcid:branding_agency,Branding agency,"Access, Breakfast, Brunch, Delivery, Dinner, Drive-through, Happy hours, Kitchen, Lunch, Online operating hours, Pick-up, Takeaway, Hours for the elderly",
gcid:brazilian_pastelaria,Brazilian pastelaria,"Access, Breakfast, Brunch, Delivery, Dinner, Drive-through, Happy hours, Kitchen, Lunch, Online operating hours, Takeaway, Hours for the elderly",
gcid:brazilian_restaurant,Brazilian restaurant,"Access, Breakfast, Brunch, Delivery, Dinner, Drive-through, Happy hours, Kitchen, Lunch, Online operating hours, Takeaway, Hours for the elderly",
gcid:breakfast_restaurant,Breakfast restaurant,"Access, Breakfast, Brunch, Delivery, Dinner, Drive-through, Happy hours, Kitchen, Lunch, Online operating hours, Takeaway, Hours for the elderly",
gcid:brewery,Brewery,"Access, Breakfast, Brunch, Delivery, Dinner, Drive-through, Happy hours, Kitchen, Lunch, Online operating hours, Takeaway, Hours for the elderly",
gcid:brewing_supply_store,Brewing supply store,"Access, Breakfast, Brunch, Delivery, Dinner, Drive-through, Happy hours, Kitchen, Lunch, Online operating hours, Pick-up, Takeaway, Hours for the elderly",
gcid:brewpub,Brewpub,"Access, Breakfast, Brunch, Delivery, Dinner, Drive-through, Happy hours, Kitchen, Lunch, Online operating hours, Takeaway, Hours for the elderly",
gcid:brick_manufacturer,Brick manufacturer,"Access, Breakfast, Brunch, Delivery, Dinner, Drive-through, Happy hours, Kitchen, Lunch, Online operating hours, Pick-up, Takeaway, Hours for the elderly",
gcid:bricklayer,Bricklayer,"Access, Breakfast, Brunch, Delivery, Dinner, Drive-through, Happy hours, Kitchen, Lunch, Online operating hours, Pick-up, Takeaway, Hours for the elderly",
gcid:bridal_shop,Bridal shop,"Access, Breakfast, Brunch, Delivery, Dinner, Drive-through, Happy hours, Kitchen, Lunch, Online operating hours, Pick-up, Takeaway, Hours for the elderly",
gcid:bridge,Bridge,"Access, Breakfast, Brunch, Delivery, Dinner, Drive-through, Happy hours, Kitchen, Lunch, Online operating hours, Pick-up, Takeaway, Hours for the elderly",
gcid:bridge_club,Bridge club,"Access, Breakfast, Brunch, Delivery, Dinner, Drive-through, Happy hours, Kitchen, Lunch, Online operating hours, Pick-up, Takeaway, Hours for the elderly",
gcid:british_restaurant,British restaurant,"Access, Breakfast, Brunch, Delivery, Dinner, Drive-through, Happy hours, Kitchen, Lunch, Online operating hours, Takeaway, Hours for the elderly",
gcid:brunch_restaurant,Brunch restaurant,"Access, Breakfast, Brunch, Delivery, Dinner, Drive-through, Happy hours, Kitchen, Lunch, Online operating hours, Takeaway, Hours for the elderly",
gcid:bubble_tea_store,Bubble tea store,"Access, Breakfast, Brunch, Delivery, Dinner, Drive-through, Happy hours, Kitchen, Lunch, Online operating hours, Pick-up, Takeaway, Hours for the elderly",
gcid:buddhist_supplies_store,Buddhist supplies store,"Access, Breakfast, Brunch, Delivery, Dinner, Drive-through, Happy hours, Kitchen, Lunch, Online operating hours, Pick-up, Takeaway, Hours for the elderly",
gcid:buddhist_temple,Buddhist temple,"Access, Breakfast, Brunch, Delivery, Dinner, Kitchen, Lunch, Online operating hours, Pick-up, Takeaway, Hours for the elderly, Prayer",
gcid:buffet_restaurant,Buffet restaurant,"Access, Breakfast, Brunch, Delivery, Dinner, Drive-through, Happy hours, Kitchen, Lunch, Online operating hours, Takeaway, Hours for the elderly",
gcid:bugatti_dealer,Bugatti dealer,"Access, Breakfast, Brunch, Delivery, Dinner, Drive-through, Happy hours, Kitchen, Lunch, Online operating hours, Pick-up, Takeaway, Hours for the elderly",
gcid:buick_dealer,Buick dealer,"Access, Breakfast, Brunch, Delivery, Dinner, Drive-through, Happy hours, Kitchen, Lunch, Online operating hours, Pick-up, Takeaway, Hours for the elderly",
gcid:building_consultant,Building consultant,"Access, Breakfast, Brunch, Delivery, Dinner, Drive-through, Happy hours, Kitchen, Lunch, Online operating hours, Pick-up, Takeaway, Hours for the elderly",
gcid:building_designer,Building designer,"Access, Breakfast, Brunch, Delivery, Dinner, Drive-through, Happy hours, Kitchen, Lunch, Online operating hours, Pick-up, Takeaway, Hours for the elderly",
gcid:building_equipment_hire_service,Building equipment hire service,"Access, Breakfast, Brunch, Delivery, Dinner, Drive-through, Happy hours, Kitchen, Lunch, Online operating hours, Pick-up, Takeaway, Hours for the elderly",
gcid:building_firm,Building firm,"Access, Breakfast, Brunch, Delivery, Dinner, Drive-through, Happy hours, Kitchen, Lunch, Online operating hours, Pick-up, Takeaway, Hours for the elderly","General repairs, Landscaping, Project management"
gcid:building_inspector,Building inspector,"Access, Breakfast, Brunch, Delivery, Dinner, Drive-through, Happy hours, Kitchen, Lunch, Online operating hours, Pick-up, Takeaway, Hours for the elderly",
gcid:building_materials_market,Building materials market,"Access, Breakfast, Brunch, Delivery, Dinner, Drive-through, Happy hours, Kitchen, Lunch, Online operating hours, Pick-up, Takeaway, Hours for the elderly",
gcid:building_materials_store,Building materials store,"Access, Breakfast, Brunch, Delivery, Dinner, Drive-through, Happy hours, Kitchen, Lunch, Online operating hours, Pick-up, Takeaway, Hours for the elderly",
gcid:building_materials_supplier,Building materials supplier,"Access, Breakfast, Brunch, Delivery, Dinner, Drive-through, Happy hours, Kitchen, Lunch, Online operating hours, Pick-up, Takeaway, Hours for the elderly","Flooring, Waterproofing"
gcid:building_restoration_service,Building restoration service,"Access, Breakfast, Brunch, Delivery, Dinner, Drive-through, Happy hours, Kitchen, Lunch, Online operating hours, Pick-up, Takeaway, Hours for the elderly",
gcid:building_society,Building society,"Breakfast, Dinner, Drive-through, Lunch, Online operating hours, Hours for the elderly","Identity theft protection, Mortgage refinancing assistance"
gcid:bulgarian_restaurant,Bulgarian restaurant,"Access, Breakfast, Brunch, Delivery, Dinner, Drive-through, Happy hours, Kitchen, Lunch, Online operating hours, Takeaway, Hours for the elderly",
gcid:bullring,Bullring,"Access, Breakfast, Brunch, Delivery, Dinner, Drive-through, Happy hours, Kitchen, Lunch, Online operating hours, Pick-up, Takeaway, Hours for the elderly",
gcid:bungee_jumping_center,Bungee jumping center,"Access, Breakfast, Brunch, Delivery, Dinner, Drive-through, Happy hours, Kitchen, Lunch, Online operating hours, Pick-up, Takeaway, Hours for the elderly",
gcid:burglar_alarm_store,Burglar alarm store,"Access, Breakfast, Brunch, Delivery, Dinner, Drive-through, Happy hours, Kitchen, Lunch, Online operating hours, Pick-up, Takeaway, Hours for the elderly",
gcid:burmese_restaurant,Burmese restaurant,"Access, Breakfast, Brunch, Delivery, Dinner, Drive-through, Happy hours, Kitchen, Lunch, Online operating hours, Takeaway, Hours for the elderly",
gcid:burrito_restaurant,Burrito restaurant,"Access, Breakfast, Brunch, Delivery, Dinner, Drive-through, Happy hours, Kitchen, Lunch, Online operating hours, Takeaway, Hours for the elderly",
gcid:bus_charter,Bus charter,"Access, Breakfast, Brunch, Delivery, Dinner, Drive-through, Happy hours, Kitchen, Lunch, Online operating hours, Pick-up, Takeaway, Hours for the elderly",
gcid:bus_company,Bus company,"Access, Breakfast, Brunch, Delivery, Dinner, Drive-through, Happy hours, Kitchen, Lunch, Online operating hours, Pick-up, Takeaway, Hours for the elderly",
gcid:bus_depot,Bus depot,"Access, Breakfast, Brunch, Delivery, Dinner, Drive-through, Happy hours, Kitchen, Lunch, Online operating hours, Pick-up, Takeaway, Hours for the elderly",
gcid:bus_ticket_agency,Bus ticket agency,"Access, Breakfast, Brunch, Delivery, Dinner, Drive-through, Happy hours, Kitchen, Lunch, Online operating hours, Pick-up, Takeaway, Hours for the elderly",
gcid:bus_tour_agency,Bus tour agency,"Access, Breakfast, Brunch, Delivery, Dinner, Drive-through, Happy hours, Kitchen, Lunch, Online operating hours, Pick-up, Takeaway, Hours for the elderly","City tours, Private tours"
gcid:business_administration_service,Business administration service,"Access, Breakfast, Brunch, Delivery, Dinner, Drive-through, Happy hours, Kitchen, Lunch, Online operating hours, Pick-up, Takeaway, Hours for the elderly",
gcid:business_attorney,Business attorney,"Access, Breakfast, Brunch, Delivery, Dinner, Drive-through, Happy hours, Kitchen, Lunch, Online operating hours, Pick-up, Takeaway, Hours for the elderly",
gcid:business_banking_service,Business banking service,"Breakfast, Dinner, Drive-through, Lunch, Online operating hours, Hours for the elderly",
gcid:business_broker,Business broker,"Breakfast, Dinner, Drive-through, Lunch, Online operating hours, Hours for the elderly",
gcid:business_center,Business center,"Access, Breakfast, Brunch, Delivery, Dinner, Drive-through, Happy hours, Kitchen, Lunch, Online operating hours, Pick-up, Takeaway, Hours for the elderly",
gcid:business_development_service,Business development service,"Access, Breakfast, Brunch, Delivery, Dinner, Drive-through, Happy hours, Kitchen, Lunch, Online operating hours, Pick-up, Takeaway, Hours for the elderly",
gcid:business_management_consultant,Business management consultant,"Access, Breakfast, Brunch, Delivery, Dinner, Drive-through, Happy hours, Kitchen, Lunch, Online operating hours, Pick-up, Takeaway, Hours for the elderly",
gcid:business_networking_company,Business networking company,"Access, Breakfast, Brunch, Delivery, Dinner, Drive-through, Happy hours, Kitchen, Lunch, Online operating hours, Pick-up, Takeaway, Hours for the elderly",
gcid:business_park,Business park,"Access, Breakfast, Brunch, Delivery, Dinner, Drive-through, Happy hours, Kitchen, Lunch, Online operating hours, Pick-up, Takeaway, Hours for the elderly",
gcid:business_school,Business school,"Access, Breakfast, Brunch, Delivery, Dinner, Drive-through, Happy hours, Kitchen, Lunch, Online operating hours, Pick-up, Takeaway, Hours for the elderly",
gcid:business_to_business_service,Business to business service,"Access, Breakfast, Brunch, Delivery, Dinner, Drive-through, Happy hours, Kitchen, Lunch, Online operating hours, Pick-up, Takeaway, Hours for the elderly",Telemarketing
gcid:butane_gas_supplier,Butane gas supplier,"Access, Breakfast, Brunch, Delivery, Dinner, Drive-through, Happy hours, Kitchen, Lunch, Online operating hours, Pick-up, Takeaway, Hours for the elderly",
gcid:butcher_shop,Butcher shop,"Access, Breakfast, Brunch, Delivery, Dinner, Drive-through, Happy hours, Kitchen, Lunch, Online operating hours, Pick-up, Takeaway, Hours for the elderly",
gcid:butcher_shop_deli,Butcher shop deli,"Access, Breakfast, Brunch, Delivery, Dinner, Drive-through, Happy hours, Kitchen, Lunch, Online operating hours, Pick-up, Takeaway, Hours for the elderly",
gcid:butsudan_store,Butsudan store,"Access, Breakfast, Brunch, Delivery, Dinner, Drive-through, Happy hours, Kitchen, Lunch, Online operating hours, Pick-up, Takeaway, Hours for the elderly",
gcid:cabaret_club,Cabaret club,"Access, Breakfast, Brunch, Delivery, Dinner, Drive-through, Happy hours, Kitchen, Lunch, Online operating hours, Pick-up, Takeaway, Hours for the elderly",
gcid:cabin_rental_agency,Cabin rental agency,"Access, Breakfast, Brunch, Delivery, Dinner, Drive-through, Happy hours, Kitchen, Lunch, Online operating hours, Pick-up, Takeaway, Hours for the elderly","Log cabin rental, Luxury cabin rental, Tiny cabin rental"
gcid:cabinet_maker,Cabinet maker,"Access, Breakfast, Brunch, Delivery, Dinner, Drive-through, Happy hours, Kitchen, Lunch, Online operating hours, Pick-up, Takeaway, Hours for the elderly","Furniture assembly, Cabinet design, Cabinet installation, Cabinet refacing, Cabinet refinishing, Cabinet repair, Closet design, Closet woodworking, Custom cabinet design & installation, Custom closet design & installation, Installation, Cabinet painting, Pre-made cabinet design & installation, Retrofitting, Varnishing"
gcid:cabinet_store,Cabinet store,"Access, Breakfast, Brunch, Delivery, Dinner, Drive-through, Happy hours, Kitchen, Lunch, Online operating hours, Pick-up, Takeaway, Hours for the elderly",
gcid:cable_company,Cable company,"Access, Breakfast, Brunch, Delivery, Dinner, Drive-through, Happy hours, Kitchen, Lunch, Online operating hours, Pick-up, Takeaway, Hours for the elderly",
gcid:cadillac_dealer,Cadillac dealer,"Access, Breakfast, Brunch, Delivery, Dinner, Drive-through, Happy hours, Kitchen, Lunch, Online operating hours, Pick-up, Takeaway, Hours for the elderly",
gcid:cafe,Cafe,"Access, Breakfast, Brunch, Delivery, Dinner, Drive-through, Happy hours, Kitchen, Lunch, Online operating hours, Takeaway, Hours for the elderly",
gcid:cafeteria,Cafeteria,"Access, Breakfast, Brunch, Delivery, Dinner, Drive-through, Happy hours, Kitchen, Lunch, Online operating hours, Pick-up, Takeaway, Hours for the elderly",
gcid:cajun_restaurant,Cajun restaurant,"Access, Breakfast, Brunch, Delivery, Dinner, Drive-through, Happy hours, Kitchen, Lunch, Online operating hours, Takeaway, Hours for the elderly",
gcid:cake_decorating_equipment_shop,Cake decorating equipment shop,"Access, Breakfast, Brunch, Delivery, Dinner, Drive-through, Happy hours, Kitchen, Lunch, Online operating hours, Pick-up, Takeaway, Hours for the elderly",
gcid:cake_shop,Cake shop,"Access, Breakfast, Brunch, Delivery, Dinner, Drive-through, Happy hours, Kitchen, Lunch, Online operating hours, Takeaway, Hours for the elderly",
gcid:californian_restaurant,Californian restaurant,"Access, Breakfast, Brunch, Delivery, Dinner, Drive-through, Happy hours, Kitchen, Lunch, Online operating hours, Takeaway, Hours for the elderly",
gcid:call_center,Call center,"Access, Breakfast, Brunch, Delivery, Dinner, Drive-through, Happy hours, Kitchen, Lunch, Online operating hours, Pick-up, Takeaway, Hours for the elderly",
gcid:call_shop,Call shop,"Access, Breakfast, Brunch, Delivery, Dinner, Drive-through, Happy hours, Kitchen, Lunch, Online operating hours, Pick-up, Takeaway, Hours for the elderly",
gcid:calligraphy_lesson,Calligraphy lesson,"Access, Breakfast, Brunch, Delivery, Dinner, Drive-through, Happy hours, Kitchen, Lunch, Online operating hours, Pick-up, Takeaway, Hours for the elderly",
gcid:calvary_chapel_church,Calvary Chapel church,"Access, Breakfast, Brunch, Delivery, Dinner, Kitchen, Lunch, Online operating hours, Pick-up, Takeaway, Hours for the elderly, Prayer, Worship service",
gcid:cambodian_restaurant,Cambodian restaurant,"Access, Breakfast, Brunch, Delivery, Dinner, Drive-through, Happy hours, Kitchen, Lunch, Online operating hours, Takeaway, Hours for the elderly",
gcid:camera_repair_shop,Camera repair shop,"Access, Breakfast, Brunch, Delivery, Dinner, Drive-through, Happy hours, Kitchen, Lunch, Online operating hours, Pick-up, Takeaway, Hours for the elderly",
gcid:camera_store,Camera store,"Access, Breakfast, Brunch, Delivery, Dinner, Drive-through, Happy hours, Kitchen, Lunch, Online operating hours, Pick-up, Takeaway, Hours for the elderly",
gcid:camp,Children's camp,"Access, Breakfast, Brunch, Delivery, Dinner, Drive-through, Happy hours, Kitchen, Lunch, Online operating hours, Pick-up, Takeaway, Hours for the elderly",
gcid:camper_shell_supplier,Camper shell supplier,"Access, Breakfast, Brunch, Delivery, Dinner, Drive-through, Happy hours, Kitchen, Lunch, Online operating hours, Pick-up, Takeaway, Hours for the elderly",
gcid:campground,Campground,"Access, Breakfast, Brunch, Delivery, Dinner, Drive-through, Happy hours, Kitchen, Lunch, Online operating hours, Pick-up, Takeaway, Hours for the elderly",
gcid:camping_cabin,Camping cabin,"Access, Breakfast, Brunch, Delivery, Dinner, Drive-through, Happy hours, Kitchen, Lunch, Online operating hours, Pick-up, Takeaway, Hours for the elderly",
gcid:camping_farm,Camping farm,"Access, Breakfast, Brunch, Delivery, Dinner, Drive-through, Happy hours, Kitchen, Lunch, Online operating hours, Pick-up, Takeaway, Hours for the elderly",
gcid:camping_store,Camping store,"Access, Breakfast, Brunch, Delivery, Dinner, Drive-through, Happy hours, Kitchen, Lunch, Online operating hours, Pick-up, Takeaway, Hours for the elderly",
gcid:canadian_pacific_northwest_restaurant,Pacific Northwest restaurant (Canada),"Access, Breakfast, Brunch, Delivery, Dinner, Drive-through, Happy hours, Kitchen, Lunch, Online operating hours, Takeaway, Hours for the elderly",
gcid:canadian_restaurant,Canadian restaurant,"Access, Breakfast, Brunch, Delivery, Dinner, Drive-through, Happy hours, Kitchen, Lunch, Online operating hours, Takeaway, Hours for the elderly",
gcid:cancer_treatment_center,Cancer treatment center,"Breakfast, Delivery, Dinner, Drive-through, Lunch, Online operating hours, Pick-up, Hours for the elderly",
gcid:candle_store,Candle store,"Access, Breakfast, Brunch, Delivery, Dinner, Drive-through, Happy hours, Kitchen, Lunch, Online operating hours, Pick-up, Takeaway, Hours for the elderly",
gcid:candy_store,Candy store,"Access, Breakfast, Brunch, Delivery, Dinner, Drive-through, Happy hours, Kitchen, Lunch, Online operating hours, Pick-up, Takeaway, Hours for the elderly",
gcid:cane_furniture_store,Cane furniture store,"Access, Breakfast, Brunch, Delivery, Dinner, Drive-through, Happy hours, Kitchen, Lunch, Online operating hours, Pick-up, Takeaway, Hours for the elderly",
gcid:cannabis_club,Cannabis club,"Access, Breakfast, Brunch, Delivery, Dinner, Drive-through, Happy hours, Kitchen, Lunch, Online operating hours, Pick-up, Takeaway, Hours for the elderly",
gcid:cannabis_store,Cannabis store,"Access, Breakfast, Brunch, Delivery, Dinner, Drive-through, Happy hours, Kitchen, Lunch, Online operating hours, Pick-up, Takeaway, Hours for the elderly",
gcid:cannery,Cannery,"Access, Breakfast, Brunch, Delivery, Dinner, Drive-through, Happy hours, Kitchen, Lunch, Online operating hours, Pick-up, Takeaway, Hours for the elderly",
gcid:canoe_and_kayak_club,Canoe and kayak club,"Access, Breakfast, Brunch, Delivery, Dinner, Drive-through, Happy hours, Kitchen, Lunch, Online operating hours, Pick-up, Takeaway, Hours for the elderly",
gcid:canoe_and_kayak_rental_service,Canoe & kayak rental service,"Access, Breakfast, Brunch, Delivery, Dinner, Drive-through, Happy hours, Kitchen, Lunch, Online operating hours, Pick-up, Takeaway, Hours for the elderly","Bike rental, Boat rental, Boating lessons, Camps, Canoe rental, Canoeing lessons, Group lessons, Kayak rental, Kayaking lessons, Private lessons, Sailing lessons, Standup paddling lessons, Windsurfing lessons"
gcid:canoe_and_kayak_store,Canoe & kayak store,"Access, Breakfast, Brunch, Delivery, Dinner, Drive-through, Happy hours, Kitchen, Lunch, Online operating hours, Pick-up, Takeaway, Hours for the elderly",
gcid:canoe_and_kayak_tour_agency,Canoe & kayak tour agency,"Access, Breakfast, Brunch, Delivery, Dinner, Drive-through, Happy hours, Kitchen, Lunch, Online operating hours, Pick-up, Takeaway, Hours for the elderly",
gcid:canoeing_area,Canoeing area,"Access, Breakfast, Brunch, Delivery, Dinner, Drive-through, Happy hours, Kitchen, Lunch, Online operating hours, Pick-up, Takeaway, Hours for the elderly",
gcid:cantabrian_restaurant,Cantabrian restaurant,"Access, Breakfast, Brunch, Delivery, Dinner, Drive-through, Happy hours, Kitchen, Lunch, Online operating hours, Takeaway, Hours for the elderly",
gcid:cantonese_restaurant,Cantonese restaurant,"Access, Breakfast, Brunch, Delivery, Dinner, Drive-through, Happy hours, Kitchen, Lunch, Online operating hours, Takeaway, Hours for the elderly",
gcid:cape_verdean_restaurant,Cape Verdean restaurant,"Access, Breakfast, Brunch, Delivery, Dinner, Drive-through, Happy hours, Kitchen, Lunch, Online operating hours, Takeaway, Hours for the elderly",
gcid:capoeira_school,Capoeira school,"Breakfast, Delivery, Dinner, Drive-through, Lunch, Online operating hours, Pick-up, Hours for the elderly",
gcid:capsule_hotel,Capsule hotel,"Access, Breakfast, Brunch, Delivery, Dinner, Drive-through, Happy hours, Kitchen, Lunch, Online operating hours, Pick-up, Takeaway, Hours for the elderly",
gcid:car_accessories_store,Car accessories store,"Access, Breakfast, Brunch, Delivery, Dinner, Drive-through, Happy hours, Kitchen, Lunch, Online operating hours, Pick-up, Takeaway, Hours for the elderly",
gcid:car_alarm_supplier,Car alarm supplier,"Access, Breakfast, Brunch, Delivery, Dinner, Drive-through, Happy hours, Kitchen, Lunch, Online operating hours, Pick-up, Takeaway, Hours for the elderly",
gcid:car_battery_store,Car battery store,"Access, Breakfast, Brunch, Delivery, Dinner, Drive-through, Happy hours, Kitchen, Lunch, Online operating hours, Pick-up, Takeaway, Hours for the elderly",
gcid:car_dealer,Car dealer,"Access, Breakfast, Brunch, Delivery, Dinner, Drive-through, Happy hours, Kitchen, Lunch, Online operating hours, Pick-up, Takeaway, Hours for the elderly",Financing
gcid:car_detailing_service,Car detailing service,"Access, Breakfast, Brunch, Delivery, Dinner, Drive-through, Happy hours, Kitchen, Lunch, Online operating hours, Pick-up, Takeaway, Hours for the elderly","Auto detailing, Car waxing, Clay bar treatment, Engine detailing, Exhaust tip polishing, Full body wash, Headlight polishing, Interior scenting, Auto interior vacuuming, Paint repair, Seat shampooing, Steam cleaning, Wheel washing, Window tinting"
gcid:car_factory,Car factory,"Access, Breakfast, Brunch, Delivery, Dinner, Drive-through, Happy hours, Kitchen, Lunch, Online operating hours, Pick-up, Takeaway, Hours for the elderly",
gcid:car_finance_and_loan_company,Car finance and loan company,"Breakfast, Dinner, Drive-through, Lunch, Online operating hours, Hours for the elderly",
gcid:car_inspection_station,Car inspection station,"Access, Breakfast, Brunch, Delivery, Dinner, Drive-through, Happy hours, Kitchen, Lunch, Online operating hours, Pick-up, Takeaway, Hours for the elderly",
gcid:car_leasing_service,Car leasing service,"Access, Breakfast, Brunch, Delivery, Dinner, Drive-through, Happy hours, Kitchen, Lunch, Online operating hours, Pick-up, Takeaway, Hours for the elderly","Car finding service, Car leasing, Financing, Lending, Test driving"
gcid:car_manufacturer,Car manufacturer,"Access, Breakfast, Brunch, Delivery, Dinner, Drive-through, Happy hours, Kitchen, Lunch, Online operating hours, Pick-up, Takeaway, Hours for the elderly",
gcid:car_race_track,Car racing venue,"Access, Breakfast, Brunch, Delivery, Dinner, Drive-through, Happy hours, Kitchen, Lunch, Online operating hours, Pick-up, Takeaway, Hours for the elderly",
gcid:car_rental_agency,Car rental agency,"Access, Breakfast, Brunch, Delivery, Dinner, Drive-through, Happy hours, Kitchen, Lunch, Online operating hours, Pick-up, Takeaway, Hours for the elderly","Delivery, Trailer rentals"
gcid:car_repair,Car repair and maintenance service,"Access, Breakfast, Brunch, Delivery, Dinner, Drive-through, Happy hours, Kitchen, Lunch, Online operating hours, Pick-up, Takeaway, Hours for the elderly","Air & cabin filter replacement, Battery, Body & Trim, Brake service & repair, Brakes, Air conditioning, Electrical, Auto engine diagnostic, Electrical repair, Exhaust, Oil change, Steering & suspension repair, Tires, Transmission, Transmission repair, Wheel alignment"
gcid:car_security_system_installer,Car security system installer,"Access, Breakfast, Brunch, Delivery, Dinner, Drive-through, Happy hours, Kitchen, Lunch, Online operating hours, Pick-up, Takeaway, Hours for the elderly",
gcid:car_service,Chauffeur service,"Access, Breakfast, Brunch, Delivery, Dinner, Drive-through, Happy hours, Kitchen, Lunch, Online operating hours, Pick-up, Takeaway, Hours for the elderly","Battery, Brake service & repair, Oil change, Transmission"
gcid:car_sharing_location,Car sharing location,"Access, Breakfast, Brunch, Delivery, Dinner, Drive-through, Happy hours, Kitchen, Lunch, Online operating hours, Pick-up, Takeaway, Hours for the elderly",
gcid:car_stereo_store,Car stereo store,"Access, Breakfast, Brunch, Delivery, Dinner, Drive-through, Happy hours, Kitchen, Lunch, Online operating hours, Pick-up, Takeaway, Hours for the elderly",
gcid:car_wash,Car wash,"Access, Breakfast, Brunch, Delivery, Dinner, Drive-through, Happy hours, Kitchen, Lunch, Online operating hours, Pick-up, Takeaway, Hours for the elderly","Auto detailing, Car waxing, Clay bar treatment, Delivery, Auto interior vacuuming, Polishing, Scratch removal, Vacuuming"
gcid:carabinieri_police,Carabinieri police,"Access, Breakfast, Brunch, Delivery, Dinner, Drive-through, Happy hours, Kitchen, Lunch, Online operating hours, Pick-up, Takeaway, Hours for the elderly",
gcid:cardiologist,Cardiologist,"Breakfast, Delivery, Dinner, Drive-through, Lunch, Online operating hours, Pick-up, Hours for the elderly",
gcid:cardiovascular_and_thoracic_surgeon,Cardiovascular and thoracic surgeon,"Breakfast, Delivery, Dinner, Drive-through, Lunch, Online operating hours, Pick-up, Hours for the elderly",
gcid:career_guidance_service,Career guidance service,"Access, Breakfast, Brunch, Delivery, Dinner, Drive-through, Happy hours, Kitchen, Lunch, Online operating hours, Pick-up, Takeaway, Hours for the elderly",
gcid:caribbean_restaurant,Caribbean restaurant,"Access, Breakfast, Brunch, Delivery, Dinner, Drive-through, Happy hours, Kitchen, Lunch, Online operating hours, Takeaway, Hours for the elderly",
gcid:carnival_club,Carnival club,"Access, Breakfast, Brunch, Delivery, Dinner, Drive-through, Happy hours, Kitchen, Lunch, Online operating hours, Pick-up, Takeaway, Hours for the elderly",
gcid:carpenter,Carpenter,"Access, Breakfast, Brunch, Delivery, Dinner, Drive-through, Happy hours, Kitchen, Lunch, Online operating hours, Pick-up, Takeaway, Hours for the elderly","Furniture assembly, Cabinet repair, Cabinet construction & installation, General carpentry & cabinetry services, Gutter cleaning, Closet construction & installation, Closet repair, Custom carpentry services, Custom closet design & installation, Deck construction, Deck repair, Drywall installation & repair, Fencing construction & installation, Fencing repair, Finish carpentry services, Repairs & maintenance, Remodeling, Drywall installation, Fan installation, Install flooring, Tile work installation, Plumbing fixture installation, Installation, TV mounting, Paint indoors, Exterior painting, Remodeling, Drywall repair, Fan repair, Repair flooring, Repair water fixtures, Tile work replacement, Rough carpentry services, Shelving/storage construction & installation, Shelving & storage repair, Staircase construction & installation, Staircase repair, Trim carpentry services"
gcid:carpet_cleaning_service,Carpet cleaning service,"Access, Breakfast, Brunch, Delivery, Dinner, Drive-through, Happy hours, Kitchen, Lunch, Online operating hours, Pick-up, Takeaway, Hours for the elderly","Carpet steam cleaning, Area rug cleaning, General carpet cleaning, Drapes & curtain cleaning, Upholstery cleaning, Leather cleaning, Mattress cleaning, Pet stain & odor removal"
gcid:carpet_installer,Carpet installer,"Access, Breakfast, Brunch, Delivery, Dinner, Drive-through, Happy hours, Kitchen, Lunch, Online operating hours, Pick-up, Takeaway, Hours for the elderly",
gcid:carpet_manufacturer,Carpet manufacturer,"Access, Breakfast, Brunch, Delivery, Dinner, Drive-through, Happy hours, Kitchen, Lunch, Online operating hours, Pick-up, Takeaway, Hours for the elderly",
gcid:carpet_store,Carpet store,"Access, Breakfast, Brunch, Delivery, Dinner, Drive-through, Happy hours, Kitchen, Lunch, Online operating hours, Pick-up, Takeaway, Hours for the elderly",
gcid:carpet_wholesaler,Carpet wholesaler,"Access, Breakfast, Brunch, Delivery, Dinner, Drive-through, Happy hours, Kitchen, Lunch, Online operating hours, Pick-up, Takeaway, Hours for the elderly",
gcid:carpool,Carpooling location,"Access, Breakfast, Brunch, Delivery, Dinner, Drive-through, Happy hours, Kitchen, Lunch, Online operating hours, Pick-up, Takeaway, Hours for the elderly",
gcid:carport_and_pergola_builder,Carport and pergola builder,"Access, Breakfast, Brunch, Delivery, Dinner, Drive-through, Happy hours, Kitchen, Lunch, Online operating hours, Pick-up, Takeaway, Hours for the elderly",
gcid:carriage_ride_service,Carriage ride service,"Access, Breakfast, Brunch, Delivery, Dinner, Drive-through, Happy hours, Kitchen, Lunch, Online operating hours, Pick-up, Takeaway, Hours for the elderly",
gcid:carvery_restaurant,Carvery,"Access, Breakfast, Brunch, Delivery, Dinner, Drive-through, Happy hours, Kitchen, Lunch, Online operating hours, Takeaway, Hours for the elderly",
gcid:cash_and_carry_wholesaler,Cash and carry wholesaler,"Access, Breakfast, Brunch, Delivery, Dinner, Drive-through, Happy hours, Kitchen, Lunch, Online operating hours, Pick-up, Takeaway, Hours for the elderly",
gcid:casino,Casino,"Access, Breakfast, Brunch, Delivery, Dinner, Drive-through, Happy hours, Kitchen, Lunch, Online operating hours, Pick-up, Takeaway, Hours for the elderly",
gcid:casino_hotel,Casino hotel,"Access, Breakfast, Brunch, Delivery, Dinner, Drive-through, Happy hours, Kitchen, Lunch, Online operating hours, Pick-up, Takeaway, Hours for the elderly",
gcid:casket_service,Casket service,"Access, Breakfast, Brunch, Delivery, Dinner, Drive-through, Happy hours, Kitchen, Lunch, Online operating hours, Pick-up, Takeaway, Hours for the elderly",
gcid:castilian_restaurant,Castilian restaurant,"Access, Breakfast, Brunch, Delivery, Dinner, Drive-through, Happy hours, Kitchen, Lunch, Online operating hours, Takeaway, Hours for the elderly",
gcid:castle,Castle,"Access, Breakfast, Brunch, Delivery, Dinner, Drive-through, Happy hours, Kitchen, Lunch, Online operating hours, Pick-up, Takeaway, Hours for the elderly",
gcid:casual_japanese_style_restaurant,Syokudo and Teishoku restaurant,"Access, Breakfast, Brunch, Delivery, Dinner, Drive-through, Happy hours, Kitchen, Lunch, Online operating hours, Takeaway, Hours for the elderly",
gcid:casual_sushi_restaurant,Conveyor belt sushi restaurant,"Access, Breakfast, Brunch, Delivery, Dinner, Drive-through, Happy hours, Kitchen, Lunch, Online operating hours, Takeaway, Hours for the elderly",
gcid:cat_boarding_service,Cat boarding service,"Access, Breakfast, Brunch, Delivery, Dinner, Drive-through, Happy hours, Kitchen, Lunch, Online operating hours, Pick-up, Takeaway, Hours for the elderly",
gcid:cat_breeder,Cat breeder,"Access, Breakfast, Brunch, Delivery, Dinner, Drive-through, Happy hours, Kitchen, Lunch, Online operating hours, Pick-up, Takeaway, Hours for the elderly",
gcid:cat_cafe,Cat cafe,"Access, Breakfast, Brunch, Delivery, Dinner, Drive-through, Happy hours, Kitchen, Lunch, Online operating hours, Pick-up, Takeaway, Hours for the elderly",
gcid:cat_trainer,Cat trainer,"Access, Breakfast, Brunch, Delivery, Dinner, Drive-through, Happy hours, Kitchen, Lunch, Online operating hours, Pick-up, Takeaway, Hours for the elderly",
gcid:catalonian_restaurant,Catalonian restaurant,"Access, Breakfast, Brunch, Delivery, Dinner, Drive-through, Happy hours, Kitchen, Lunch, Online operating hours, Takeaway, Hours for the elderly",
gcid:catering_equipment_rental_service,Catering equipment rental service,"Access, Breakfast, Brunch, Delivery, Dinner, Drive-through, Happy hours, Kitchen, Lunch, Online operating hours, Pick-up, Takeaway, Hours for the elderly",
gcid:catering_food_and_drink_supplies,Catering food and drink supplier,"Access, Breakfast, Brunch, Delivery, Dinner, Drive-through, Happy hours, Kitchen, Lunch, Online operating hours, Pick-up, Takeaway, Hours for the elderly",
gcid:catering_service,Caterer,"Access, Breakfast, Brunch, Delivery, Dinner, Drive-through, Happy hours, Kitchen, Lunch, Online operating hours, Pick-up, Takeaway, Hours for the elderly","Barbecue catering, Brunch catering, Buffet catering, Corporate catering, Dinner catering, Event catering, Graduation catering, Party catering, Personal chef catering, Private catering, Wedding catering"
gcid:cathedral,Cathedral,"Access, Breakfast, Brunch, Delivery, Dinner, Kitchen, Lunch, Online operating hours, Pick-up, Takeaway, Hours for the elderly, Prayer, Worship service",
gcid:catholic_cathedral,Catholic cathedral,"Access, Breakfast, Brunch, Delivery, Dinner, Kitchen, Lunch, Online operating hours, Pick-up, Takeaway, Hours for the elderly, Prayer, Worship service",
gcid:catholic_church,Catholic church,"Access, Breakfast, Brunch, Delivery, Dinner, Kitchen, Lunch, Online operating hours, Pick-up, Takeaway, Hours for the elderly, Prayer, Mass, Confession, Adoration, Worship service",
gcid:catholic_school,Catholic school,"Access, Breakfast, Brunch, Delivery, Dinner, Drive-through, Happy hours, Kitchen, Lunch, Online operating hours, Pick-up, Takeaway, Hours for the elderly",
gcid:cattery,Cattery,"Access, Breakfast, Brunch, Delivery, Dinner, Drive-through, Happy hours, Kitchen, Lunch, Online operating hours, Pick-up, Takeaway, Hours for the elderly",
gcid:cattle_farm,Cattle farm,"Access, Breakfast, Brunch, Delivery, Dinner, Drive-through, Happy hours, Kitchen, Lunch, Online operating hours, Pick-up, Takeaway, Hours for the elderly",
gcid:cattle_market,Cattle market,"Access, Breakfast, Brunch, Delivery, Dinner, Drive-through, Happy hours, Kitchen, Lunch, Online operating hours, Pick-up, Takeaway, Hours for the elderly",
gcid:caucasian_restaurant,Caucasian restaurant,"Access, Breakfast, Brunch, Delivery, Dinner, Drive-through, Happy hours, Kitchen, Lunch, Online operating hours, Takeaway, Hours for the elderly",
gcid:cbse_school,CBSE school,"Access, Breakfast, Brunch, Delivery, Dinner, Drive-through, Happy hours, Kitchen, Lunch, Online operating hours, Pick-up, Takeaway, Hours for the elderly",
gcid:cd_store,CD store,"Access, Breakfast, Brunch, Delivery, Dinner, Drive-through, Happy hours, Kitchen, Lunch, Online operating hours, Pick-up, Takeaway, Hours for the elderly",
gcid:ceiling_supplier,Ceiling supplier,"Access, Breakfast, Brunch, Delivery, Dinner, Drive-through, Happy hours, Kitchen, Lunch, Online operating hours, Pick-up, Takeaway, Hours for the elderly",
gcid:cell_phone_accessory_store,Cell phone accessory store,"Access, Breakfast, Brunch, Delivery, Dinner, Drive-through, Happy hours, Kitchen, Lunch, Online operating hours, Pick-up, Takeaway, Hours for the elderly",
gcid:cell_phone_charging_station,Cell phone charging station,"Access, Breakfast, Brunch, Delivery, Dinner, Drive-through, Happy hours, Kitchen, Lunch, Online operating hours, Pick-up, Takeaway, Hours for the elderly",
gcid:cell_phone_store,Cell phone store,"Access, Breakfast, Brunch, Delivery, Dinner, Drive-through, Happy hours, Kitchen, Lunch, Online operating hours, Pick-up, Takeaway, Hours for the elderly",
gcid:cement_manufacturer,Cement manufacturer,"Access, Breakfast, Brunch, Delivery, Dinner, Drive-through, Happy hours, Kitchen, Lunch, Online operating hours, Pick-up, Takeaway, Hours for the elderly",
gcid:cement_supplier,Cement supplier,"Access, Breakfast, Brunch, Delivery, Dinner, Drive-through, Happy hours, Kitchen, Lunch, Online operating hours, Pick-up, Takeaway, Hours for the elderly",
gcid:cemetery,Cemetery,"Access, Breakfast, Brunch, Delivery, Dinner, Drive-through, Happy hours, Kitchen, Lunch, Online operating hours, Pick-up, Takeaway, Hours for the elderly",
gcid:cendol_restaurant,Cendol restaurant,"Access, Breakfast, Brunch, Delivery, Dinner, Drive-through, Happy hours, Kitchen, Lunch, Online operating hours, Takeaway, Hours for the elderly",
gcid:central_american_restaurant,Central American restaurant,"Access, Breakfast, Brunch, Delivery, Dinner, Drive-through, Happy hours, Kitchen, Lunch, Online operating hours, Takeaway, Hours for the elderly",
gcid:central_bank,Central bank,"Breakfast, Dinner, Drive-through, Lunch, Online operating hours, Hours for the elderly",
gcid:central_european_restaurant,Central European restaurant,"Access, Breakfast, Brunch, Delivery, Dinner, Drive-through, Happy hours, Kitchen, Lunch, Online operating hours, Takeaway, Hours for the elderly",
gcid:central_javanese_restaurant,Central Javanese restaurant,"Access, Breakfast, Brunch, Delivery, Dinner, Drive-through, Happy hours, Kitchen, Lunch, Online operating hours, Takeaway, Hours for the elderly",
gcid:ceramic_manufacturer,Ceramic manufacturer,"Access, Breakfast, Brunch, Delivery, Dinner, Drive-through, Happy hours, Kitchen, Lunch, Online operating hours, Pick-up, Takeaway, Hours for the elderly",
gcid:ceramics_wholesaler,Ceramics wholesaler,"Access, Breakfast, Brunch, Delivery, Dinner, Drive-through, Happy hours, Kitchen, Lunch, Online operating hours, Pick-up, Takeaway, Hours for the elderly",
gcid:certification_agency,Certification agency,"Access, Breakfast, Brunch, Delivery, Dinner, Drive-through, Happy hours, Kitchen, Lunch, Online operating hours, Pick-up, Takeaway, Hours for the elderly",
gcid:certified_public_accountant,Certified public accountant,"Breakfast, Dinner, Drive-through, Lunch, Online operating hours, Hours for the elderly","Bankruptcy tax litigation, Business consulting, Business startup services, Business tax planning, Business tax return preparation, Debt collection relief assistance, Financial advising, General bookkeeping, Individual income tax return preparation, Individual tax planning, IRS representation & resolution, Payroll accounting, Trusts & estates accounting"
gcid:chalet,Chalet,"Access, Breakfast, Brunch, Delivery, Dinner, Drive-through, Happy hours, Kitchen, Lunch, Online operating hours, Pick-up, Takeaway, Hours for the elderly",
gcid:chamber_of_agriculture,Chamber of agriculture,"Access, Breakfast, Brunch, Delivery, Dinner, Drive-through, Happy hours, Kitchen, Lunch, Online operating hours, Pick-up, Takeaway, Hours for the elderly",
gcid:chamber_of_commerce,Chamber of Commerce,"Access, Breakfast, Brunch, Delivery, Dinner, Drive-through, Happy hours, Kitchen, Lunch, Online operating hours, Pick-up, Takeaway, Hours for the elderly",
gcid:chamber_of_handicrafts,Chamber of handicrafts,"Access, Breakfast, Brunch, Delivery, Dinner, Drive-through, Happy hours, Kitchen, Lunch, Online operating hours, Pick-up, Takeaway, Hours for the elderly",
gcid:champon_noodle_restaurant,Champon noodle restaurant,"Access, Breakfast, Brunch, Delivery, Dinner, Drive-through, Happy hours, Kitchen, Lunch, Online operating hours, Takeaway, Hours for the elderly",
gcid:chankonabe_restaurant,Chanko restaurant,"Access, Breakfast, Brunch, Delivery, Dinner, Drive-through, Happy hours, Kitchen, Lunch, Online operating hours, Takeaway, Hours for the elderly",
gcid:chapel,Chapel,"Access, Breakfast, Brunch, Delivery, Dinner, Kitchen, Lunch, Online operating hours, Pick-up, Takeaway, Hours for the elderly, Prayer, Worship service",
gcid:charcuterie,Charcuterie,"Access, Breakfast, Brunch, Delivery, Dinner, Drive-through, Happy hours, Kitchen, Lunch, Online operating hours, Pick-up, Takeaway, Hours for the elderly",
gcid:charity,Charity,"Access, Breakfast, Brunch, Delivery, Dinner, Drive-through, Happy hours, Kitchen, Lunch, Online operating hours, Pick-up, Takeaway, Hours for the elderly",
gcid:charter_school,Charter school,"Access, Breakfast, Brunch, Delivery, Dinner, Drive-through, Happy hours, Kitchen, Lunch, Online operating hours, Pick-up, Takeaway, Hours for the elderly",Career counseling
gcid:chartered_accountant,Chartered accountant,"Breakfast, Dinner, Drive-through, Lunch, Online operating hours, Hours for the elderly",
gcid:check_cashing_service,Check cashing service,"Breakfast, Dinner, Drive-through, Lunch, Online operating hours, Hours for the elderly","Bill paying, Business check cashing, Cashier's checks, Direct deposits, Government benefits check cashing, Installment loans, Money orders, Money transfers, Payday loans, Payroll check cashing, Personal check cashing, Student loan check cashing, Tax refund check cashing, Title loans"
gcid:cheese_manufacturer,Cheese manufacturer,"Access, Breakfast, Brunch, Delivery, Dinner, Drive-through, Happy hours, Kitchen, Lunch, Online operating hours, Pick-up, Takeaway, Hours for the elderly",
gcid:cheese_shop,Cheese shop,"Access, Breakfast, Brunch, Delivery, Dinner, Drive-through, Happy hours, Kitchen, Lunch, Online operating hours, Pick-up, Takeaway, Hours for the elderly",
gcid:cheesesteak_restaurant,Cheesesteak restaurant,"Access, Breakfast, Brunch, Delivery, Dinner, Drive-through, Happy hours, Kitchen, Lunch, Online operating hours, Takeaway, Hours for the elderly",
gcid:chemical_engineer,Chemical engineering service,"Access, Breakfast, Brunch, Delivery, Dinner, Drive-through, Happy hours, Kitchen, Lunch, Online operating hours, Pick-up, Takeaway, Hours for the elderly",
gcid:chemical_exporter,Chemical exporter,"Access, Breakfast, Brunch, Delivery, Dinner, Drive-through, Happy hours, Kitchen, Lunch, Online operating hours, Pick-up, Takeaway, Hours for the elderly",
gcid:chemical_manufacturer,Chemical manufacturer,"Access, Breakfast, Brunch, Delivery, Dinner, Drive-through, Happy hours, Kitchen, Lunch, Online operating hours, Pick-up, Takeaway, Hours for the elderly",
gcid:chemical_plant,Chemical plant,"Access, Breakfast, Brunch, Delivery, Dinner, Drive-through, Happy hours, Kitchen, Lunch, Online operating hours, Pick-up, Takeaway, Hours for the elderly",
gcid:chemical_recycling_and_disposal,Chemical recycling and disposal service,"Access, Breakfast, Brunch, Delivery, Dinner, Drive-through, Happy hours, Kitchen, Lunch, Online operating hours, Pick-up, Takeaway, Hours for the elderly",
gcid:chemical_wholesaler,Chemical wholesaler,"Access, Breakfast, Brunch, Delivery, Dinner, Drive-through, Happy hours, Kitchen, Lunch, Online operating hours, Pick-up, Takeaway, Hours for the elderly",
gcid:chemistry_faculty,Faculty of chemistry,"Access, Breakfast, Brunch, Delivery, Dinner, Drive-through, Happy hours, Kitchen, Lunch, Online operating hours, Pick-up, Takeaway, Hours for the elderly",
gcid:chemistry_lab,Chemistry lab,"Access, Breakfast, Brunch, Delivery, Dinner, Drive-through, Happy hours, Kitchen, Lunch, Online operating hours, Pick-up, Takeaway, Hours for the elderly",
gcid:chesapeake_restaurant,Chesapeake restaurant,"Access, Breakfast, Brunch, Delivery, Dinner, Drive-through, Happy hours, Kitchen, Lunch, Online operating hours, Takeaway, Hours for the elderly",
gcid:chess_and_card_club,Chess and card club,"Access, Breakfast, Brunch, Delivery, Dinner, Drive-through, Happy hours, Kitchen, Lunch, Online operating hours, Pick-up, Takeaway, Hours for the elderly",
gcid:chess_club,Chess club,"Access, Breakfast, Brunch, Delivery, Dinner, Drive-through, Happy hours, Kitchen, Lunch, Online operating hours, Pick-up, Takeaway, Hours for the elderly",
gcid:chess_instructor,Chess instructor,"Access, Breakfast, Brunch, Delivery, Dinner, Drive-through, Happy hours, Kitchen, Lunch, Online operating hours, Pick-up, Takeaway, Hours for the elderly",
gcid:chettinad_restaurtant,Chettinad restaurant,"Access, Breakfast, Brunch, Delivery, Dinner, Drive-through, Happy hours, Kitchen, Lunch, Online operating hours, Takeaway, Hours for the elderly",
gcid:chevrolet_dealer,Chevrolet dealer,"Access, Breakfast, Brunch, Delivery, Dinner, Drive-through, Happy hours, Kitchen, Lunch, Online operating hours, Pick-up, Takeaway, Hours for the elderly",
gcid:chicken_restaurant,Chicken restaurant,"Access, Breakfast, Brunch, Delivery, Dinner, Drive-through, Happy hours, Kitchen, Lunch, Online operating hours, Takeaway, Hours for the elderly",
gcid:chicken_shop,Chicken shop,"Access, Breakfast, Brunch, Delivery, Dinner, Drive-through, Happy hours, Kitchen, Lunch, Online operating hours, Takeaway, Hours for the elderly",
gcid:chicken_wings_restaurant,Chicken wings restaurant,"Access, Breakfast, Brunch, Delivery, Dinner, Drive-through, Happy hours, Kitchen, Lunch, Online operating hours, Takeaway, Hours for the elderly",
gcid:child_care_agency,Child care agency,"Access, Breakfast, Brunch, Delivery, Dinner, Drive-through, Happy hours, Kitchen, Lunch, Online operating hours, Pick-up, Takeaway, Hours for the elderly",
gcid:child_health_care_centre,Child health care center,"Breakfast, Delivery, Dinner, Drive-through, Lunch, Online operating hours, Pick-up, Hours for the elderly",
gcid:child_psychiatrist,Child psychiatrist,"Breakfast, Delivery, Dinner, Drive-through, Lunch, Online operating hours, Pick-up, Hours for the elderly",
gcid:child_psychologist,Child psychologist,"Breakfast, Delivery, Dinner, Drive-through, Lunch, Online operating hours, Pick-up, Hours for the elderly",
gcid:child_psychotherapist,Child psychotherapist,"Breakfast, Delivery, Dinner, Drive-through, Lunch, Online operating hours, Pick-up, Hours for the elderly",
gcid:childbirth_class,Childbirth class,"Access, Breakfast, Brunch, Delivery, Dinner, Drive-through, Happy hours, Kitchen, Lunch, Online operating hours, Pick-up, Takeaway, Hours for the elderly",
gcid:children_amusement_center,Children's amusement center,"Access, Breakfast, Brunch, Delivery, Dinner, Drive-through, Happy hours, Kitchen, Lunch, Online operating hours, Pick-up, Takeaway, Hours for the elderly",
gcid:children_hall,Children hall,"Access, Breakfast, Brunch, Delivery, Dinner, Drive-through, Happy hours, Kitchen, Lunch, Online operating hours, Pick-up, Takeaway, Hours for the elderly",
gcid:children_policlinic,Children Policlinic,"Breakfast, Delivery, Dinner, Drive-through, Lunch, Online operating hours, Pick-up, Hours for the elderly",
gcid:childrens_book_store,Children's book store,"Access, Breakfast, Brunch, Delivery, Dinner, Drive-through, Happy hours, Kitchen, Lunch, Online operating hours, Pick-up, Takeaway, Hours for the elderly",
gcid:childrens_cafe,Children's cafe,"Access, Breakfast, Brunch, Delivery, Dinner, Drive-through, Happy hours, Kitchen, Lunch, Online operating hours, Takeaway, Hours for the elderly",
gcid:childrens_clothing_store,Children's clothing store,"Access, Breakfast, Brunch, Delivery, Dinner, Drive-through, Happy hours, Kitchen, Lunch, Online operating hours, Pick-up, Takeaway, Hours for the elderly",
gcid:childrens_club,Children's club,"Access, Breakfast, Brunch, Delivery, Dinner, Drive-through, Happy hours, Kitchen, Lunch, Online operating hours, Pick-up, Takeaway, Hours for the elderly",
gcid:childrens_farm,Children's farm,"Access, Breakfast, Brunch, Delivery, Dinner, Drive-through, Happy hours, Kitchen, Lunch, Online operating hours, Pick-up, Takeaway, Hours for the elderly",
gcid:childrens_furniture_store,Children's furniture store,"Access, Breakfast, Brunch, Delivery, Dinner, Drive-through, Happy hours, Kitchen, Lunch, Online operating hours, Pick-up, Takeaway, Hours for the elderly",
gcid:childrens_home,Children's home,"Access, Breakfast, Brunch, Delivery, Dinner, Drive-through, Happy hours, Kitchen, Lunch, Online operating hours, Pick-up, Takeaway, Hours for the elderly",
gcid:childrens_hospital,Children's hospital,"Breakfast, Delivery, Dinner, Drive-through, Lunch, Online operating hours, Pick-up, Hours for the elderly",
gcid:childrens_library,Children's library,"Access, Breakfast, Brunch, Delivery, Dinner, Drive-through, Happy hours, Kitchen, Lunch, Online operating hours, Pick-up, Takeaway, Hours for the elderly",
gcid:childrens_museum,Children's museum,"Access, Breakfast, Brunch, Delivery, Dinner, Drive-through, Happy hours, Kitchen, Lunch, Online operating hours, Pick-up, Takeaway, Hours for the elderly",
gcid:childrens_party_buffet,Children's party buffet,"Access, Breakfast, Brunch, Delivery, Dinner, Drive-through, Happy hours, Kitchen, Lunch, Online operating hours, Pick-up, Takeaway, Hours for the elderly","Baby showers, Birthday parties, Catering, Event decor design, Event management, Fundraisers, Games & attractions, Group events, Holiday parties, Photo booth rentals, Photography, School events, School party, Theme parties"
gcid:childrens_party_service,Children's party service,"Access, Breakfast, Brunch, Delivery, Dinner, Drive-through, Happy hours, Kitchen, Lunch, Online operating hours, Pick-up, Takeaway, Hours for the elderly","Birthday party planning, Bounce house rentals, Catering, Character entertainment services, Face painting, Inflatable kid's attractions rentals, Invitation printing, Musical performances, Party decoration services, Party entertainment services, Princess party planning, Table & chair rentals, Theme party"
gcid:childrens_store,Children's store,"Access, Breakfast, Brunch, Delivery, Dinner, Drive-through, Happy hours, Kitchen, Lunch, Online operating hours, Pick-up, Takeaway, Hours for the elderly",
gcid:childrens_theater,Children's theater,"Access, Breakfast, Brunch, Delivery, Dinner, Drive-through, Happy hours, Kitchen, Lunch, Online operating hours, Pick-up, Takeaway, Hours for the elderly",
gcid:chilean_restaurant,Chilean restaurant,"Access, Breakfast, Brunch, Delivery, Dinner, Drive-through, Happy hours, Kitchen, Lunch, Online operating hours, Takeaway, Hours for the elderly",
gcid:chimney_services,Chimney services,"Access, Breakfast, Brunch, Delivery, Dinner, Drive-through, Happy hours, Kitchen, Lunch, Online operating hours, Pick-up, Takeaway, Hours for the elderly",
gcid:chimney_sweep,Chimney sweep,"Access, Breakfast, Brunch, Delivery, Dinner, Drive-through, Happy hours, Kitchen, Lunch, Online operating hours, Pick-up, Takeaway, Hours for the elderly","Animal removal, Chimney cleaning, Chimney fan installation, Chimney flue cleaning, Chimney inspections, Chimney repair & restoration, Downdraft repair, Dryer vent cleaning, Fire prevention, Fireplace installations, Rain cap installation, Smoke chamber cleaning, Stove & fireplace cleaning"
gcid:chinaware_store,Chinaware store,"Access, Breakfast, Brunch, Delivery, Dinner, Drive-through, Happy hours, Kitchen, Lunch, Online operating hours, Pick-up, Takeaway, Hours for the elderly",
gcid:chinese_language_instructor,Chinese language instructor,"Access, Breakfast, Brunch, Delivery, Dinner, Drive-through, Happy hours, Kitchen, Lunch, Online operating hours, Pick-up, Takeaway, Hours for the elderly",
gcid:chinese_language_school,Chinese language school,"Access, Breakfast, Brunch, Delivery, Dinner, Drive-through, Happy hours, Kitchen, Lunch, Online operating hours, Pick-up, Takeaway, Hours for the elderly",
gcid:chinese_medicine_clinic,Chinese medicine clinic,"Breakfast, Delivery, Dinner, Drive-through, Lunch, Online operating hours, Pick-up, Hours for the elderly",
gcid:chinese_medicine_store,Chinese medicine store,"Breakfast, Delivery, Dinner, Drive-through, Lunch, Online operating hours, Pick-up, Hours for the elderly",
gcid:chinese_noodle_restaurant,Chinese noodle restaurant,"Access, Breakfast, Brunch, Delivery, Dinner, Drive-through, Happy hours, Kitchen, Lunch, Online operating hours, Takeaway, Hours for the elderly",
gcid:chinese_pastry,Chinese bakery,"Access, Breakfast, Brunch, Delivery, Dinner, Drive-through, Happy hours, Kitchen, Lunch, Online operating hours, Takeaway, Hours for the elderly",
gcid:chinese_restaurant,Chinese restaurant,"Access, Breakfast, Brunch, Delivery, Dinner, Drive-through, Happy hours, Kitchen, Lunch, Online operating hours, Takeaway, Hours for the elderly",
gcid:chinese_supermarket,Chinese supermarket,"Access, Breakfast, Brunch, Delivery, Dinner, Drive-through, Happy hours, Kitchen, Lunch, Online operating hours, Pick-up, Takeaway, Hours for the elderly",
gcid:chinese_takeaway,Chinese takeaway,"Access, Breakfast, Brunch, Delivery, Dinner, Drive-through, Happy hours, Kitchen, Lunch, Online operating hours, Takeaway, Hours for the elderly",
gcid:chinese_tea_house,Chinese tea house,"Access, Breakfast, Brunch, Delivery, Dinner, Drive-through, Happy hours, Kitchen, Lunch, Online operating hours, Pick-up, Takeaway, Hours for the elderly",
gcid:chiropractor,Chiropractor,"Breakfast, Delivery, Dinner, Drive-through, Lunch, Online operating hours, Pick-up, Hours for the elderly",
gcid:chocolate_artisan,Chocolate artisan,"Access, Breakfast, Brunch, Delivery, Dinner, Drive-through, Happy hours, Kitchen, Lunch, Online operating hours, Pick-up, Takeaway, Hours for the elderly",
gcid:chocolate_cafe,Chocolate cafe,"Access, Breakfast, Brunch, Delivery, Dinner, Drive-through, Happy hours, Kitchen, Lunch, Online operating hours, Takeaway, Hours for the elderly",
gcid:chocolate_factory,Chocolate factory,"Access, Breakfast, Brunch, Delivery, Dinner, Drive-through, Happy hours, Kitchen, Lunch, Online operating hours, Pick-up, Takeaway, Hours for the elderly",
gcid:chocolate_shop,Chocolate shop,"Access, Breakfast, Brunch, Delivery, Dinner, Drive-through, Happy hours, Kitchen, Lunch, Online operating hours, Takeaway, Hours for the elderly",
gcid:choir,Choir,"Access, Breakfast, Brunch, Delivery, Dinner, Drive-through, Happy hours, Kitchen, Lunch, Online operating hours, Pick-up, Takeaway, Hours for the elderly",
gcid:chop_bar,Chop bar,"Access, Breakfast, Brunch, Delivery, Dinner, Drive-through, Happy hours, Kitchen, Lunch, Online operating hours, Takeaway, Hours for the elderly",
gcid:chophouse_restaurant,Chophouse restaurant,"Access, Breakfast, Brunch, Delivery, Dinner, Drive-through, Happy hours, Kitchen, Lunch, Online operating hours, Takeaway, Hours for the elderly",
gcid:christian_book_store,Christian book store,"Access, Breakfast, Brunch, Delivery, Dinner, Drive-through, Happy hours, Kitchen, Lunch, Online operating hours, Pick-up, Takeaway, Hours for the elderly",
gcid:christian_church,Christian church,"Access, Breakfast, Brunch, Delivery, Dinner, Kitchen, Lunch, Online operating hours, Pick-up, Takeaway, Hours for the elderly, Prayer, Worship service",Weddings
gcid:christian_college,Christian college,"Access, Breakfast, Brunch, Delivery, Dinner, Drive-through, Happy hours, Kitchen, Lunch, Online operating hours, Pick-up, Takeaway, Hours for the elderly",
gcid:christmas_market,Christmas market,"Access, Breakfast, Brunch, Delivery, Dinner, Drive-through, Happy hours, Kitchen, Lunch, Online operating hours, Pick-up, Takeaway, Hours for the elderly",
gcid:christmas_store,Christmas store,"Access, Breakfast, Brunch, Delivery, Dinner, Drive-through, Happy hours, Kitchen, Lunch, Online operating hours, Pick-up, Takeaway, Hours for the elderly",
gcid:christmas_tree_farm,Christmas tree farm,"Access, Breakfast, Brunch, Delivery, Dinner, Drive-through, Happy hours, Kitchen, Lunch, Online operating hours, Pick-up, Takeaway, Hours for the elderly",
gcid:chrysler_dealer,Chrysler dealer,"Access, Breakfast, Brunch, Delivery, Dinner, Drive-through, Happy hours, Kitchen, Lunch, Online operating hours, Pick-up, Takeaway, Hours for the elderly",
gcid:church,Church,"Access, Breakfast, Brunch, Delivery, Dinner, Kitchen, Lunch, Online operating hours, Pick-up, Takeaway, Hours for the elderly, Prayer, Worship service",
gcid:church_council_office,Church council office,"Access, Breakfast, Brunch, Delivery, Dinner, Kitchen, Lunch, Online operating hours, Pick-up, Takeaway, Hours for the elderly",
gcid:church_of_christ,Church of Christ,"Access, Breakfast, Brunch, Delivery, Dinner, Kitchen, Lunch, Online operating hours, Pick-up, Takeaway, Hours for the elderly, Prayer, Worship service",
gcid:church_of_jesus_christ_of_latter_day_saints,Church of Jesus Christ of Latter-day Saints,"Access, Breakfast, Brunch, Delivery, Dinner, Kitchen, Lunch, Online operating hours, Pick-up, Takeaway, Hours for the elderly, Prayer, Worship service",
gcid:church_of_the_nazarene,Church of the Nazarene,"Access, Breakfast, Brunch, Delivery, Dinner, Kitchen, Lunch, Online operating hours, Pick-up, Takeaway, Hours for the elderly, Prayer, Worship service",
gcid:church_supply_store,Church supply store,"Access, Breakfast, Brunch, Delivery, Dinner, Drive-through, Happy hours, Kitchen, Lunch, Online operating hours, Pick-up, Takeaway, Hours for the elderly",
gcid:churreria,Churreria,"Access, Breakfast, Brunch, Delivery, Dinner, Drive-through, Happy hours, Kitchen, Lunch, Online operating hours, Takeaway, Hours for the elderly",
gcid:cider_bar,Cider bar,"Access, Breakfast, Brunch, Delivery, Dinner, Drive-through, Happy hours, Kitchen, Lunch, Online operating hours, Takeaway, Hours for the elderly",
gcid:cider_mill,Cider mill,"Access, Breakfast, Brunch, Delivery, Dinner, Drive-through, Happy hours, Kitchen, Lunch, Online operating hours, Pick-up, Takeaway, Hours for the elderly",
gcid:cig_kofte_restaurant,Cig kofte restaurant,"Access, Breakfast, Brunch, Delivery, Dinner, Drive-through, Happy hours, Kitchen, Lunch, Online operating hours, Takeaway, Hours for the elderly",
gcid:cigar_shop,Cigar shop,"Access, Breakfast, Brunch, Delivery, Dinner, Drive-through, Happy hours, Kitchen, Lunch, Online operating hours, Pick-up, Takeaway, Hours for the elderly",
gcid:cinema_equipment_supplier,Cinema equipment supplier,"Access, Breakfast, Brunch, Delivery, Dinner, Drive-through, Happy hours, Kitchen, Lunch, Online operating hours, Pick-up, Takeaway, Hours for the elderly",
gcid:circus,Circus,"Access, Breakfast, Brunch, Delivery, Dinner, Drive-through, Happy hours, Kitchen, Lunch, Online operating hours, Pick-up, Takeaway, Hours for the elderly",
gcid:citizen_information_bureau,Citizen information bureau,"Access, Breakfast, Brunch, Delivery, Dinner, Drive-through, Happy hours, Kitchen, Lunch, Online operating hours, Pick-up, Takeaway, Hours for the elderly",
gcid:citroen_dealer,Citroen dealer,"Access, Breakfast, Brunch, Delivery, Dinner, Drive-through, Happy hours, Kitchen, Lunch, Online operating hours, Pick-up, Takeaway, Hours for the elderly",
gcid:city_clerks_office,City clerk's office,"Access, Breakfast, Brunch, Delivery, Dinner, Drive-through, Happy hours, Kitchen, Lunch, Online operating hours, Pick-up, Takeaway, Hours for the elderly",
gcid:city_courthouse,City courthouse,"Access, Breakfast, Brunch, Delivery, Dinner, Drive-through, Happy hours, Kitchen, Lunch, Online operating hours, Pick-up, Takeaway, Hours for the elderly",
gcid:city_department_of_transportation,City department of transportation,"Access, Breakfast, Brunch, Delivery, Dinner, Drive-through, Happy hours, Kitchen, Lunch, Online operating hours, Pick-up, Takeaway, Hours for the elderly",
gcid:city_district_office,City district office,"Access, Breakfast, Brunch, Delivery, Dinner, Drive-through, Happy hours, Kitchen, Lunch, Online operating hours, Pick-up, Takeaway, Hours for the elderly",
gcid:city_employment_department,City employment department,"Access, Breakfast, Brunch, Delivery, Dinner, Drive-through, Happy hours, Kitchen, Lunch, Online operating hours, Pick-up, Takeaway, Hours for the elderly",
gcid:city_government_office,City government office,"Access, Breakfast, Brunch, Delivery, Dinner, Drive-through, Happy hours, Kitchen, Lunch, Online operating hours, Pick-up, Takeaway, Hours for the elderly",
gcid:city_hall,City or town hall,"Access, Breakfast, Brunch, Delivery, Dinner, Drive-through, Happy hours, Kitchen, Lunch, Online operating hours, Pick-up, Takeaway, Hours for the elderly",
gcid:city_park,City park,"Access, Breakfast, Brunch, Delivery, Dinner, Drive-through, Happy hours, Kitchen, Lunch, Online operating hours, Pick-up, Takeaway, Hours for the elderly",
gcid:city_pillar_shine,City pillar shrine,"Access, Breakfast, Brunch, Delivery, Dinner, Kitchen, Lunch, Online operating hours, Pick-up, Takeaway, Hours for the elderly, Prayer",
gcid:city_tax_office,City tax office,"Breakfast, Dinner, Drive-through, Lunch, Online operating hours, Hours for the elderly",
gcid:civic_center,Civic center,"Access, Breakfast, Brunch, Delivery, Dinner, Drive-through, Happy hours, Kitchen, Lunch, Online operating hours, Pick-up, Takeaway, Hours for the elderly",
gcid:civil_defence,Civil defense,"Access, Breakfast, Brunch, Delivery, Dinner, Drive-through, Happy hours, Kitchen, Lunch, Online operating hours, Pick-up, Takeaway, Hours for the elderly",
gcid:civil_engineer,Civil engineer,"Access, Breakfast, Brunch, Delivery, Dinner, Drive-through, Happy hours, Kitchen, Lunch, Online operating hours, Pick-up, Takeaway, Hours for the elderly",Refurbishment
gcid:civil_engineering_company,Civil engineering company,"Access, Breakfast, Brunch, Delivery, Dinner, Drive-through, Happy hours, Kitchen, Lunch, Online operating hours, Pick-up, Takeaway, Hours for the elderly",
gcid:civil_examinations_academy,Civil examinations academy,"Access, Breakfast, Brunch, Delivery, Dinner, Drive-through, Happy hours, Kitchen, Lunch, Online operating hours, Pick-up, Takeaway, Hours for the elderly",
gcid:civil_law_attorney,Civil law attorney,"Access, Breakfast, Brunch, Delivery, Dinner, Drive-through, Happy hours, Kitchen, Lunch, Online operating hours, Pick-up, Takeaway, Hours for the elderly",
gcid:civil_police,Civil police,"Access, Breakfast, Brunch, Delivery, Dinner, Drive-through, Happy hours, Kitchen, Lunch, Online operating hours, Pick-up, Takeaway, Hours for the elderly",
gcid:classified_ads_newspaper_publisher,Classified ads newspaper publisher,"Access, Breakfast, Brunch, Delivery, Dinner, Drive-through, Happy hours, Kitchen, Lunch, Online operating hours, Pick-up, Takeaway, Hours for the elderly",
gcid:cleaners,Cleaners,"Access, Breakfast, Brunch, Delivery, Dinner, Drive-through, Happy hours, Kitchen, Lunch, Online operating hours, Pick-up, Takeaway, Hours for the elderly","Upholstery cleaning, Deep clean, Mattress cleaning, Moving-related cleaning, Office & workplace cleaning, Standard cleaning, Interior & exterior window cleaning"
gcid:cleaning_products_supplier,Cleaning products supplier,"Access, Breakfast, Brunch, Delivery, Dinner, Drive-through, Happy hours, Kitchen, Lunch, Online operating hours, Pick-up, Takeaway, Hours for the elderly",Delivery
gcid:clergyman,Clergyman,"Access, Breakfast, Brunch, Delivery, Dinner, Drive-through, Happy hours, Kitchen, Lunch, Online operating hours, Pick-up, Takeaway, Hours for the elderly",
gcid:clock_repair_service,Clock repair service,"Access, Breakfast, Brunch, Delivery, Dinner, Drive-through, Happy hours, Kitchen, Lunch, Online operating hours, Pick-up, Takeaway, Hours for the elderly",
gcid:clock_watch_maker,Clock and watch maker,"Access, Breakfast, Brunch, Delivery, Dinner, Drive-through, Happy hours, Kitchen, Lunch, Online operating hours, Pick-up, Takeaway, Hours for the elderly",
gcid:closed_circuit_television,Closed circuit television,"Access, Breakfast, Brunch, Delivery, Dinner, Drive-through, Happy hours, Kitchen, Lunch, Online operating hours, Pick-up, Takeaway, Hours for the elderly",
gcid:clothes_and_fabric_manufacturer,Clothes and fabric manufacturer,"Access, Breakfast, Brunch, Delivery, Dinner, Drive-through, Happy hours, Kitchen, Lunch, Online operating hours, Pick-up, Takeaway, Hours for the elderly",
gcid:clothes_and_fabric_wholesaler,Clothes and fabric wholesaler,"Access, Breakfast, Brunch, Delivery, Dinner, Drive-through, Happy hours, Kitchen, Lunch, Online operating hours, Pick-up, Takeaway, Hours for the elderly",
gcid:clothes_market,Clothes market,"Access, Breakfast, Brunch, Delivery, Dinner, Drive-through, Happy hours, Kitchen, Lunch, Online operating hours, Pick-up, Takeaway, Hours for the elderly",
gcid:clothing_alteration_service,Clothing alteration service,"Access, Breakfast, Brunch, Delivery, Dinner, Drive-through, Happy hours, Kitchen, Lunch, Online operating hours, Pick-up, Takeaway, Hours for the elderly","Alterations, Blouse alterations, Bridesmaid dress alterations, Kids' clothing alterations, Coat & jacket alterations, Custom made clothing, Custom tailoring, Drapery & curtains alterations, Dress alterations, Dry cleaning, General embroidery, Formal wear tailoring, Hem repairs, Leather repair, Men's clothing alterations, Pants alterations, Pants hemming, Shirt tailoring, Suit resizing, Suit tailoring, Uniform tailoring, Wedding gown alterations, Women's clothing alterations, Zipper replacement"
gcid:clothing_store,Clothing store,"Access, Breakfast, Brunch, Delivery, Dinner, Drive-through, Happy hours, Kitchen, Lunch, Online operating hours, Pick-up, Takeaway, Hours for the elderly",
gcid:clothing_supplier,Clothing supplier,"Access, Breakfast, Brunch, Delivery, Dinner, Drive-through, Happy hours, Kitchen, Lunch, Online operating hours, Pick-up, Takeaway, Hours for the elderly",
gcid:clothing_wholesale_market_place,Clothing wholesale market place,"Access, Breakfast, Brunch, Delivery, Dinner, Drive-through, Happy hours, Kitchen, Lunch, Online operating hours, Pick-up, Takeaway, Hours for the elderly",
gcid:clothing_wholesaler,Clothing wholesaler,"Access, Breakfast, Brunch, Delivery, Dinner, Drive-through, Happy hours, Kitchen, Lunch, Online operating hours, Pick-up, Takeaway, Hours for the elderly",
gcid:club,Club,"Access, Breakfast, Brunch, Delivery, Dinner, Drive-through, Happy hours, Kitchen, Lunch, Online operating hours, Pick-up, Takeaway, Hours for the elderly",
gcid:cng_fittment_center,CNG fitment center,"Access, Breakfast, Brunch, Delivery, Dinner, Drive-through, Happy hours, Kitchen, Lunch, Online operating hours, Pick-up, Takeaway, Hours for the elderly",
gcid:cng_station,Compressed natural gas station,"Access, Breakfast, Brunch, Delivery, Dinner, Drive-through, Happy hours, Kitchen, Lunch, Online operating hours, Pick-up, Takeaway, Hours for the elderly",
gcid:coach_hire,Coach and minibus hire,"Access, Breakfast, Brunch, Delivery, Dinner, Drive-through, Happy hours, Kitchen, Lunch, Online operating hours, Pick-up, Takeaway, Hours for the elderly",
gcid:coaching_center,Coaching center,"Access, Breakfast, Brunch, Delivery, Dinner, Drive-through, Happy hours, Kitchen, Lunch, Online operating hours, Pick-up, Takeaway, Hours for the elderly",
gcid:coal_exporter,Coal exporter,"Access, Breakfast, Brunch, Delivery, Dinner, Drive-through, Happy hours, Kitchen, Lunch, Online operating hours, Pick-up, Takeaway, Hours for the elderly",
gcid:coal_supplier,Coal supplier,"Access, Breakfast, Brunch, Delivery, Dinner, Drive-through, Happy hours, Kitchen, Lunch, Online operating hours, Pick-up, Takeaway, Hours for the elderly",
gcid:coalfield,Coalfield,"Access, Breakfast, Brunch, Delivery, Dinner, Drive-through, Happy hours, Kitchen, Lunch, Online operating hours, Pick-up, Takeaway, Hours for the elderly",
gcid:coast_guard_station,Coast guard station,"Access, Breakfast, Brunch, Delivery, Dinner, Drive-through, Happy hours, Kitchen, Lunch, Online operating hours, Pick-up, Takeaway, Hours for the elderly",
gcid:cocktail_bar,Cocktail bar,"Access, Breakfast, Brunch, Delivery, Dinner, Drive-through, Happy hours, Kitchen, Lunch, Online operating hours, Takeaway, Hours for the elderly",
gcid:coed_school,Co-ed school,"Access, Breakfast, Brunch, Delivery, Dinner, Drive-through, Happy hours, Kitchen, Lunch, Online operating hours, Pick-up, Takeaway, Hours for the elderly",
gcid:coffee_machine_supplier,Coffee machine supplier,"Access, Breakfast, Brunch, Delivery, Dinner, Drive-through, Happy hours, Kitchen, Lunch, Online operating hours, Pick-up, Takeaway, Hours for the elderly",
gcid:coffee_roasters,Coffee roastery,"Access, Breakfast, Brunch, Delivery, Dinner, Drive-through, Happy hours, Kitchen, Lunch, Online operating hours, Pick-up, Takeaway, Hours for the elderly",
gcid:coffee_shop,Coffee shop,"Access, Breakfast, Brunch, Delivery, Dinner, Drive-through, Happy hours, Kitchen, Lunch, Online operating hours, Takeaway, Hours for the elderly",
gcid:coffee_stand,Coffee stand,"Access, Breakfast, Brunch, Delivery, Dinner, Drive-through, Happy hours, Kitchen, Lunch, Online operating hours, Pick-up, Takeaway, Hours for the elderly",
gcid:coffee_store,Coffee store,"Access, Breakfast, Brunch, Delivery, Dinner, Drive-through, Happy hours, Kitchen, Lunch, Online operating hours, Pick-up, Takeaway, Hours for the elderly",
gcid:coffee_vending_machine,Coffee vending machine,"Access, Breakfast, Brunch, Delivery, Dinner, Drive-through, Happy hours, Kitchen, Lunch, Online operating hours, Pick-up, Takeaway, Hours for the elderly",
gcid:coffee_wholesaler,Coffee wholesaler,"Access, Breakfast, Brunch, Delivery, Dinner, Drive-through, Happy hours, Kitchen, Lunch, Online operating hours, Pick-up, Takeaway, Hours for the elderly",
gcid:coffin_supplier,Coffin supplier,"Access, Breakfast, Brunch, Delivery, Dinner, Drive-through, Happy hours, Kitchen, Lunch, Online operating hours, Pick-up, Takeaway, Hours for the elderly",
gcid:coin_dealer,Coin dealer,"Access, Breakfast, Brunch, Delivery, Dinner, Drive-through, Happy hours, Kitchen, Lunch, Online operating hours, Pick-up, Takeaway, Hours for the elderly",
gcid:coin_operated_laundry_equipment_supplier,Coin operated laundry equipment supplier,"Access, Breakfast, Brunch, Delivery, Dinner, Drive-through, Happy hours, Kitchen, Lunch, Online operating hours, Pick-up, Takeaway, Hours for the elderly",
gcid:coin_operated_locker,Coin operated locker,"Access, Breakfast, Brunch, Delivery, Dinner, Drive-through, Happy hours, Kitchen, Lunch, Online operating hours, Pick-up, Takeaway, Hours for the elderly",
gcid:cold_cut_store,Cold cut store,"Access, Breakfast, Brunch, Delivery, Dinner, Drive-through, Happy hours, Kitchen, Lunch, Online operating hours, Pick-up, Takeaway, Hours for the elderly",
gcid:cold_noodle_restaurant,Cold noodle restaurant,"Access, Breakfast, Brunch, Delivery, Dinner, Drive-through, Happy hours, Kitchen, Lunch, Online operating hours, Takeaway, Hours for the elderly",
gcid:cold_storage_facility,Cold storage facility,"Access, Breakfast, Brunch, Delivery, Dinner, Drive-through, Happy hours, Kitchen, Lunch, Online operating hours, Pick-up, Takeaway, Hours for the elderly",
gcid:collectibles_store,Collectibles store,"Access, Breakfast, Brunch, Delivery, Dinner, Drive-through, Happy hours, Kitchen, Lunch, Online operating hours, Pick-up, Takeaway, Hours for the elderly",
gcid:college,College,"Access, Breakfast, Brunch, Delivery, Dinner, Drive-through, Happy hours, Kitchen, Lunch, Online operating hours, Pick-up, Takeaway, Hours for the elderly",
gcid:college_of_agriculture,College of agriculture,"Access, Breakfast, Brunch, Delivery, Dinner, Drive-through, Happy hours, Kitchen, Lunch, Online operating hours, Pick-up, Takeaway, Hours for the elderly",
gcid:colombian_restaurant,Colombian restaurant,"Access, Breakfast, Brunch, Delivery, Dinner, Drive-through, Happy hours, Kitchen, Lunch, Online operating hours, Takeaway, Hours for the elderly",
gcid:combined_primary_and_secondary_school,Combined primary and secondary school,"Access, Breakfast, Brunch, Delivery, Dinner, Drive-through, Happy hours, Kitchen, Lunch, Online operating hours, Pick-up, Takeaway, Hours for the elderly",
gcid:comedy_club,Comedy club,"Access, Breakfast, Brunch, Delivery, Dinner, Drive-through, Happy hours, Kitchen, Lunch, Online operating hours, Pick-up, Takeaway, Hours for the elderly",
gcid:comic_book_store,Comic book store,"Access, Breakfast, Brunch, Delivery, Dinner, Drive-through, Happy hours, Kitchen, Lunch, Online operating hours, Pick-up, Takeaway, Hours for the elderly",
gcid:comic_cafe,Comic cafe,"Access, Breakfast, Brunch, Delivery, Dinner, Drive-through, Happy hours, Kitchen, Lunch, Online operating hours, Pick-up, Takeaway, Hours for the elderly",
gcid:commercial_agent,Commercial agent,"Access, Breakfast, Brunch, Delivery, Dinner, Drive-through, Happy hours, Kitchen, Lunch, Online operating hours, Pick-up, Takeaway, Hours for the elderly",
gcid:commercial_printer,Commercial printer,"Access, Breakfast, Brunch, Delivery, Dinner, Drive-through, Happy hours, Kitchen, Lunch, Online operating hours, Pick-up, Takeaway, Hours for the elderly","Books, Business documents, Calendars, Catalogs, Custom envelopes, Custom name tags, Digital printing, Flyers & brochures, Fulfillment services, Letterhead & business cards, Magazines, Newsletters, Posters, Signs"
gcid:commercial_real_estate_agency,Commercial real estate agency,"Access, Breakfast, Brunch, Delivery, Dinner, Drive-through, Happy hours, Kitchen, Lunch, Online operating hours, Pick-up, Takeaway, Hours for the elderly","Appraisals, Property auctions, Commercial building leasing, Commercial building rentals, Commercial land leasing & sales, Commercial property marketing, Commercial real estate financing, Industrial park leasing, New construction sales & leasing, Office space leasing, Land leasing & sales, Project management, Property management, Retail store leasing"
gcid:commercial_real_estate_inspector,Commercial real estate inspector,"Access, Breakfast, Brunch, Delivery, Dinner, Drive-through, Happy hours, Kitchen, Lunch, Online operating hours, Pick-up, Takeaway, Hours for the elderly",
gcid:commercial_refrigerator_supplier,Commercial refrigerator supplier,"Access, Breakfast, Brunch, Delivery, Dinner, Drive-through, Happy hours, Kitchen, Lunch, Online operating hours, Pick-up, Takeaway, Hours for the elderly",
gcid:commissioner_for_oaths,Commissioner for Oaths,"Access, Breakfast, Brunch, Delivery, Dinner, Drive-through, Happy hours, Kitchen, Lunch, Online operating hours, Pick-up, Takeaway, Hours for the elderly",
gcid:community_center,Community center,"Access, Breakfast, Brunch, Delivery, Dinner, Drive-through, Happy hours, Kitchen, Lunch, Online operating hours, Pick-up, Takeaway, Hours for the elderly",Space rental
gcid:community_college,Community college,"Access, Breakfast, Brunch, Delivery, Dinner, Drive-through, Happy hours, Kitchen, Lunch, Online operating hours, Pick-up, Takeaway, Hours for the elderly",
gcid:community_garden,Community garden,"Access, Breakfast, Brunch, Delivery, Dinner, Drive-through, Happy hours, Kitchen, Lunch, Online operating hours, Pick-up, Takeaway, Hours for the elderly",
gcid:community_health_center,Community health center,"Breakfast, Delivery, Dinner, Drive-through, Lunch, Online operating hours, Pick-up, Hours for the elderly",
gcid:community_school,Community school,"Access, Breakfast, Brunch, Delivery, Dinner, Drive-through, Happy hours, Kitchen, Lunch, Online operating hours, Pick-up, Takeaway, Hours for the elderly",
gcid:company_registry,Company registry,"Access, Breakfast, Brunch, Delivery, Dinner, Drive-through, Happy hours, Kitchen, Lunch, Online operating hours, Pick-up, Takeaway, Hours for the elderly",
gcid:comprehensive_secondary_school,Comprehensive secondary school,"Access, Breakfast, Brunch, Delivery, Dinner, Drive-through, Happy hours, Kitchen, Lunch, Online operating hours, Pick-up, Takeaway, Hours for the elderly",
gcid:computer_accessories_store,Computer accessories store,"Access, Breakfast, Brunch, Delivery, Dinner, Drive-through, Happy hours, Kitchen, Lunch, Online operating hours, Pick-up, Takeaway, Hours for the elderly",
gcid:computer_club,Computer club,"Access, Breakfast, Brunch, Delivery, Dinner, Drive-through, Happy hours, Kitchen, Lunch, Online operating hours, Pick-up, Takeaway, Hours for the elderly",
gcid:computer_consultant,Computer consultant,"Access, Breakfast, Brunch, Delivery, Dinner, Drive-through, Happy hours, Kitchen, Lunch, Online operating hours, Pick-up, Takeaway, Hours for the elderly",It consulting
gcid:computer_desk_store,Computer desk store,"Access, Breakfast, Brunch, Delivery, Dinner, Drive-through, Happy hours, Kitchen, Lunch, Online operating hours, Pick-up, Takeaway, Hours for the elderly",
gcid:computer_hardware_manufacturer,Computer hardware manufacturer,"Access, Breakfast, Brunch, Delivery, Dinner, Drive-through, Happy hours, Kitchen, Lunch, Online operating hours, Pick-up, Takeaway, Hours for the elderly",
gcid:computer_networking_center,Computer networking service,"Access, Breakfast, Brunch, Delivery, Dinner, Drive-through, Happy hours, Kitchen, Lunch, Online operating hours, Pick-up, Takeaway, Hours for the elderly",
gcid:computer_repair_service,Computer repair service,"Access, Breakfast, Brunch, Delivery, Dinner, Drive-through, Happy hours, Kitchen, Lunch, Online operating hours, Pick-up, Takeaway, Hours for the elderly","Installation, It consulting, Tablet repair"
gcid:computer_security_service,Computer security service,"Access, Breakfast, Brunch, Delivery, Dinner, Drive-through, Happy hours, Kitchen, Lunch, Online operating hours, Pick-up, Takeaway, Hours for the elderly",It consulting
gcid:computer_service,Computer service,"Access, Breakfast, Brunch, Delivery, Dinner, Drive-through, Happy hours, Kitchen, Lunch, Online operating hours, Pick-up, Takeaway, Hours for the elderly",It consulting
gcid:computer_software_store,Computer software store,"Access, Breakfast, Brunch, Delivery, Dinner, Drive-through, Happy hours, Kitchen, Lunch, Online operating hours, Pick-up, Takeaway, Hours for the elderly",
gcid:computer_store,Computer store,"Access, Breakfast, Brunch, Delivery, Dinner, Drive-through, Happy hours, Kitchen, Lunch, Online operating hours, Pick-up, Takeaway, Hours for the elderly",
gcid:computer_support_and_services,Computer support and services,"Access, Breakfast, Brunch, Delivery, Dinner, Drive-through, Happy hours, Kitchen, Lunch, Online operating hours, Pick-up, Takeaway, Hours for the elderly","Installation, It consulting"
gcid:computer_training_school,Computer training school,"Access, Breakfast, Brunch, Delivery, Dinner, Drive-through, Happy hours, Kitchen, Lunch, Online operating hours, Pick-up, Takeaway, Hours for the elderly","Advanced classes, Group lessons, Private lessons"
gcid:computer_wholesaler,Computer wholesaler,"Access, Breakfast, Brunch, Delivery, Dinner, Drive-through, Happy hours, Kitchen, Lunch, Online operating hours, Pick-up, Takeaway, Hours for the elderly",
gcid:concert_hall,Concert hall,"Access, Breakfast, Brunch, Delivery, Dinner, Drive-through, Happy hours, Kitchen, Lunch, Online operating hours, Pick-up, Takeaway, Hours for the elderly",
gcid:concrete_contractor,Concrete contractor,"Access, Breakfast, Brunch, Delivery, Dinner, Drive-through, Happy hours, Kitchen, Lunch, Online operating hours, Pick-up, Takeaway, Hours for the elderly","Basement waterproofing, Construction cleanup, Concrete countertop installation, Concrete cutting, Concrete leveling, Concrete repairs, Concrete resurfacing, Crawl space foundation construction, Demolition, Driveway installation, Driveway repairs, Concrete driveway building, Flooring, Concrete footings, Foundation drainage, Foundation installation, Foundation raising, Foundation repair, Foundations, General repairs & maintenance, Concrete highway building, Concrete parking lot building, General paving, Retaining walls, Concrete sidewalk building, Slab foundation building, Stamped concrete services, Structural construction assistance, Water & moisture control services"
gcid:concrete_factory,Concrete factory,"Access, Breakfast, Brunch, Delivery, Dinner, Drive-through, Happy hours, Kitchen, Lunch, Online operating hours, Pick-up, Takeaway, Hours for the elderly",
gcid:concrete_metal_framework_supplier,Concrete metal framework supplier,"Access, Breakfast, Brunch, Delivery, Dinner, Drive-through, Happy hours, Kitchen, Lunch, Online operating hours, Pick-up, Takeaway, Hours for the elderly",
gcid:concrete_product_supplier,Concrete product supplier,"Access, Breakfast, Brunch, Delivery, Dinner, Drive-through, Happy hours, Kitchen, Lunch, Online operating hours, Pick-up, Takeaway, Hours for the elderly",
gcid:condiments_supplier,Condiments supplier,"Access, Breakfast, Brunch, Delivery, Dinner, Drive-through, Happy hours, Kitchen, Lunch, Online operating hours, Pick-up, Takeaway, Hours for the elderly",
gcid:condominium_complex,Condominium complex,"Access, Breakfast, Brunch, Delivery, Dinner, Drive-through, Happy hours, Kitchen, Lunch, Online operating hours, Pick-up, Takeaway, Hours for the elderly",
gcid:condominium_rental_agency,Condominium rental agency,"Access, Breakfast, Brunch, Delivery, Dinner, Drive-through, Happy hours, Kitchen, Lunch, Online operating hours, Pick-up, Takeaway, Hours for the elderly","Condo rental property listing services, General real estate services, Condo rental listing services, Property management, Condo rental marketing, Condo rental searches"
gcid:confectionery,Confectionery store,"Access, Breakfast, Brunch, Delivery, Dinner, Drive-through, Happy hours, Kitchen, Lunch, Online operating hours, Pick-up, Takeaway, Hours for the elderly",
gcid:confectionery_wholesaler,Confectionery wholesaler,"Access, Breakfast, Brunch, Delivery, Dinner, Drive-through, Happy hours, Kitchen, Lunch, Online operating hours, Pick-up, Takeaway, Hours for the elderly",
gcid:conference_center,Conference center,"Access, Breakfast, Brunch, Delivery, Dinner, Drive-through, Happy hours, Kitchen, Lunch, Online operating hours, Pick-up, Takeaway, Hours for the elderly",
gcid:congregation,Congregation,"Access, Breakfast, Brunch, Delivery, Dinner, Kitchen, Lunch, Online operating hours, Pick-up, Takeaway, Hours for the elderly, Prayer, Worship service",
gcid:conservative_club,Conservative club,"Access, Breakfast, Brunch, Delivery, Dinner, Drive-through, Happy hours, Kitchen, Lunch, Online operating hours, Pick-up, Takeaway, Hours for the elderly",
gcid:conservative_synagogue,Conservative synagogue,"Access, Breakfast, Brunch, Delivery, Dinner, Kitchen, Lunch, Online operating hours, Pick-up, Takeaway, Hours for the elderly, Prayer, Shabbat service",
gcid:conservatory_of_music,Conservatory of music,"Access, Breakfast, Brunch, Delivery, Dinner, Drive-through, Happy hours, Kitchen, Lunch, Online operating hours, Pick-up, Takeaway, Hours for the elderly",
gcid:consignment_shop,Consignment shop,"Access, Breakfast, Brunch, Delivery, Dinner, Drive-through, Happy hours, Kitchen, Lunch, Online operating hours, Pick-up, Takeaway, Hours for the elderly",
gcid:consolidated_rental_car_center,Consolidated rental car center,"Access, Breakfast, Brunch, Delivery, Dinner, Drive-through, Happy hours, Kitchen, Lunch, Online operating hours, Pick-up, Takeaway, Hours for the elderly",
gcid:construction_company,Construction company,"Access, Breakfast, Brunch, Delivery, Dinner, Drive-through, Happy hours, Kitchen, Lunch, Online operating hours, Pick-up, Takeaway, Hours for the elderly","Accessory building construction, Furniture assembly, Basement waterproofing, Bathroom remodeling, Building construction, Civil engineering consulting, Gutter cleaning, Concrete construction, Concrete pouring, Concrete work, Construction management, Crawl space foundation construction, Custom home building, Deck construction, Demolition, Construction site excavation, Exterior structural repairs, Foundation drainage, Foundation installation, Foundation pouring, Foundation raising, Repairs & maintenance, Remodeling, Home addition construction, Home building, Home renovations, Drywall installation, Fan installation, Install flooring, Tile work installation, Plumbing fixture installation, Interior structural repairs, Kitchen remodeling, Commercial machinery rental, Metal building construction, TV mounting, New building construction, Paint indoors, Exterior painting, Patio construction, Pole building construction, Refurbishment, Drywall repair, Fan repair, Repair flooring, Repair water fixtures, Tile work replacement, Road construction, Roof installation, Roof repair, Slab foundation construction, Steel building construction, Steel pier piling construction, Water & moisture control services"
gcid:construction_equipment_supplier,Construction equipment supplier,"Access, Breakfast, Brunch, Delivery, Dinner, Drive-through, Happy hours, Kitchen, Lunch, Online operating hours, Pick-up, Takeaway, Hours for the elderly","Flooring, Industrial equipment"
gcid:construction_machine_dealer,Construction machine dealer,"Access, Breakfast, Brunch, Delivery, Dinner, Drive-through, Happy hours, Kitchen, Lunch, Online operating hours, Pick-up, Takeaway, Hours for the elderly",
gcid:construction_machine_rental_service,Construction machine rental service,"Access, Breakfast, Brunch, Delivery, Dinner, Drive-through, Happy hours, Kitchen, Lunch, Online operating hours, Pick-up, Takeaway, Hours for the elderly",
gcid:construction_material_wholesaler,Construction material wholesaler,"Access, Breakfast, Brunch, Delivery, Dinner, Drive-through, Happy hours, Kitchen, Lunch, Online operating hours, Pick-up, Takeaway, Hours for the elderly",
gcid:consultant,Consultant,"Access, Breakfast, Brunch, Delivery, Dinner, Drive-through, Happy hours, Kitchen, Lunch, Online operating hours, Pick-up, Takeaway, Hours for the elderly",
gcid:consumer_advice_center,Consumer advice center,"Access, Breakfast, Brunch, Delivery, Dinner, Drive-through, Happy hours, Kitchen, Lunch, Online operating hours, Pick-up, Takeaway, Hours for the elderly",
gcid:contact_lenses_supplier,Contact lenses supplier,"Breakfast, Delivery, Dinner, Drive-through, Lunch, Online operating hours, Pick-up, Hours for the elderly",
gcid:container_service,Container service,"Access, Breakfast, Brunch, Delivery, Dinner, Drive-through, Happy hours, Kitchen, Lunch, Online operating hours, Pick-up, Takeaway, Hours for the elderly",
gcid:container_supplier,Container supplier,"Access, Breakfast, Brunch, Delivery, Dinner, Drive-through, Happy hours, Kitchen, Lunch, Online operating hours, Pick-up, Takeaway, Hours for the elderly",
gcid:container_terminal,Container terminal,"Access, Breakfast, Brunch, Delivery, Dinner, Drive-through, Happy hours, Kitchen, Lunch, Online operating hours, Pick-up, Takeaway, Hours for the elderly",
gcid:containers_supplier,Containers supplier,"Access, Breakfast, Brunch, Delivery, Dinner, Drive-through, Happy hours, Kitchen, Lunch, Online operating hours, Pick-up, Takeaway, Hours for the elderly",
gcid:contemporary_louisiana_restaurant,Contemporary Louisiana restaurant,"Access, Breakfast, Brunch, Delivery, Dinner, Drive-through, Happy hours, Kitchen, Lunch, Online operating hours, Takeaway, Hours for the elderly",
gcid:continental_restaurant,Continental restaurant,"Access, Breakfast, Brunch, Delivery, Dinner, Drive-through, Happy hours, Kitchen, Lunch, Online operating hours, Takeaway, Hours for the elderly",
gcid:contractor,Contractor,"Access, Breakfast, Brunch, Delivery, Dinner, Drive-through, Happy hours, Kitchen, Lunch, Online operating hours, Pick-up, Takeaway, Hours for the elderly","Accessory building construction, A/C services, Furniture assembly, Basement remodeling, Bathroom remodeling, Carpentry services, Gutter cleaning, Concrete pouring, General construction, Deck construction, Exterior structural repairs, Flooring, Flooring repair, Foundation pouring, General repairs, Remodeling, Home addition construction, Home building, Home renovations, Drywall installation, Fan installation, Install flooring, Tile work installation, Plumbing fixture installation, Installation, Interior structural repairs, Kitchen remodeling, TV mounting, Paint indoors, Exterior painting, Patio construction, Plumbing services, Drywall repair, Fan repair, Repair flooring, Repair water fixtures, Tile work replacement, Roof installation, Roof repair, Waterproofing"
gcid:convenience_store,Convenience store,"Access, Breakfast, Brunch, Delivery, Dinner, Drive-through, Happy hours, Kitchen, Lunch, Online operating hours, Pick-up, Takeaway, Hours for the elderly",
gcid:convention_center,Convention center,"Access, Breakfast, Brunch, Delivery, Dinner, Drive-through, Happy hours, Kitchen, Lunch, Online operating hours, Pick-up, Takeaway, Hours for the elderly",
gcid:convention_information_bureau,Convention information bureau,"Access, Breakfast, Brunch, Delivery, Dinner, Drive-through, Happy hours, Kitchen, Lunch, Online operating hours, Pick-up, Takeaway, Hours for the elderly",
gcid:conveyancer,Conveyancer,"Access, Breakfast, Brunch, Delivery, Dinner, Drive-through, Happy hours, Kitchen, Lunch, Online operating hours, Pick-up, Takeaway, Hours for the elderly",
gcid:cookie_shop,Cookie shop,"Access, Breakfast, Brunch, Delivery, Dinner, Drive-through, Happy hours, Kitchen, Lunch, Online operating hours, Takeaway, Hours for the elderly",
gcid:cooking_class,Cooking class,"Access, Breakfast, Brunch, Delivery, Dinner, Drive-through, Happy hours, Kitchen, Lunch, Online operating hours, Pick-up, Takeaway, Hours for the elderly","Couples cooking, Group lessons, Private events, Private lessons, Team building event planning, Youth classes"
gcid:cooking_school,Cooking school,"Access, Breakfast, Brunch, Delivery, Dinner, Drive-through, Happy hours, Kitchen, Lunch, Online operating hours, Pick-up, Takeaway, Hours for the elderly",
gcid:cooling_plant,Cooling plant,"Access, Breakfast, Brunch, Delivery, Dinner, Drive-through, Happy hours, Kitchen, Lunch, Online operating hours, Pick-up, Takeaway, Hours for the elderly",
gcid:cooperative_bank,Cooperative bank,"Breakfast, Dinner, Drive-through, Lunch, Online operating hours, Hours for the elderly",
gcid:copier_repair_service,Copier repair service,"Access, Breakfast, Brunch, Delivery, Dinner, Drive-through, Happy hours, Kitchen, Lunch, Online operating hours, Pick-up, Takeaway, Hours for the elderly",
gcid:copper_supplier,Copper supplier,"Access, Breakfast, Brunch, Delivery, Dinner, Drive-through, Happy hours, Kitchen, Lunch, Online operating hours, Pick-up, Takeaway, Hours for the elderly",
gcid:coppersmith,Coppersmith,"Access, Breakfast, Brunch, Delivery, Dinner, Drive-through, Happy hours, Kitchen, Lunch, Online operating hours, Pick-up, Takeaway, Hours for the elderly",
gcid:copy_shop,Copy shop,"Access, Breakfast, Brunch, Delivery, Dinner, Drive-through, Happy hours, Kitchen, Lunch, Online operating hours, Pick-up, Takeaway, Hours for the elderly",Flyers & brochures
gcid:copying_supply_store,Copying supply store,"Access, Breakfast, Brunch, Delivery, Dinner, Drive-through, Happy hours, Kitchen, Lunch, Online operating hours, Pick-up, Takeaway, Hours for the elderly",
gcid:copywriting_service,Copywriting service,"Access, Breakfast, Brunch, Delivery, Dinner, Drive-through, Happy hours, Kitchen, Lunch, Online operating hours, Pick-up, Takeaway, Hours for the elderly",
gcid:corporate_campus,Corporate campus,"Access, Breakfast, Brunch, Delivery, Dinner, Drive-through, Happy hours, Kitchen, Lunch, Online operating hours, Pick-up, Takeaway, Hours for the elderly",
gcid:corporate_gift_supplier,Corporate gift supplier,"Access, Breakfast, Brunch, Delivery, Dinner, Drive-through, Happy hours, Kitchen, Lunch, Online operating hours, Pick-up, Takeaway, Hours for the elderly",
gcid:corporate_office,Corporate office,"Access, Breakfast, Brunch, Delivery, Dinner, Drive-through, Happy hours, Kitchen, Lunch, Online operating hours, Pick-up, Takeaway, Hours for the elderly","Cleaning, Guards, Security services"
gcid:cosmetic_dentist,Cosmetic dentist,"Breakfast, Delivery, Dinner, Drive-through, Lunch, Online operating hours, Pick-up, Hours for the elderly",Teeth whitening
gcid:cosmetic_products_manufacturer,Cosmetic products manufacturer,"Access, Breakfast, Brunch, Delivery, Dinner, Drive-through, Happy hours, Kitchen, Lunch, Online operating hours, Pick-up, Takeaway, Hours for the elderly",
gcid:cosmetic_surgeon,Cosmetic surgeon,"Breakfast, Delivery, Dinner, Drive-through, Lunch, Online operating hours, Pick-up, Hours for the elderly",
gcid:cosmetics_industry,Cosmetics industry,"Access, Breakfast, Brunch, Delivery, Dinner, Drive-through, Happy hours, Kitchen, Lunch, Online operating hours, Pick-up, Takeaway, Hours for the elderly",
gcid:cosmetics_store,Cosmetics store,"Access, Breakfast, Brunch, Delivery, Dinner, Drive-through, Happy hours, Kitchen, Lunch, Online operating hours, Pick-up, Takeaway, Hours for the elderly",
gcid:cosmetics_wholesaler,Cosmetics wholesaler,"Access, Breakfast, Brunch, Delivery, Dinner, Drive-through, Happy hours, Kitchen, Lunch, Online operating hours, Pick-up, Takeaway, Hours for the elderly",
gcid:cosplay_cafe,Cosplay cafe,"Access, Breakfast, Brunch, Delivery, Dinner, Drive-through, Happy hours, Kitchen, Lunch, Online operating hours, Takeaway, Hours for the elderly",
gcid:cost_accounting_service,Cost accounting service,"Breakfast, Dinner, Drive-through, Lunch, Online operating hours, Hours for the elderly",
gcid:costa_rican_restaurant,Costa Rican restaurant,"Access, Breakfast, Brunch, Delivery, Dinner, Drive-through, Happy hours, Kitchen, Lunch, Online operating hours, Takeaway, Hours for the elderly",
gcid:costume_jewelry_shop,Costume jewelry shop,"Access, Breakfast, Brunch, Delivery, Dinner, Drive-through, Happy hours, Kitchen, Lunch, Online operating hours, Pick-up, Takeaway, Hours for the elderly",
gcid:costume_rental_service,Costume rental service,"Access, Breakfast, Brunch, Delivery, Dinner, Drive-through, Happy hours, Kitchen, Lunch, Online operating hours, Pick-up, Takeaway, Hours for the elderly","Adult costume rental, Child costume rental, Christmas costume rental, Halloween costume rental, Mascot rental, Show costume rental"
gcid:costume_store,Costume store,"Access, Breakfast, Brunch, Delivery, Dinner, Drive-through, Happy hours, Kitchen, Lunch, Online operating hours, Pick-up, Takeaway, Hours for the elderly",
gcid:cottage,Cottage,"Access, Breakfast, Brunch, Delivery, Dinner, Drive-through, Happy hours, Kitchen, Lunch, Online operating hours, Pick-up, Takeaway, Hours for the elderly",
gcid:cottage_rental,Cottage rental,"Access, Breakfast, Brunch, Delivery, Dinner, Drive-through, Happy hours, Kitchen, Lunch, Online operating hours, Pick-up, Takeaway, Hours for the elderly","Bill paying, Location consulting, Online rental application, Private tours, Tenant representation, Virtual property tours"
gcid:cotton_exporter,Cotton exporter,"Access, Breakfast, Brunch, Delivery, Dinner, Drive-through, Happy hours, Kitchen, Lunch, Online operating hours, Pick-up, Takeaway, Hours for the elderly",
gcid:cotton_mill,Cotton mill,"Access, Breakfast, Brunch, Delivery, Dinner, Drive-through, Happy hours, Kitchen, Lunch, Online operating hours, Pick-up, Takeaway, Hours for the elderly",
gcid:cotton_supplier,Cotton supplier,"Access, Breakfast, Brunch, Delivery, Dinner, Drive-through, Happy hours, Kitchen, Lunch, Online operating hours, Pick-up, Takeaway, Hours for the elderly",
gcid:council,Council,"Access, Breakfast, Brunch, Delivery, Dinner, Drive-through, Happy hours, Kitchen, Lunch, Online operating hours, Pick-up, Takeaway, Hours for the elderly",
gcid:counselor,Counselor,"Breakfast, Delivery, Dinner, Drive-through, Lunch, Online operating hours, Pick-up, Hours for the elderly",
gcid:countertop_contractor,Countertop contractor,"Access, Breakfast, Brunch, Delivery, Dinner, Drive-through, Happy hours, Kitchen, Lunch, Online operating hours, Pick-up, Takeaway, Hours for the elderly",
gcid:countertop_store,Countertop store,"Access, Breakfast, Brunch, Delivery, Dinner, Drive-through, Happy hours, Kitchen, Lunch, Online operating hours, Pick-up, Takeaway, Hours for the elderly",
gcid:country_club,Country club,"Access, Breakfast, Brunch, Delivery, Dinner, Drive-through, Happy hours, Kitchen, Lunch, Online operating hours, Pick-up, Takeaway, Hours for the elderly",
gcid:country_food_restaurant,Country food restaurant,"Access, Breakfast, Brunch, Delivery, Dinner, Drive-through, Happy hours, Kitchen, Lunch, Online operating hours, Takeaway, Hours for the elderly",
gcid:country_house,Country house,"Access, Breakfast, Brunch, Delivery, Dinner, Drive-through, Happy hours, Kitchen, Lunch, Online operating hours, Pick-up, Takeaway, Hours for the elderly",
gcid:country_park,Country park,"Access, Breakfast, Brunch, Delivery, Dinner, Drive-through, Happy hours, Kitchen, Lunch, Online operating hours, Pick-up, Takeaway, Hours for the elderly",
gcid:county_government_office,County government office,"Access, Breakfast, Brunch, Delivery, Dinner, Drive-through, Happy hours, Kitchen, Lunch, Online operating hours, Pick-up, Takeaway, Hours for the elderly",
gcid:courier_service,Courier service,"Access, Breakfast, Brunch, Delivery, Dinner, Drive-through, Happy hours, Kitchen, Lunch, Online operating hours, Pick-up, Takeaway, Hours for the elderly",
gcid:court_executive_officer,Court executive officer,"Access, Breakfast, Brunch, Delivery, Dinner, Drive-through, Happy hours, Kitchen, Lunch, Online operating hours, Pick-up, Takeaway, Hours for the elderly",
gcid:court_reporter,Court reporter,"Access, Breakfast, Brunch, Delivery, Dinner, Drive-through, Happy hours, Kitchen, Lunch, Online operating hours, Pick-up, Takeaway, Hours for the elderly",
gcid:couscous_restaurant,Couscous restaurant,"Access, Breakfast, Brunch, Delivery, Dinner, Drive-through, Happy hours, Kitchen, Lunch, Online operating hours, Takeaway, Hours for the elderly",
gcid:coworking_space,Coworking space,"Access, Breakfast, Brunch, Delivery, Dinner, Drive-through, Happy hours, Kitchen, Lunch, Online operating hours, Pick-up, Takeaway, Hours for the elderly",
gcid:crab_dish_restaurant,Crab house,"Access, Breakfast, Brunch, Delivery, Dinner, Drive-through, Happy hours, Kitchen, Lunch, Online operating hours, Takeaway, Hours for the elderly",
gcid:craft_store,Craft store,"Access, Breakfast, Brunch, Delivery, Dinner, Drive-through, Happy hours, Kitchen, Lunch, Online operating hours, Pick-up, Takeaway, Hours for the elderly",
gcid:cramming_school,Cramming school,"Access, Breakfast, Brunch, Delivery, Dinner, Drive-through, Happy hours, Kitchen, Lunch, Online operating hours, Pick-up, Takeaway, Hours for the elderly",
gcid:crane_dealer,Crane dealer,"Access, Breakfast, Brunch, Delivery, Dinner, Drive-through, Happy hours, Kitchen, Lunch, Online operating hours, Pick-up, Takeaway, Hours for the elderly",
gcid:crane_rental_agency,Crane rental agency,"Access, Breakfast, Brunch, Delivery, Dinner, Drive-through, Happy hours, Kitchen, Lunch, Online operating hours, Pick-up, Takeaway, Hours for the elderly",
gcid:crane_service,Crane service,"Access, Breakfast, Brunch, Delivery, Dinner, Drive-through, Happy hours, Kitchen, Lunch, Online operating hours, Pick-up, Takeaway, Hours for the elderly","Construction & steel erection, Crane operation, Crane rental, Hauling, Hvac, Modular home sets, Outdoor signs, Roofing, Sheds, Swimming pools & hot tubs, Tree removal, Trusses"
gcid:craniosacral_therapy,Craniosacral therapy,"Breakfast, Delivery, Dinner, Drive-through, Lunch, Online operating hours, Pick-up, Hours for the elderly",
gcid:credit_counseling_service,Credit counseling service,"Breakfast, Dinner, Drive-through, Lunch, Online operating hours, Hours for the elderly","Bankruptcy counseling, Business credit services, Business loans, Chexsystems removal, Credit monitoring, Credit repair, Debt management counseling, Early warnings removal, Financial education, Home purchase counseling, Housing services, Identity theft protection, Mortgage refinance counseling, Personal loans"
gcid:credit_reporting_agency,Credit reporting agency,"Breakfast, Dinner, Drive-through, Lunch, Online operating hours, Hours for the elderly",
gcid:credit_union,Credit union,"Breakfast, Dinner, Drive-through, Lunch, Online operating hours, Hours for the elderly",
gcid:cremation_service,Cremation service,"Access, Breakfast, Brunch, Delivery, Dinner, Drive-through, Happy hours, Kitchen, Lunch, Online operating hours, Pick-up, Takeaway, Hours for the elderly",
gcid:creole_restaurant,Creole restaurant,"Access, Breakfast, Brunch, Delivery, Dinner, Drive-through, Happy hours, Kitchen, Lunch, Online operating hours, Takeaway, Hours for the elderly",
gcid:creperie,Creperie,"Access, Breakfast, Brunch, Delivery, Dinner, Drive-through, Happy hours, Kitchen, Lunch, Online operating hours, Takeaway, Hours for the elderly",
gcid:cricket_club,Cricket club,"Access, Breakfast, Brunch, Delivery, Dinner, Drive-through, Happy hours, Kitchen, Lunch, Online operating hours, Pick-up, Takeaway, Hours for the elderly",
gcid:cricket_ground,Cricket ground,"Access, Breakfast, Brunch, Delivery, Dinner, Drive-through, Happy hours, Kitchen, Lunch, Online operating hours, Pick-up, Takeaway, Hours for the elderly",
gcid:cricket_shop,Cricket shop,"Access, Breakfast, Brunch, Delivery, Dinner, Drive-through, Happy hours, Kitchen, Lunch, Online operating hours, Pick-up, Takeaway, Hours for the elderly",
gcid:crime_victim_service,Crime victim service,"Breakfast, Delivery, Dinner, Drive-through, Lunch, Online operating hours, Pick-up, Hours for the elderly",
gcid:criminal_law_attorney,Criminal justice attorney,"Access, Breakfast, Brunch, Delivery, Dinner, Drive-through, Happy hours, Kitchen, Lunch, Online operating hours, Pick-up, Takeaway, Hours for the elderly","Civil litigation, Corporate criminal defense litigation, Criminal immigration defense litigation, Criminal record expungements, Domestic violence litigation, Drug possession defense litigation, DUIs & reckless driving defense litigation, Federal criminal defense litigation, Felony defense litigation, General criminal defense litigation, Petty crimes & misdemeanor defense litigation, Restraining order litigation, Sex offense defense litigation, Three-strikes law litigation"
gcid:croatian_restaurant,Croatian restaurant,"Access, Breakfast, Brunch, Delivery, Dinner, Drive-through, Happy hours, Kitchen, Lunch, Online operating hours, Takeaway, Hours for the elderly",
gcid:crop_grower,Crop grower,"Access, Breakfast, Brunch, Delivery, Dinner, Drive-through, Happy hours, Kitchen, Lunch, Online operating hours, Pick-up, Takeaway, Hours for the elderly",
gcid:croquet_club,Croquet club,"Access, Breakfast, Brunch, Delivery, Dinner, Drive-through, Happy hours, Kitchen, Lunch, Online operating hours, Pick-up, Takeaway, Hours for the elderly",
gcid:cruise_agency,Cruise agency,"Access, Breakfast, Brunch, Delivery, Dinner, Drive-through, Happy hours, Kitchen, Lunch, Online operating hours, Pick-up, Takeaway, Hours for the elderly",
gcid:cruise_line,Cruise line company,"Access, Breakfast, Brunch, Delivery, Dinner, Drive-through, Happy hours, Kitchen, Lunch, Online operating hours, Pick-up, Takeaway, Hours for the elderly",
gcid:cruise_terminal,Cruise terminal,"Access, Breakfast, Brunch, Delivery, Dinner, Drive-through, Happy hours, Kitchen, Lunch, Online operating hours, Pick-up, Takeaway, Hours for the elderly",
gcid:crushed_stone_supplier,Crushed stone supplier,"Access, Breakfast, Brunch, Delivery, Dinner, Drive-through, Happy hours, Kitchen, Lunch, Online operating hours, Pick-up, Takeaway, Hours for the elderly",
gcid:crypto_atm,Crypto ATM,"Breakfast, Dinner, Drive-through, Lunch, Online operating hours, Hours for the elderly",
gcid:cuban_restaurant,Cuban restaurant,"Access, Breakfast, Brunch, Delivery, Dinner, Drive-through, Happy hours, Kitchen, Lunch, Online operating hours, Takeaway, Hours for the elderly",
gcid:culinary_school,Culinary school,"Access, Breakfast, Brunch, Delivery, Dinner, Drive-through, Happy hours, Kitchen, Lunch, Online operating hours, Pick-up, Takeaway, Hours for the elderly","Baking arts, Culinary arts, Culinary management, Gastronomy, Hospitality management, Pastry arts, Professional cooking, Restaurant management"
gcid:cultural_association,Cultural association,"Access, Breakfast, Brunch, Delivery, Dinner, Drive-through, Happy hours, Kitchen, Lunch, Online operating hours, Pick-up, Takeaway, Hours for the elderly",
gcid:cultural_center,Cultural center,"Access, Breakfast, Brunch, Delivery, Dinner, Drive-through, Happy hours, Kitchen, Lunch, Online operating hours, Pick-up, Takeaway, Hours for the elderly","Design, Gastronomy, Painting"
gcid:cultural_landmark,Cultural landmark,"Access, Breakfast, Brunch, Delivery, Dinner, Drive-through, Happy hours, Kitchen, Lunch, Online operating hours, Pick-up, Takeaway, Hours for the elderly",
gcid:cupcake_shop,Cupcake shop,"Access, Breakfast, Brunch, Delivery, Dinner, Drive-through, Happy hours, Kitchen, Lunch, Online operating hours, Takeaway, Hours for the elderly",
gcid:cupra_dealer,Cupra dealer,"Access, Breakfast, Brunch, Delivery, Dinner, Drive-through, Happy hours, Kitchen, Lunch, Online operating hours, Pick-up, Takeaway, Hours for the elderly",
gcid:cured_ham_bar,Cured ham bar,"Access, Breakfast, Brunch, Delivery, Dinner, Drive-through, Happy hours, Kitchen, Lunch, Online operating hours, Takeaway, Hours for the elderly",
gcid:cured_ham_store,Cured ham store,"Access, Breakfast, Brunch, Delivery, Dinner, Drive-through, Happy hours, Kitchen, Lunch, Online operating hours, Pick-up, Takeaway, Hours for the elderly",
gcid:cured_ham_warehouse,Cured ham warehouse,"Access, Breakfast, Brunch, Delivery, Dinner, Drive-through, Happy hours, Kitchen, Lunch, Online operating hours, Pick-up, Takeaway, Hours for the elderly",
gcid:curling_club,Curling club,"Access, Breakfast, Brunch, Delivery, Dinner, Drive-through, Happy hours, Kitchen, Lunch, Online operating hours, Pick-up, Takeaway, Hours for the elderly",
gcid:curling_hall,Curling hall,"Access, Breakfast, Brunch, Delivery, Dinner, Drive-through, Happy hours, Kitchen, Lunch, Online operating hours, Pick-up, Takeaway, Hours for the elderly",
gcid:currency_exchange_service,Currency exchange service,"Breakfast, Dinner, Drive-through, Lunch, Online operating hours, Hours for the elderly","Delivery, Money transfers"
gcid:curtain_store,Curtain store,"Access, Breakfast, Brunch, Delivery, Dinner, Drive-through, Happy hours, Kitchen, Lunch, Online operating hours, Pick-up, Takeaway, Hours for the elderly",
gcid:curtain_supplier_and_maker,Curtain supplier and maker,"Access, Breakfast, Brunch, Delivery, Dinner, Drive-through, Happy hours, Kitchen, Lunch, Online operating hours, Pick-up, Takeaway, Hours for the elderly",
gcid:custom_confiscated_goods_store,Custom confiscated goods store,"Access, Breakfast, Brunch, Delivery, Dinner, Drive-through, Happy hours, Kitchen, Lunch, Online operating hours, Pick-up, Takeaway, Hours for the elderly",
gcid:custom_home_builder,Custom home builder,"Access, Breakfast, Brunch, Delivery, Dinner, Drive-through, Happy hours, Kitchen, Lunch, Online operating hours, Pick-up, Takeaway, Hours for the elderly","Accessory building construction, Furniture assembly, Home blueprint design creation, Gutter cleaning, Concrete pouring, Consultation, Custom home design, Deck construction, Exterior design services, Exterior finishing, Fence building, Flooring, Foundation pouring, Garage design & building, General repairs & maintenance, Remodeling, Home addition construction, Home building, Home extension services, Home renovations, Drywall installation, Fan installation, Install flooring, Tile work installation, Plumbing fixture installation, Interior design, Interior finishing, Landscaping, TV mounting, Paint indoors, Exterior painting, Patio construction, Predesigned floor plans for homes, Project management, Drywall repair, Fan repair, Repair flooring, Repair water fixtures, Tile work replacement, Roof building, Roof installation"
gcid:custom_label_printer,Custom label printer,"Access, Breakfast, Brunch, Delivery, Dinner, Drive-through, Happy hours, Kitchen, Lunch, Online operating hours, Pick-up, Takeaway, Hours for the elderly",
gcid:custom_t_shirt_store,Custom t-shirt store,"Access, Breakfast, Brunch, Delivery, Dinner, Drive-through, Happy hours, Kitchen, Lunch, Online operating hours, Pick-up, Takeaway, Hours for the elderly",
gcid:custom_tailor,Custom tailor,"Access, Breakfast, Brunch, Delivery, Dinner, Drive-through, Happy hours, Kitchen, Lunch, Online operating hours, Pick-up, Takeaway, Hours for the elderly",
gcid:customs_broker,Customs broker,"Breakfast, Dinner, Drive-through, Lunch, Online operating hours, Hours for the elderly","Air freight, Ata carnets, Customs bond, Customs clearance, Fda prior notice, Formal & informal entry, Ground, Immediate export & in-transit, Immediate transport, Import security filing, Ocean freight, Permit/license application, Post entry & protest, Temporary importation under bond"
gcid:customs_consultant,Customs consultant,"Access, Breakfast, Brunch, Delivery, Dinner, Drive-through, Happy hours, Kitchen, Lunch, Online operating hours, Pick-up, Takeaway, Hours for the elderly",
gcid:customs_office,Customs office,"Access, Breakfast, Brunch, Delivery, Dinner, Drive-through, Happy hours, Kitchen, Lunch, Online operating hours, Pick-up, Takeaway, Hours for the elderly",
gcid:customs_warehouse,Customs warehouse,"Access, Breakfast, Brunch, Delivery, Dinner, Drive-through, Happy hours, Kitchen, Lunch, Online operating hours, Pick-up, Takeaway, Hours for the elderly",
gcid:cutlery_store,Cutlery store,"Access, Breakfast, Brunch, Delivery, Dinner, Drive-through, Happy hours, Kitchen, Lunch, Online operating hours, Pick-up, Takeaway, Hours for the elderly",
gcid:cycle_rickshaw_stand,Cycle rickshaw stand,"Access, Breakfast, Brunch, Delivery, Dinner, Drive-through, Happy hours, Kitchen, Lunch, Online operating hours, Pick-up, Takeaway, Hours for the elderly",
gcid:cycling_park,Cycling park,"Access, Breakfast, Brunch, Delivery, Dinner, Drive-through, Happy hours, Kitchen, Lunch, Online operating hours, Pick-up, Takeaway, Hours for the elderly",
gcid:czech_restaurant,Czech restaurant,"Access, Breakfast, Brunch, Delivery, Dinner, Drive-through, Happy hours, Kitchen, Lunch, Online operating hours, Takeaway, Hours for the elderly",
gcid:dacia_dealer,Dacia dealer,"Access, Breakfast, Brunch, Delivery, Dinner, Drive-through, Happy hours, Kitchen, Lunch, Online operating hours, Pick-up, Takeaway, Hours for the elderly",
gcid:daihatsu_dealer,Daihatsu dealer,"Access, Breakfast, Brunch, Delivery, Dinner, Drive-through, Happy hours, Kitchen, Lunch, Online operating hours, Pick-up, Takeaway, Hours for the elderly",
gcid:dairy,Dairy,"Access, Breakfast, Brunch, Delivery, Dinner, Drive-through, Happy hours, Kitchen, Lunch, Online operating hours, Pick-up, Takeaway, Hours for the elderly",
gcid:dairy_farm,Dairy farm,"Access, Breakfast, Brunch, Delivery, Dinner, Drive-through, Happy hours, Kitchen, Lunch, Online operating hours, Pick-up, Takeaway, Hours for the elderly",
gcid:dairy_farm_equipment_supplier,Dairy farm equipment supplier,"Access, Breakfast, Brunch, Delivery, Dinner, Drive-through, Happy hours, Kitchen, Lunch, Online operating hours, Pick-up, Takeaway, Hours for the elderly",
gcid:dairy_store,Dairy store,"Access, Breakfast, Brunch, Delivery, Dinner, Drive-through, Happy hours, Kitchen, Lunch, Online operating hours, Pick-up, Takeaway, Hours for the elderly",
gcid:dairy_supplier,Dairy supplier,"Access, Breakfast, Brunch, Delivery, Dinner, Drive-through, Happy hours, Kitchen, Lunch, Online operating hours, Pick-up, Takeaway, Hours for the elderly",
gcid:dan_dan_noodle_restaurant,Dan Dan noodle restaurant,"Access, Breakfast, Brunch, Delivery, Dinner, Drive-through, Happy hours, Kitchen, Lunch, Online operating hours, Takeaway, Hours for the elderly",
gcid:dance_club,Dance club,"Access, Breakfast, Brunch, Delivery, Dinner, Drive-through, Happy hours, Kitchen, Lunch, Online operating hours, Pick-up, Takeaway, Hours for the elderly",
gcid:dance_company,Dance company,"Access, Breakfast, Brunch, Delivery, Dinner, Drive-through, Happy hours, Kitchen, Lunch, Online operating hours, Pick-up, Takeaway, Hours for the elderly",
gcid:dance_hall,Dance hall,"Access, Breakfast, Brunch, Delivery, Dinner, Drive-through, Happy hours, Kitchen, Lunch, Online operating hours, Pick-up, Takeaway, Hours for the elderly",
gcid:dance_instructor,Dance instructor,"Access, Breakfast, Brunch, Delivery, Dinner, Drive-through, Happy hours, Kitchen, Lunch, Online operating hours, Pick-up, Takeaway, Hours for the elderly",
gcid:dance_pavillion,Dance pavillion,"Access, Breakfast, Brunch, Delivery, Dinner, Drive-through, Happy hours, Kitchen, Lunch, Online operating hours, Pick-up, Takeaway, Hours for the elderly",
gcid:dance_restaurant,Dance restaurant,"Access, Breakfast, Brunch, Delivery, Dinner, Drive-through, Happy hours, Kitchen, Lunch, Online operating hours, Takeaway, Hours for the elderly",
gcid:dance_school,Dance school,"Access, Breakfast, Brunch, Delivery, Dinner, Drive-through, Happy hours, Kitchen, Lunch, Online operating hours, Pick-up, Takeaway, Hours for the elderly","Adult lessons, Advanced classes, Beginner's classes, Choreography classes, Intermediate classes, Jazz, Private lessons, Youth classes, Zumba"
gcid:dance_store,Dance store,"Access, Breakfast, Brunch, Delivery, Dinner, Drive-through, Happy hours, Kitchen, Lunch, Online operating hours, Pick-up, Takeaway, Hours for the elderly",
gcid:danish_restaurant,Danish restaurant,"Access, Breakfast, Brunch, Delivery, Dinner, Drive-through, Happy hours, Kitchen, Lunch, Online operating hours, Takeaway, Hours for the elderly",
gcid:dart_bar,Dart bar,"Access, Breakfast, Brunch, Delivery, Dinner, Drive-through, Happy hours, Kitchen, Lunch, Online operating hours, Takeaway, Hours for the elderly",
gcid:dart_supply_store,Dart supply store,"Access, Breakfast, Brunch, Delivery, Dinner, Drive-through, Happy hours, Kitchen, Lunch, Online operating hours, Pick-up, Takeaway, Hours for the elderly",
gcid:data_center,Data center,"Access, Breakfast, Brunch, Delivery, Dinner, Drive-through, Happy hours, Kitchen, Lunch, Online operating hours, Pick-up, Takeaway, Hours for the elderly",
gcid:data_entry_service,Data entry service,"Access, Breakfast, Brunch, Delivery, Dinner, Drive-through, Happy hours, Kitchen, Lunch, Online operating hours, Pick-up, Takeaway, Hours for the elderly",
gcid:data_recovery_service,Data recovery service,"Access, Breakfast, Brunch, Delivery, Dinner, Drive-through, Happy hours, Kitchen, Lunch, Online operating hours, Pick-up, Takeaway, Hours for the elderly",
gcid:database_management_company,Database management company,"Access, Breakfast, Brunch, Delivery, Dinner, Drive-through, Happy hours, Kitchen, Lunch, Online operating hours, Pick-up, Takeaway, Hours for the elderly",
gcid:dating_service,Dating service,"Access, Breakfast, Brunch, Delivery, Dinner, Drive-through, Happy hours, Kitchen, Lunch, Online operating hours, Pick-up, Takeaway, Hours for the elderly",
gcid:day_care_center,Day care center,"Access, Breakfast, Brunch, Delivery, Dinner, Drive-through, Happy hours, Kitchen, Lunch, Online operating hours, Pick-up, Takeaway, Hours for the elderly","Educational services, Field trips, Homework assistance, Meal preparation, Rest period regulation"
gcid:day_spa,Day spa,"Access, Breakfast, Brunch, Delivery, Dinner, Drive-through, Happy hours, Kitchen, Lunch, Online operating hours, Pick-up, Takeaway, Hours for the elderly","Body waxing, Hairstyling, Manicures, Pedicures, Skin treatments, Tanning"
gcid:day_use_onsen,Day-use onsen,"Access, Breakfast, Brunch, Delivery, Dinner, Drive-through, Happy hours, Kitchen, Lunch, Online operating hours, Pick-up, Takeaway, Hours for the elderly",
gcid:deaf_church,Deaf church,"Access, Breakfast, Brunch, Delivery, Dinner, Kitchen, Lunch, Online operating hours, Pick-up, Takeaway, Hours for the elderly, Prayer, Worship service",
gcid:deaf_service,Deaf service,"Access, Breakfast, Brunch, Delivery, Dinner, Drive-through, Happy hours, Kitchen, Lunch, Online operating hours, Pick-up, Takeaway, Hours for the elderly",
gcid:dealer_of_fiat_professional,Dealer of Fiat Professional,"Access, Breakfast, Brunch, Delivery, Dinner, Drive-through, Happy hours, Kitchen, Lunch, Online operating hours, Pick-up, Takeaway, Hours for the elderly",
gcid:debris_removal_service,Debris removal service,"Access, Breakfast, Brunch, Delivery, Dinner, Drive-through, Happy hours, Kitchen, Lunch, Online operating hours, Pick-up, Takeaway, Hours for the elderly","Appliance removal & disposal, Construction debris removal, Donated goods pickup, Electronic waste removal & disposal, Furniture removal, Junk removal, Hazardous waste removal & disposal, House & garage cleanouts, Yard debris removal"
gcid:debt_collecting,Debt collecting,"Access, Breakfast, Brunch, Delivery, Dinner, Drive-through, Happy hours, Kitchen, Lunch, Online operating hours, Pick-up, Takeaway, Hours for the elderly",
gcid:debt_collection_agency,Debt collection agency,"Breakfast, Dinner, Drive-through, Lunch, Online operating hours, Hours for the elderly",
gcid:decal_supplier,Decal supplier,"Access, Breakfast, Brunch, Delivery, Dinner, Drive-through, Happy hours, Kitchen, Lunch, Online operating hours, Pick-up, Takeaway, Hours for the elderly",
gcid:deck_builder,Deck builder,"Access, Breakfast, Brunch, Delivery, Dinner, Drive-through, Happy hours, Kitchen, Lunch, Online operating hours, Pick-up, Takeaway, Hours for the elderly","Composite decks, Deck cleaning, Deck design, Deck installation, Deck painting, Deck railing repair, Deck refinishing, Deck remodeling, Deck repair, Deck replacement, Fence building, Patio decks, Patio enclosure construction, Pergola construction, Porch construction, Wood staining, Wood deck construction"
gcid:deli,Deli,"Access, Breakfast, Brunch, Delivery, Dinner, Drive-through, Happy hours, Kitchen, Lunch, Online operating hours, Takeaway, Hours for the elderly",
gcid:delivery_chinese_restaurant,Delivery Chinese restaurant,"Access, Breakfast, Brunch, Delivery, Dinner, Drive-through, Happy hours, Kitchen, Lunch, Online operating hours, Takeaway, Hours for the elderly",
gcid:delivery_service,Delivery service,"Access, Breakfast, Brunch, Delivery, Dinner, Drive-through, Happy hours, Kitchen, Lunch, Online operating hours, Pick-up, Takeaway, Hours for the elderly",
gcid:demolition_contractor,Demolition contractor,"Access, Breakfast, Brunch, Delivery, Dinner, Drive-through, Happy hours, Kitchen, Lunch, Online operating hours, Pick-up, Takeaway, Hours for the elderly","Clearing & grubbing, Complete site demolition, Concrete demolition, Debris removal, Demolition permit service, General cleanup, High reach demolition, Industrial demolition, Interior demolition, Landscape site preparation, Multi-story demolition, Scrap metal handling, Selective demolition"
gcid:denim_wear_store,Jeans shop,"Access, Breakfast, Brunch, Delivery, Dinner, Drive-through, Happy hours, Kitchen, Lunch, Online operating hours, Pick-up, Takeaway, Hours for the elderly",
gcid:dental_clinic,Dental clinic,"Breakfast, Delivery, Dinner, Drive-through, Lunch, Online operating hours, Pick-up, Hours for the elderly",Teeth whitening
gcid:dental_hygienist,Dental hygienist,"Breakfast, Delivery, Dinner, Drive-through, Lunch, Online operating hours, Pick-up, Hours for the elderly",
gcid:dental_implants_periodontist,Dental implants periodontist,"Breakfast, Delivery, Dinner, Drive-through, Lunch, Online operating hours, Pick-up, Hours for the elderly",
gcid:dental_implants_provider,Dental implants provider,"Breakfast, Delivery, Dinner, Drive-through, Lunch, Online operating hours, Pick-up, Hours for the elderly",
gcid:dental_insurance_agency,Dental insurance agency,"Breakfast, Delivery, Dinner, Drive-through, Lunch, Online operating hours, Pick-up, Hours for the elderly","Claims assistance, Customized policies, Electronic application filing, Insurance consultation, Insurance paperwork assistance"
gcid:dental_lab,Dental laboratory,"Breakfast, Delivery, Dinner, Drive-through, Lunch, Online operating hours, Pick-up, Hours for the elderly",
gcid:dental_radiology,Dental radiology,"Breakfast, Delivery, Dinner, Drive-through, Lunch, Online operating hours, Pick-up, Hours for the elderly",
gcid:dental_school,Dental school,"Breakfast, Delivery, Dinner, Drive-through, Lunch, Online operating hours, Pick-up, Hours for the elderly",
gcid:dental_supply_store,Dental supply store,"Breakfast, Delivery, Dinner, Drive-through, Lunch, Online operating hours, Pick-up, Hours for the elderly",
gcid:dentist,Dentist,"Breakfast, Delivery, Dinner, Drive-through, Lunch, Online operating hours, Pick-up, Hours for the elderly",Teeth whitening
gcid:denture_care_center,Denture care center,"Breakfast, Delivery, Dinner, Drive-through, Lunch, Online operating hours, Pick-up, Hours for the elderly",General repairs & maintenance
gcid:department_of_housing,Department of housing,"Access, Breakfast, Brunch, Delivery, Dinner, Drive-through, Happy hours, Kitchen, Lunch, Online operating hours, Pick-up, Takeaway, Hours for the elderly",
gcid:department_of_motor_vehicles,Department of motor vehicles,"Access, Breakfast, Brunch, Delivery, Dinner, Drive-through, Happy hours, Kitchen, Lunch, Online operating hours, Pick-up, Takeaway, Hours for the elderly",
gcid:department_of_public_safety,Department of Public Safety,"Access, Breakfast, Brunch, Delivery, Dinner, Drive-through, Happy hours, Kitchen, Lunch, Online operating hours, Pick-up, Takeaway, Hours for the elderly",
gcid:department_of_social_services,Department of Social Services,"Access, Breakfast, Brunch, Delivery, Dinner, Drive-through, Happy hours, Kitchen, Lunch, Online operating hours, Pick-up, Takeaway, Hours for the elderly",
gcid:department_of_transportation,Department of Transportation,"Access, Breakfast, Brunch, Delivery, Dinner, Drive-through, Happy hours, Kitchen, Lunch, Online operating hours, Pick-up, Takeaway, Hours for the elderly",
gcid:department_store,Department store,"Access, Breakfast, Brunch, Delivery, Dinner, Drive-through, Happy hours, Kitchen, Lunch, Online operating hours, Pick-up, Takeaway, Hours for the elderly",
gcid:dermatologist,Dermatologist,"Breakfast, Delivery, Dinner, Drive-through, Lunch, Online operating hours, Pick-up, Hours for the elderly",
gcid:desalination_plant,Desalination plant,"Access, Breakfast, Brunch, Delivery, Dinner, Drive-through, Happy hours, Kitchen, Lunch, Online operating hours, Pick-up, Takeaway, Hours for the elderly",
gcid:design_agency,Design agency,"Access, Breakfast, Brunch, Delivery, Dinner, Drive-through, Happy hours, Kitchen, Lunch, Online operating hours, Pick-up, Takeaway, Hours for the elderly",Project management
gcid:design_engineer,Design engineer,"Access, Breakfast, Brunch, Delivery, Dinner, Drive-through, Happy hours, Kitchen, Lunch, Online operating hours, Pick-up, Takeaway, Hours for the elderly",
gcid:design_institute,Design institute,"Access, Breakfast, Brunch, Delivery, Dinner, Drive-through, Happy hours, Kitchen, Lunch, Online operating hours, Pick-up, Takeaway, Hours for the elderly",
gcid:designer_clothing_store,Designer clothing store,"Access, Breakfast, Brunch, Delivery, Dinner, Drive-through, Happy hours, Kitchen, Lunch, Online operating hours, Pick-up, Takeaway, Hours for the elderly",
gcid:desktop_publishing_service,Desktop publishing service,"Access, Breakfast, Brunch, Delivery, Dinner, Drive-through, Happy hours, Kitchen, Lunch, Online operating hours, Pick-up, Takeaway, Hours for the elderly",
gcid:dessert_buffet,Sweets and dessert buffet,"Access, Breakfast, Brunch, Delivery, Dinner, Drive-through, Happy hours, Kitchen, Lunch, Online operating hours, Takeaway, Hours for the elderly",
gcid:dessert_restaurant,Dessert restaurant,"Access, Breakfast, Brunch, Delivery, Dinner, Drive-through, Happy hours, Kitchen, Lunch, Online operating hours, Takeaway, Hours for the elderly",
gcid:dessert_shop,Dessert shop,"Access, Breakfast, Brunch, Delivery, Dinner, Drive-through, Happy hours, Kitchen, Lunch, Online operating hours, Takeaway, Hours for the elderly","Cakes, Delivery"
gcid:detention_center,Detention center,"Access, Breakfast, Brunch, Delivery, Dinner, Drive-through, Happy hours, Kitchen, Lunch, Online operating hours, Pick-up, Takeaway, Hours for the elderly",
gcid:dhaba,Dhaba,"Access, Breakfast, Brunch, Delivery, Dinner, Drive-through, Happy hours, Kitchen, Lunch, Online operating hours, Takeaway, Hours for the elderly",
gcid:diabetes_center,Diabetes center,"Breakfast, Delivery, Dinner, Drive-through, Lunch, Online operating hours, Pick-up, Hours for the elderly",
gcid:diabetes_equipment_supplier,Diabetes equipment supplier,"Breakfast, Delivery, Dinner, Drive-through, Lunch, Online operating hours, Pick-up, Hours for the elderly",
gcid:diabetologist,Diabetologist,"Breakfast, Delivery, Dinner, Drive-through, Lunch, Online operating hours, Pick-up, Hours for the elderly",
gcid:diagnostic_center,Diagnostic center,"Breakfast, Delivery, Dinner, Drive-through, Lunch, Online operating hours, Pick-up, Hours for the elderly",
gcid:dialysis_center,Dialysis center,"Breakfast, Delivery, Dinner, Drive-through, Lunch, Online operating hours, Pick-up, Hours for the elderly",
gcid:diamond_buyer,Diamond buyer,"Access, Breakfast, Brunch, Delivery, Dinner, Drive-through, Happy hours, Kitchen, Lunch, Online operating hours, Pick-up, Takeaway, Hours for the elderly",
gcid:diamond_dealer,Diamond dealer,"Access, Breakfast, Brunch, Delivery, Dinner, Drive-through, Happy hours, Kitchen, Lunch, Online operating hours, Pick-up, Takeaway, Hours for the elderly",
gcid:diaper_service,Diaper service,"Access, Breakfast, Brunch, Delivery, Dinner, Drive-through, Happy hours, Kitchen, Lunch, Online operating hours, Pick-up, Takeaway, Hours for the elderly",
gcid:diesel_engine_dealer,Diesel engine dealer,"Access, Breakfast, Brunch, Delivery, Dinner, Drive-through, Happy hours, Kitchen, Lunch, Online operating hours, Pick-up, Takeaway, Hours for the elderly",
gcid:diesel_engine_repair_service,Diesel engine repair service,"Access, Breakfast, Brunch, Delivery, Dinner, Drive-through, Happy hours, Kitchen, Lunch, Online operating hours, Pick-up, Takeaway, Hours for the elderly",
gcid:diesel_fuel_supplier,Diesel fuel supplier,"Access, Breakfast, Brunch, Delivery, Dinner, Drive-through, Happy hours, Kitchen, Lunch, Online operating hours, Pick-up, Takeaway, Hours for the elderly",
gcid:dietitian,Dietitian,"Breakfast, Delivery, Dinner, Drive-through, Lunch, Online operating hours, Pick-up, Hours for the elderly",
gcid:digital_printer,Digital printer,"Access, Breakfast, Brunch, Delivery, Dinner, Drive-through, Happy hours, Kitchen, Lunch, Online operating hours, Pick-up, Takeaway, Hours for the elderly","Books, Calendars, Catalogs, Flyers & brochures, Letterhead & business cards, Magazines, 3D printing"
gcid:digital_printing_service,Digital printing service,"Access, Breakfast, Brunch, Delivery, Dinner, Drive-through, Happy hours, Kitchen, Lunch, Online operating hours, Pick-up, Takeaway, Hours for the elderly",
gcid:dim_sum_restaurant,Dim sum restaurant,"Access, Breakfast, Brunch, Delivery, Dinner, Drive-through, Happy hours, Kitchen, Lunch, Online operating hours, Takeaway, Hours for the elderly",
gcid:diner,Diner,"Access, Breakfast, Brunch, Delivery, Dinner, Drive-through, Happy hours, Kitchen, Lunch, Online operating hours, Takeaway, Hours for the elderly",
gcid:dinner_theater,Dinner theater,"Access, Breakfast, Brunch, Delivery, Dinner, Drive-through, Happy hours, Kitchen, Lunch, Online operating hours, Pick-up, Takeaway, Hours for the elderly",
gcid:direct_mail_advertising,Direct mail advertising,"Access, Breakfast, Brunch, Delivery, Dinner, Drive-through, Happy hours, Kitchen, Lunch, Online operating hours, Pick-up, Takeaway, Hours for the elderly",
gcid:dirt_supplier,Dirt supplier,"Access, Breakfast, Brunch, Delivery, Dinner, Drive-through, Happy hours, Kitchen, Lunch, Online operating hours, Pick-up, Takeaway, Hours for the elderly",
gcid:disability_equipment_supplier,Disability equipment supplier,"Access, Breakfast, Brunch, Delivery, Dinner, Drive-through, Happy hours, Kitchen, Lunch, Online operating hours, Pick-up, Takeaway, Hours for the elderly",
gcid:disability_services_and_support_organization,Disability services and support organization,"Access, Breakfast, Brunch, Delivery, Dinner, Drive-through, Happy hours, Kitchen, Lunch, Online operating hours, Pick-up, Takeaway, Hours for the elderly",
gcid:disabled_sports_center,Adaptive sports center,"Access, Breakfast, Brunch, Delivery, Dinner, Drive-through, Happy hours, Kitchen, Lunch, Online operating hours, Pick-up, Takeaway, Hours for the elderly",
gcid:disc_golf_course,Disc golf course,"Access, Breakfast, Brunch, Delivery, Dinner, Drive-through, Happy hours, Kitchen, Lunch, Online operating hours, Pick-up, Takeaway, Hours for the elderly",
gcid:disciples_of_christ_church,Disciples of Christ Church,"Access, Breakfast, Brunch, Delivery, Dinner, Kitchen, Lunch, Online operating hours, Pick-up, Takeaway, Hours for the elderly, Prayer, Worship service",
gcid:disco,Disco club,"Access, Breakfast, Brunch, Delivery, Dinner, Drive-through, Happy hours, Kitchen, Lunch, Online operating hours, Pick-up, Takeaway, Hours for the elderly",
gcid:discount_store,Discount store,"Access, Breakfast, Brunch, Delivery, Dinner, Drive-through, Happy hours, Kitchen, Lunch, Online operating hours, Pick-up, Takeaway, Hours for the elderly",
gcid:discount_supermarket,Discount supermarket,"Access, Breakfast, Brunch, Delivery, Dinner, Drive-through, Happy hours, Kitchen, Lunch, Online operating hours, Pick-up, Takeaway, Hours for the elderly",
gcid:display_home_center,Display home center,"Access, Breakfast, Brunch, Delivery, Dinner, Drive-through, Happy hours, Kitchen, Lunch, Online operating hours, Pick-up, Takeaway, Hours for the elderly",
gcid:display_stand_manufacturer,Display stand manufacturer,"Access, Breakfast, Brunch, Delivery, Dinner, Drive-through, Happy hours, Kitchen, Lunch, Online operating hours, Pick-up, Takeaway, Hours for the elderly",
gcid:disposable_tableware_supplier,Disposable tableware supplier,"Access, Breakfast, Brunch, Delivery, Dinner, Drive-through, Happy hours, Kitchen, Lunch, Online operating hours, Pick-up, Takeaway, Hours for the elderly",
gcid:distance_learning_center,Distance learning center,"Access, Breakfast, Brunch, Delivery, Dinner, Drive-through, Happy hours, Kitchen, Lunch, Online operating hours, Pick-up, Takeaway, Hours for the elderly","Adult lessons, Career counseling"
gcid:distillery,Distillery,"Access, Breakfast, Brunch, Delivery, Dinner, Drive-through, Happy hours, Kitchen, Lunch, Online operating hours, Pick-up, Takeaway, Hours for the elderly",
gcid:distribution_service,Distribution service,"Access, Breakfast, Brunch, Delivery, Dinner, Drive-through, Happy hours, Kitchen, Lunch, Online operating hours, Pick-up, Takeaway, Hours for the elderly",Land
gcid:district_attorney,District attorney,"Access, Breakfast, Brunch, Delivery, Dinner, Drive-through, Happy hours, Kitchen, Lunch, Online operating hours, Pick-up, Takeaway, Hours for the elderly","Civil division, Consumer & environmental protection, Domestic violence, Drug enforcement, Expungements, Family justice centers, Fraud, Juveniles, Prosecution services, Restitution, Sexual assault, Statutory rape, Victim services"
gcid:district_government_office,District government office,"Access, Breakfast, Brunch, Delivery, Dinner, Drive-through, Happy hours, Kitchen, Lunch, Online operating hours, Pick-up, Takeaway, Hours for the elderly",
gcid:district_justice,District Justice,"Access, Breakfast, Brunch, Delivery, Dinner, Drive-through, Happy hours, Kitchen, Lunch, Online operating hours, Pick-up, Takeaway, Hours for the elderly",
gcid:district_office,District office,"Access, Breakfast, Brunch, Delivery, Dinner, Drive-through, Happy hours, Kitchen, Lunch, Online operating hours, Pick-up, Takeaway, Hours for the elderly",
gcid:dive_club,Dive club,"Access, Breakfast, Brunch, Delivery, Dinner, Drive-through, Happy hours, Kitchen, Lunch, Online operating hours, Pick-up, Takeaway, Hours for the elderly",
gcid:dive_shop,Dive shop,"Access, Breakfast, Brunch, Delivery, Dinner, Drive-through, Happy hours, Kitchen, Lunch, Online operating hours, Pick-up, Takeaway, Hours for the elderly",
gcid:diving_center,Diving center,"Access, Breakfast, Brunch, Delivery, Dinner, Drive-through, Happy hours, Kitchen, Lunch, Online operating hours, Pick-up, Takeaway, Hours for the elderly",
gcid:diving_service,Diving contractor,"Access, Breakfast, Brunch, Delivery, Dinner, Drive-through, Happy hours, Kitchen, Lunch, Online operating hours, Pick-up, Takeaway, Hours for the elderly",
gcid:divorce_attorney,Divorce lawyer,"Access, Breakfast, Brunch, Delivery, Dinner, Drive-through, Happy hours, Kitchen, Lunch, Online operating hours, Pick-up, Takeaway, Hours for the elderly","Child support litigation, Collaborative divorce representation, Contested divorce litigation, Custody & visitation rights litigation, Debt division litigation, Father's rights litigation, Guardianship litigation, Mediation, Military divorce representation, Modification of court orders, Parent timesharing litigation, Paternity establishment litigation, Prenups & marital agreements writing, Property division litigation, Restraining order litigation, Spousal support & alimony litigation, Uncontested divorce legal services"
gcid:divorce_service,Divorce service,"Access, Breakfast, Brunch, Delivery, Dinner, Drive-through, Happy hours, Kitchen, Lunch, Online operating hours, Pick-up, Takeaway, Hours for the elderly",
gcid:dj,DJ service,"Access, Breakfast, Brunch, Delivery, Dinner, Drive-through, Happy hours, Kitchen, Lunch, Online operating hours, Pick-up, Takeaway, Hours for the elderly","Special event audio/visual services, Birthday parties, Children's party planning, Corporate events, Equipment rental, Event lighting services, Karaoke rental, Kid events, Wedding lighting services, Photo booth rentals, Private events, School events, Special effects services, Special events, Touring DJ services, Wedding events, Weddings, Projector screen services"
gcid:dj_supply_store,DJ supply store,"Access, Breakfast, Brunch, Delivery, Dinner, Drive-through, Happy hours, Kitchen, Lunch, Online operating hours, Pick-up, Takeaway, Hours for the elderly",
gcid:do_it_yourself_store,Do-it-yourself shop,"Access, Breakfast, Brunch, Delivery, Dinner, Drive-through, Happy hours, Kitchen, Lunch, Online operating hours, Pick-up, Takeaway, Hours for the elderly",
gcid:dock_builder,Dock builder,"Access, Breakfast, Brunch, Delivery, Dinner, Drive-through, Happy hours, Kitchen, Lunch, Online operating hours, Pick-up, Takeaway, Hours for the elderly",
gcid:doctor,Doctor,"Breakfast, Delivery, Dinner, Drive-through, Lunch, Online operating hours, Pick-up, Hours for the elderly",
gcid:dodge_dealer,Dodge dealer,"Access, Breakfast, Brunch, Delivery, Dinner, Drive-through, Happy hours, Kitchen, Lunch, Online operating hours, Pick-up, Takeaway, Hours for the elderly",
gcid:dog_breeder,Dog breeder,"Access, Breakfast, Brunch, Delivery, Dinner, Drive-through, Happy hours, Kitchen, Lunch, Online operating hours, Pick-up, Takeaway, Hours for the elderly",
gcid:dog_cafe,Dog cafe,"Access, Breakfast, Brunch, Delivery, Dinner, Drive-through, Happy hours, Kitchen, Lunch, Online operating hours, Pick-up, Takeaway, Hours for the elderly",
gcid:dog_day_care_center,Dog day care center,"Access, Breakfast, Brunch, Delivery, Dinner, Drive-through, Happy hours, Kitchen, Lunch, Online operating hours, Pick-up, Takeaway, Hours for the elderly","Cat boarding, Cat grooming, Cat sitting (in-home), Dog boarding, Dog boarding with training, Dog daycare, Dog grooming, Dog sitting (in-home), Dog training, Dog walking, Other pet boarding, Other pet daycare, Other pet grooming, Other pet sitting (in-home)"
gcid:dog_park,Dog park,"Access, Breakfast, Brunch, Delivery, Dinner, Drive-through, Happy hours, Kitchen, Lunch, Online operating hours, Pick-up, Takeaway, Hours for the elderly",
gcid:dog_trainer,Dog trainer,"Access, Breakfast, Brunch, Delivery, Dinner, Drive-through, Happy hours, Kitchen, Lunch, Online operating hours, Pick-up, Takeaway, Hours for the elderly","Cat boarding, Cat grooming, Cat sitting (in-home), Dog boarding, Dog boarding with training, Dog daycare, Dog grooming, Dog sitting (in-home), Dog training, Dog walking, Other pet boarding, Other pet daycare, Other pet grooming, Other pet sitting (in-home)"
gcid:dog_walker,Dog walker,"Access, Breakfast, Brunch, Delivery, Dinner, Drive-through, Happy hours, Kitchen, Lunch, Online operating hours, Pick-up, Takeaway, Hours for the elderly","Cat boarding, Cat grooming, Cat sitting (in-home), Dog boarding, Dog boarding with training, Dog daycare, Dog grooming, Dog sitting (in-home), Dog training, Dog walking, Other pet boarding, Other pet daycare, Other pet grooming, Other pet sitting (in-home)"
gcid:dogsled_ride_service,Dogsled ride service,"Access, Breakfast, Brunch, Delivery, Dinner, Drive-through, Happy hours, Kitchen, Lunch, Online operating hours, Pick-up, Takeaway, Hours for the elderly",
gcid:dojo_restaurant,Dojo restaurant,"Access, Breakfast, Brunch, Delivery, Dinner, Drive-through, Happy hours, Kitchen, Lunch, Online operating hours, Takeaway, Hours for the elderly",
gcid:doll_restoration_service,Doll restoration service,"Access, Breakfast, Brunch, Delivery, Dinner, Drive-through, Happy hours, Kitchen, Lunch, Online operating hours, Pick-up, Takeaway, Hours for the elderly",
gcid:doll_store,Doll store,"Access, Breakfast, Brunch, Delivery, Dinner, Drive-through, Happy hours, Kitchen, Lunch, Online operating hours, Pick-up, Takeaway, Hours for the elderly",
gcid:dollar_store,Dollar store,"Access, Breakfast, Brunch, Delivery, Dinner, Drive-through, Happy hours, Kitchen, Lunch, Online operating hours, Pick-up, Takeaway, Hours for the elderly",
gcid:domestic_abuse_treatment_center,Domestic abuse treatment center,"Breakfast, Delivery, Dinner, Drive-through, Lunch, Online operating hours, Pick-up, Hours for the elderly",
gcid:domestic_airport,Domestic airport,"Access, Breakfast, Brunch, Delivery, Dinner, Drive-through, Happy hours, Kitchen, Lunch, Online operating hours, Pick-up, Takeaway, Hours for the elderly",
gcid:dominican_restaurant,Dominican restaurant,"Access, Breakfast, Brunch, Delivery, Dinner, Drive-through, Happy hours, Kitchen, Lunch, Online operating hours, Takeaway, Hours for the elderly",
gcid:donations_center,Donations center,"Access, Breakfast, Brunch, Delivery, Dinner, Drive-through, Happy hours, Kitchen, Lunch, Online operating hours, Pick-up, Takeaway, Hours for the elderly",
gcid:donburi_dishes,Donburi restaurant,"Access, Breakfast, Brunch, Delivery, Dinner, Drive-through, Happy hours, Kitchen, Lunch, Online operating hours, Takeaway, Hours for the elderly",
gcid:doner_kebab_restaurant,Doner kebab restaurant,"Access, Breakfast, Brunch, Delivery, Dinner, Drive-through, Happy hours, Kitchen, Lunch, Online operating hours, Takeaway, Hours for the elderly",
gcid:donut_shop,Donut shop,"Access, Breakfast, Brunch, Delivery, Dinner, Drive-through, Happy hours, Kitchen, Lunch, Online operating hours, Takeaway, Hours for the elderly",
gcid:door_manufacturer,Door manufacturer,"Access, Breakfast, Brunch, Delivery, Dinner, Drive-through, Happy hours, Kitchen, Lunch, Online operating hours, Pick-up, Takeaway, Hours for the elderly",
gcid:door_shop,Door shop,"Access, Breakfast, Brunch, Delivery, Dinner, Drive-through, Happy hours, Kitchen, Lunch, Online operating hours, Pick-up, Takeaway, Hours for the elderly",
gcid:door_supplier,Door supplier,"Access, Breakfast, Brunch, Delivery, Dinner, Drive-through, Happy hours, Kitchen, Lunch, Online operating hours, Pick-up, Takeaway, Hours for the elderly","Cleaning, Custom doors, Delivery, Door design, General repairs & installation, Restoration"
gcid:door_warehouse,Door warehouse,"Access, Breakfast, Brunch, Delivery, Dinner, Drive-through, Happy hours, Kitchen, Lunch, Online operating hours, Pick-up, Takeaway, Hours for the elderly",
gcid:double_glazing_supplier,Double glazing installer,"Access, Breakfast, Brunch, Delivery, Dinner, Drive-through, Happy hours, Kitchen, Lunch, Online operating hours, Pick-up, Takeaway, Hours for the elderly",
gcid:doula,Doula,"Breakfast, Delivery, Dinner, Drive-through, Lunch, Online operating hours, Pick-up, Hours for the elderly",
gcid:drafting_equipment_supplier,Drafting equipment supplier,"Access, Breakfast, Brunch, Delivery, Dinner, Drive-through, Happy hours, Kitchen, Lunch, Online operating hours, Pick-up, Takeaway, Hours for the elderly",
gcid:drafting_service,Drafting service,"Access, Breakfast, Brunch, Delivery, Dinner, Drive-through, Happy hours, Kitchen, Lunch, Online operating hours, Pick-up, Takeaway, Hours for the elderly","Books, Flyers & brochures, Magazines"
gcid:drainage_service,Drainage service,"Access, Breakfast, Brunch, Delivery, Dinner, Drive-through, Happy hours, Kitchen, Lunch, Online operating hours, Pick-up, Takeaway, Hours for the elderly",
gcid:drama_school,Drama school,"Access, Breakfast, Brunch, Delivery, Dinner, Drive-through, Happy hours, Kitchen, Lunch, Online operating hours, Pick-up, Takeaway, Hours for the elderly","Adler technique, Adult classes, Alexander technique, Audition skills, Character training, Comprehensive technique, Improvisation, Movement training, Musical voice, Private lessons, Script analysis, Speech training, Teen classes, Youth classes"
gcid:drawing_lessons,Drawing lessons,"Access, Breakfast, Brunch, Delivery, Dinner, Drive-through, Happy hours, Kitchen, Lunch, Online operating hours, Pick-up, Takeaway, Hours for the elderly",
gcid:dress_and_tuxedo_rental_service,Dress and tuxedo rental service,"Access, Breakfast, Brunch, Delivery, Dinner, Drive-through, Happy hours, Kitchen, Lunch, Online operating hours, Pick-up, Takeaway, Hours for the elderly",
gcid:dress_shop,Dress store,"Access, Breakfast, Brunch, Delivery, Dinner, Drive-through, Happy hours, Kitchen, Lunch, Online operating hours, Pick-up, Takeaway, Hours for the elderly",
gcid:dressmaker,Dressmaker,"Access, Breakfast, Brunch, Delivery, Dinner, Drive-through, Happy hours, Kitchen, Lunch, Online operating hours, Pick-up, Takeaway, Hours for the elderly","Alterations, Bridal & bridesmaid dress creation, Bridal & bridesmaid dress design, Bridal & bridesmaids, Custom dress design, Decor sewing, Fitting & custom tailoring, Formal, General repairs, Gown heirlooming, Pressing & steaming, Prom dress creation, Prom dress design, Prom dresses, Quinceañera dress creation, Quinceañera dress design, Quinceañera dresses, Restoration, General sewing, Vintage gown repair, Vintage gown restoration, Vintage gowns"
gcid:dried_flower_shop,Dried flower shop,"Access, Breakfast, Brunch, Delivery, Dinner, Drive-through, Happy hours, Kitchen, Lunch, Online operating hours, Pick-up, Takeaway, Hours for the elderly",
gcid:dried_seafood_store,Dried seafood store,"Access, Breakfast, Brunch, Delivery, Dinner, Drive-through, Happy hours, Kitchen, Lunch, Online operating hours, Pick-up, Takeaway, Hours for the elderly",
gcid:drilling_contractor,Drilling contractor,"Access, Breakfast, Brunch, Delivery, Dinner, Drive-through, Happy hours, Kitchen, Lunch, Online operating hours, Pick-up, Takeaway, Hours for the elderly","Coring & monitoring wells, Directional drilling, Drilled piers, Engineering design, Geothermal services, Heavy civil construction, High capacity production & injection wells, Oil & gas well drilling, Pump repairs & installation, Remedial & demolition, Test holes, Underground utility infrastructure, Water disposal facility design, Water well repairs & installation"
gcid:drilling_equipment_supplier,Drilling equipment supplier,"Access, Breakfast, Brunch, Delivery, Dinner, Drive-through, Happy hours, Kitchen, Lunch, Online operating hours, Pick-up, Takeaway, Hours for the elderly",
gcid:drinking_water_fountain,Drinking water fountain,"Access, Breakfast, Brunch, Delivery, Dinner, Drive-through, Happy hours, Kitchen, Lunch, Online operating hours, Pick-up, Takeaway, Hours for the elderly",
gcid:drinking_water_supplier,Drinking water supplier,"Access, Breakfast, Brunch, Delivery, Dinner, Drive-through, Happy hours, Kitchen, Lunch, Online operating hours, Pick-up, Takeaway, Hours for the elderly",
gcid:drive_in_movie_theater,Drive-in movie theater,"Access, Breakfast, Brunch, Delivery, Dinner, Drive-through, Happy hours, Kitchen, Lunch, Online operating hours, Pick-up, Takeaway, Hours for the elderly",
gcid:drivers_license_office,Driver's license office,"Access, Breakfast, Brunch, Delivery, Dinner, Drive-through, Happy hours, Kitchen, Lunch, Online operating hours, Pick-up, Takeaway, Hours for the elderly",
gcid:drivers_license_training_school,Drivers license training school,"Access, Breakfast, Brunch, Delivery, Dinner, Drive-through, Happy hours, Kitchen, Lunch, Online operating hours, Pick-up, Takeaway, Hours for the elderly",
gcid:driveshaft_shop,Driveshaft shop,"Access, Breakfast, Brunch, Delivery, Dinner, Drive-through, Happy hours, Kitchen, Lunch, Online operating hours, Pick-up, Takeaway, Hours for the elderly",
gcid:driving_school,Driving school,"Access, Breakfast, Brunch, Delivery, Dinner, Drive-through, Happy hours, Kitchen, Lunch, Online operating hours, Pick-up, Takeaway, Hours for the elderly","Adult lessons, Private lessons, Teen classes"
gcid:driving_test_centre,Driving test center,"Access, Breakfast, Brunch, Delivery, Dinner, Drive-through, Happy hours, Kitchen, Lunch, Online operating hours, Pick-up, Takeaway, Hours for the elderly",
gcid:drone_service,Drone service,"Access, Breakfast, Brunch, Delivery, Dinner, Drive-through, Happy hours, Kitchen, Lunch, Online operating hours, Pick-up, Takeaway, Hours for the elderly",
gcid:drone_shop,Drone shop,"Access, Breakfast, Brunch, Delivery, Dinner, Drive-through, Happy hours, Kitchen, Lunch, Online operating hours, Pick-up, Takeaway, Hours for the elderly",
gcid:drug_testing_service,Drug testing service,"Breakfast, Delivery, Dinner, Drive-through, Lunch, Online operating hours, Pick-up, Hours for the elderly",
gcid:drugstore,Drug store,"Breakfast, Delivery, Dinner, Drive-through, Lunch, Online operating hours, Pick-up, Hours for the elderly",Delivery
gcid:drum_school,Drum school,"Access, Breakfast, Brunch, Delivery, Dinner, Drive-through, Happy hours, Kitchen, Lunch, Online operating hours, Pick-up, Takeaway, Hours for the elderly",
gcid:drum_store,Drum store,"Access, Breakfast, Brunch, Delivery, Dinner, Drive-through, Happy hours, Kitchen, Lunch, Online operating hours, Pick-up, Takeaway, Hours for the elderly",
gcid:dry_cleaner,Dry cleaner,"Access, Breakfast, Brunch, Delivery, Dinner, Drive-through, Happy hours, Kitchen, Lunch, Online operating hours, Pick-up, Takeaway, Hours for the elderly","Alterations, Clothing alterations & repairs, General bedding cleaning, Carpet & rug cleaning, Clothes pressing, Laundry pick-up, Comforter cleaning, Couches/sofas, Delivery, Drapery & window cover cleaning, Eco-friendly cleaning, Embroidery, Hat cleaning, Industrial laundry, Ironing, Leather & suede cleaning, Organic dry cleaning, Special care fabric cleaning, Laundry wash & fold, Wedding gown cleaning, Wedding gown preservation"
gcid:dry_fruit_store,Dry fruit store,"Access, Breakfast, Brunch, Delivery, Dinner, Drive-through, Happy hours, Kitchen, Lunch, Online operating hours, Pick-up, Takeaway, Hours for the elderly",
gcid:dry_ice_supplier,Dry ice supplier,"Access, Breakfast, Brunch, Delivery, Dinner, Drive-through, Happy hours, Kitchen, Lunch, Online operating hours, Pick-up, Takeaway, Hours for the elderly",
gcid:dry_wall_contractor,Dry wall contractor,"Access, Breakfast, Brunch, Delivery, Dinner, Drive-through, Happy hours, Kitchen, Lunch, Online operating hours, Pick-up, Takeaway, Hours for the elderly","Acoustical ceiling installation, Furniture assembly, Ceiling repair, Gutter cleaning, Drywall finishing, Drywall texturing, Remodeling, Drywall installation, Fan installation, Install flooring, Tile work installation, Plumbing fixture installation, Insulation services, Interior painting, Interior repairs, TV mounting, Paint indoors, Exterior painting, Plaster repair, Plastering, Popcorn ceiling removal, Drywall repair, Fan repair, Repair flooring, Repair water fixtures, Tile work replacement, Stucco installation"
gcid:dry_wall_supply_store,Dry wall supply store,"Access, Breakfast, Brunch, Delivery, Dinner, Drive-through, Happy hours, Kitchen, Lunch, Online operating hours, Pick-up, Takeaway, Hours for the elderly",
gcid:dryer_vent_cleaning_service,Dryer vent cleaning service,"Access, Breakfast, Brunch, Delivery, Dinner, Drive-through, Happy hours, Kitchen, Lunch, Online operating hours, Pick-up, Takeaway, Hours for the elderly",
gcid:ds_automobiles_dealer,DS Automobiles dealer,"Access, Breakfast, Brunch, Delivery, Dinner, Drive-through, Happy hours, Kitchen, Lunch, Online operating hours, Pick-up, Takeaway, Hours for the elderly",
gcid:dump_truck_dealer,Dump truck dealer,"Access, Breakfast, Brunch, Delivery, Dinner, Drive-through, Happy hours, Kitchen, Lunch, Online operating hours, Pick-up, Takeaway, Hours for the elderly",
gcid:dumpling_restaurant,Dumpling restaurant,"Access, Breakfast, Brunch, Delivery, Dinner, Drive-through, Happy hours, Kitchen, Lunch, Online operating hours, Takeaway, Hours for the elderly",
gcid:dumpster_rental_service,Dumpster rental service,"Access, Breakfast, Brunch, Delivery, Dinner, Drive-through, Happy hours, Kitchen, Lunch, Online operating hours, Pick-up, Takeaway, Hours for the elderly",
gcid:durum_restaurant,Durum restaurant,"Access, Breakfast, Brunch, Delivery, Dinner, Drive-through, Happy hours, Kitchen, Lunch, Online operating hours, Takeaway, Hours for the elderly",
gcid:dutch_restaurant,Dutch restaurant,"Access, Breakfast, Brunch, Delivery, Dinner, Drive-through, Happy hours, Kitchen, Lunch, Online operating hours, Takeaway, Hours for the elderly",
gcid:duty_free_store,Duty free store,"Access, Breakfast, Brunch, Delivery, Dinner, Drive-through, Happy hours, Kitchen, Lunch, Online operating hours, Pick-up, Takeaway, Hours for the elderly",
gcid:dvd_store,DVD store,"Access, Breakfast, Brunch, Delivery, Dinner, Drive-through, Happy hours, Kitchen, Lunch, Online operating hours, Pick-up, Takeaway, Hours for the elderly",
gcid:dye_store,Dye store,"Access, Breakfast, Brunch, Delivery, Dinner, Drive-through, Happy hours, Kitchen, Lunch, Online operating hours, Pick-up, Takeaway, Hours for the elderly",
gcid:dyeworks,Dyeworks,"Access, Breakfast, Brunch, Delivery, Dinner, Drive-through, Happy hours, Kitchen, Lunch, Online operating hours, Pick-up, Takeaway, Hours for the elderly",
gcid:dynamometer_supplier,Dynamometer supplier,"Access, Breakfast, Brunch, Delivery, Dinner, Drive-through, Happy hours, Kitchen, Lunch, Online operating hours, Pick-up, Takeaway, Hours for the elderly",
gcid:e_commerce_agency,E commerce agency,"Access, Breakfast, Brunch, Delivery, Dinner, Drive-through, Happy hours, Kitchen, Lunch, Online operating hours, Pick-up, Takeaway, Hours for the elderly",
gcid:e_commerce_service,E-commerce service,"Access, Breakfast, Brunch, Delivery, Dinner, Drive-through, Happy hours, Kitchen, Lunch, Online operating hours, Pick-up, Takeaway, Hours for the elderly",Application development
gcid:ear_piercing_service,Ear piercing service,"Access, Breakfast, Brunch, Delivery, Dinner, Drive-through, Happy hours, Kitchen, Lunch, Online operating hours, Pick-up, Takeaway, Hours for the elderly",
gcid:earth_works_company,Earth works company,"Access, Breakfast, Brunch, Delivery, Dinner, Drive-through, Happy hours, Kitchen, Lunch, Online operating hours, Pick-up, Takeaway, Hours for the elderly","Compaction, Demolition, Directional boring, Drilling, Excavation & grading, Gps surveying, Land clearing, Ponds & waterscapes, Road building & maintenance, Septic system installation, Paving job site preparation, Trenching, Underground utilities, Water trucks"
gcid:east_african_restaurant,East African restaurant,"Access, Breakfast, Brunch, Delivery, Dinner, Drive-through, Happy hours, Kitchen, Lunch, Online operating hours, Takeaway, Hours for the elderly",
gcid:east_javanese_restaurant,East Javanese restaurant,"Access, Breakfast, Brunch, Delivery, Dinner, Drive-through, Happy hours, Kitchen, Lunch, Online operating hours, Takeaway, Hours for the elderly",
gcid:eastern_catholic_church,Eastern Catholic church,"Access, Breakfast, Brunch, Delivery, Dinner, Kitchen, Lunch, Online operating hours, Pick-up, Takeaway, Hours for the elderly, Prayer, Mass, Confession, Adoration, Worship service",
gcid:eastern_european_grocery_store,Eastern European grocery store,"Access, Breakfast, Brunch, Delivery, Dinner, Drive-through, Happy hours, Kitchen, Lunch, Online operating hours, Pick-up, Takeaway, Hours for the elderly",
gcid:eastern_european_restaurant,Eastern European restaurant,"Access, Breakfast, Brunch, Delivery, Dinner, Drive-through, Happy hours, Kitchen, Lunch, Online operating hours, Takeaway, Hours for the elderly",
gcid:eastern_orthodox_church,Eastern Orthodox Church,"Access, Breakfast, Brunch, Delivery, Dinner, Kitchen, Lunch, Online operating hours, Pick-up, Takeaway, Hours for the elderly, Prayer, Worship service",
gcid:eating_disorder_treatment_center,Eating disorder treatment center,"Breakfast, Delivery, Dinner, Drive-through, Lunch, Online operating hours, Pick-up, Hours for the elderly",
gcid:ebike_charging_station,E-bike charging station,"Access, Breakfast, Brunch, Delivery, Dinner, Drive-through, Happy hours, Kitchen, Lunch, Online operating hours, Pick-up, Takeaway, Hours for the elderly",
gcid:eclectic_restaurant,Eclectic restaurant,"Access, Breakfast, Brunch, Delivery, Dinner, Drive-through, Happy hours, Kitchen, Lunch, Online operating hours, Takeaway, Hours for the elderly",
gcid:ecological_park,Ecological park,"Access, Breakfast, Brunch, Delivery, Dinner, Drive-through, Happy hours, Kitchen, Lunch, Online operating hours, Pick-up, Takeaway, Hours for the elderly",
gcid:ecologists_association,Ecologists association,"Access, Breakfast, Brunch, Delivery, Dinner, Drive-through, Happy hours, Kitchen, Lunch, Online operating hours, Pick-up, Takeaway, Hours for the elderly",
gcid:economic_consultant,Economic consultant,"Access, Breakfast, Brunch, Delivery, Dinner, Drive-through, Happy hours, Kitchen, Lunch, Online operating hours, Pick-up, Takeaway, Hours for the elderly",
gcid:economic_development_agency,Economic development agency,"Breakfast, Dinner, Drive-through, Lunch, Online operating hours, Hours for the elderly",
gcid:ecuadorian_restaurant,Ecuadorian restaurant,"Access, Breakfast, Brunch, Delivery, Dinner, Drive-through, Happy hours, Kitchen, Lunch, Online operating hours, Takeaway, Hours for the elderly",
gcid:education_center,Education center,"Access, Breakfast, Brunch, Delivery, Dinner, Drive-through, Happy hours, Kitchen, Lunch, Online operating hours, Pick-up, Takeaway, Hours for the elderly","Adult lessons, Kindergarten"
gcid:educational_consultant,Educational consultant,"Access, Breakfast, Brunch, Delivery, Dinner, Drive-through, Happy hours, Kitchen, Lunch, Online operating hours, Pick-up, Takeaway, Hours for the elderly",Career counseling
gcid:educational_institution,Educational institution,"Access, Breakfast, Brunch, Delivery, Dinner, Drive-through, Happy hours, Kitchen, Lunch, Online operating hours, Pick-up, Takeaway, Hours for the elderly",Kindergarten
gcid:educational_supply_store,Educational supply store,"Access, Breakfast, Brunch, Delivery, Dinner, Drive-through, Happy hours, Kitchen, Lunch, Online operating hours, Pick-up, Takeaway, Hours for the elderly",
gcid:educational_testing_service,Educational testing service,"Access, Breakfast, Brunch, Delivery, Dinner, Drive-through, Happy hours, Kitchen, Lunch, Online operating hours, Pick-up, Takeaway, Hours for the elderly",
gcid:eftpos_equipment_supplier,EFTPOS equipment supplier,"Breakfast, Dinner, Drive-through, Lunch, Online operating hours, Hours for the elderly",
gcid:egg_supplier,Egg supplier,"Access, Breakfast, Brunch, Delivery, Dinner, Drive-through, Happy hours, Kitchen, Lunch, Online operating hours, Pick-up, Takeaway, Hours for the elderly",
gcid:egyptian_restaurant,Egyptian restaurant,"Access, Breakfast, Brunch, Delivery, Dinner, Drive-through, Happy hours, Kitchen, Lunch, Online operating hours, Takeaway, Hours for the elderly",
gcid:elder_law_attorney,Elder law attorney,"Access, Breakfast, Brunch, Delivery, Dinner, Drive-through, Happy hours, Kitchen, Lunch, Online operating hours, Pick-up, Takeaway, Hours for the elderly",
gcid:electric_bicycle_store,Electric bicycle store,"Access, Breakfast, Brunch, Delivery, Dinner, Drive-through, Happy hours, Kitchen, Lunch, Online operating hours, Pick-up, Takeaway, Hours for the elderly",
gcid:electric_motor_repair_shop,Electric motor repair shop,"Access, Breakfast, Brunch, Delivery, Dinner, Drive-through, Happy hours, Kitchen, Lunch, Online operating hours, Pick-up, Takeaway, Hours for the elderly",
gcid:electric_motor_scooter_dealer,Electric motor scooter dealer,"Access, Breakfast, Brunch, Delivery, Dinner, Drive-through, Happy hours, Kitchen, Lunch, Online operating hours, Pick-up, Takeaway, Hours for the elderly",
gcid:electric_motor_store,Electric motor store,"Access, Breakfast, Brunch, Delivery, Dinner, Drive-through, Happy hours, Kitchen, Lunch, Online operating hours, Pick-up, Takeaway, Hours for the elderly",
gcid:electric_motor_vehicle_dealer,Electric motor vehicle dealer,"Access, Breakfast, Brunch, Delivery, Dinner, Drive-through, Happy hours, Kitchen, Lunch, Online operating hours, Pick-up, Takeaway, Hours for the elderly",
gcid:electric_motorcycle_dealer,Electric motorcycle dealer,"Access, Breakfast, Brunch, Delivery, Dinner, Drive-through, Happy hours, Kitchen, Lunch, Online operating hours, Pick-up, Takeaway, Hours for the elderly",
gcid:electric_utility_company,Electric utility company,"Access, Breakfast, Brunch, Delivery, Dinner, Drive-through, Happy hours, Kitchen, Lunch, Online operating hours, Pick-up, Takeaway, Hours for the elderly",
gcid:electric_vehicle_charging_station,Electric vehicle charging station,"Access, Breakfast, Brunch, Delivery, Dinner, Drive-through, Happy hours, Kitchen, Lunch, Online operating hours, Pick-up, Takeaway, Hours for the elderly",
gcid:electric_vehicle_charging_station_contractor,Electric vehicle charging station contractor,"Access, Breakfast, Brunch, Delivery, Dinner, Drive-through, Happy hours, Kitchen, Lunch, Online operating hours, Pick-up, Takeaway, Hours for the elderly",
gcid:electrical_appliance_wholesaler,Electrical appliance wholesaler,"Access, Breakfast, Brunch, Delivery, Dinner, Drive-through, Happy hours, Kitchen, Lunch, Online operating hours, Pick-up, Takeaway, Hours for the elderly",
gcid:electrical_engineer,Electrical engineer,"Access, Breakfast, Brunch, Delivery, Dinner, Drive-through, Happy hours, Kitchen, Lunch, Online operating hours, Pick-up, Takeaway, Hours for the elderly",Project management
gcid:electrical_equipment_supplier,Electrical equipment supplier,"Access, Breakfast, Brunch, Delivery, Dinner, Drive-through, Happy hours, Kitchen, Lunch, Online operating hours, Pick-up, Takeaway, Hours for the elderly",
gcid:electrical_installation_service,Electrical installation service,"Access, Breakfast, Brunch, Delivery, Dinner, Drive-through, Happy hours, Kitchen, Lunch, Online operating hours, Pick-up, Takeaway, Hours for the elderly","Electric car charger installation, Remodeling, Fan installation, Ground wire installation, Light fixture installation, Outdoor lighting installation, Electrical outlet & switch installation, Security system installation, Electrical outlet & switch relocation, Fan repair, Light fixture repair, Electrical outlet & switch repair, Electrical panel repair, Electrical panel replacement or upgrading, Electrical power restoration"
gcid:electrical_repair_shop,Electrical repair shop,"Access, Breakfast, Brunch, Delivery, Dinner, Drive-through, Happy hours, Kitchen, Lunch, Online operating hours, Pick-up, Takeaway, Hours for the elderly",
gcid:electrical_substation,Electrical substation,"Access, Breakfast, Brunch, Delivery, Dinner, Drive-through, Happy hours, Kitchen, Lunch, Online operating hours, Pick-up, Takeaway, Hours for the elderly",
gcid:electrical_supply_store,Electrical supply store,"Access, Breakfast, Brunch, Delivery, Dinner, Drive-through, Happy hours, Kitchen, Lunch, Online operating hours, Pick-up, Takeaway, Hours for the elderly",
gcid:electrical_wholesaler,Electrical products wholesaler,"Access, Breakfast, Brunch, Delivery, Dinner, Drive-through, Happy hours, Kitchen, Lunch, Online operating hours, Pick-up, Takeaway, Hours for the elderly","Delivery, General repairs & installation, Line of credit, Rentals, Safety inspection, Technical support"
gcid:electrician,Electrician,"Access, Breakfast, Brunch, Delivery, Dinner, Drive-through, Happy hours, Kitchen, Lunch, Online operating hours, Pick-up, Takeaway, Hours for the elderly","General alarm installation, General construction, Electric car charger installation, Electrical fixture installation, Electrical parts assembly, Electrical wiring installation, Electrical wiring repair, Remodeling, Electrical fuse changing, General repairs, Electrical heat resistor changing, Electrical inspections, Fan installation, Ground wire installation, Light fixture installation, Outdoor lighting installation, Electrical outlet & switch installation, Security system installation, Installation, Electrical outlet & switch relocation, Fan repair, Light fixture repair, Electrical outlet & switch repair, Electrical panel repair, Electrical panel replacement or upgrading, Electrical power restoration"
gcid:electrolysis_hair_removal_service,Electrolysis hair removal service,"Access, Breakfast, Brunch, Delivery, Dinner, Drive-through, Happy hours, Kitchen, Lunch, Online operating hours, Pick-up, Takeaway, Hours for the elderly",
gcid:electronic_engineer,Electronic engineering service,"Access, Breakfast, Brunch, Delivery, Dinner, Drive-through, Happy hours, Kitchen, Lunch, Online operating hours, Pick-up, Takeaway, Hours for the elderly",
gcid:electronic_parts_supplier,Electronic parts supplier,"Access, Breakfast, Brunch, Delivery, Dinner, Drive-through, Happy hours, Kitchen, Lunch, Online operating hours, Pick-up, Takeaway, Hours for the elderly",
gcid:electronics_accessories_wholesaler,Electronics accessories wholesaler,"Access, Breakfast, Brunch, Delivery, Dinner, Drive-through, Happy hours, Kitchen, Lunch, Online operating hours, Pick-up, Takeaway, Hours for the elderly",
gcid:electronics_company,Electronics company,"Access, Breakfast, Brunch, Delivery, Dinner, Drive-through, Happy hours, Kitchen, Lunch, Online operating hours, Pick-up, Takeaway, Hours for the elderly",
gcid:electronics_engineer,Electronics engineer,"Access, Breakfast, Brunch, Delivery, Dinner, Drive-through, Happy hours, Kitchen, Lunch, Online operating hours, Pick-up, Takeaway, Hours for the elderly",
gcid:electronics_hire_shop,Electronics hire shop,"Access, Breakfast, Brunch, Delivery, Dinner, Drive-through, Happy hours, Kitchen, Lunch, Online operating hours, Pick-up, Takeaway, Hours for the elderly",
gcid:electronics_manufacturer,Electronics manufacturer,"Access, Breakfast, Brunch, Delivery, Dinner, Drive-through, Happy hours, Kitchen, Lunch, Online operating hours, Pick-up, Takeaway, Hours for the elderly",
gcid:electronics_repair_shop,Electronics repair shop,"Access, Breakfast, Brunch, Delivery, Dinner, Drive-through, Happy hours, Kitchen, Lunch, Online operating hours, Pick-up, Takeaway, Hours for the elderly",Tablet repair
gcid:electronics_store,Electronics store,"Access, Breakfast, Brunch, Delivery, Dinner, Drive-through, Happy hours, Kitchen, Lunch, Online operating hours, Pick-up, Takeaway, Hours for the elderly",
gcid:electronics_vending_machine,Electronics vending machine,"Access, Breakfast, Brunch, Delivery, Dinner, Drive-through, Happy hours, Kitchen, Lunch, Online operating hours, Pick-up, Takeaway, Hours for the elderly",
gcid:electronics_wholesaler,Electronics wholesaler,"Access, Breakfast, Brunch, Delivery, Dinner, Drive-through, Happy hours, Kitchen, Lunch, Online operating hours, Pick-up, Takeaway, Hours for the elderly",
gcid:elementary_school,Elementary school,"Access, Breakfast, Brunch, Delivery, Dinner, Drive-through, Happy hours, Kitchen, Lunch, Online operating hours, Pick-up, Takeaway, Hours for the elderly",
gcid:elevator_manufacturer,Elevator manufacturer,"Access, Breakfast, Brunch, Delivery, Dinner, Drive-through, Happy hours, Kitchen, Lunch, Online operating hours, Pick-up, Takeaway, Hours for the elderly",
gcid:elevator_service,Elevator service,"Access, Breakfast, Brunch, Delivery, Dinner, Drive-through, Happy hours, Kitchen, Lunch, Online operating hours, Pick-up, Takeaway, Hours for the elderly","Commercial services, Dumbwaiters & chair lifts, General repairs, General repairs & maintenance, Installation, Modernization, Oil filtration, Pressure testing, Software upgrades"
gcid:embassy,Embassy,"Access, Breakfast, Brunch, Delivery, Dinner, Drive-through, Happy hours, Kitchen, Lunch, Online operating hours, Pick-up, Takeaway, Hours for the elderly",
gcid:embossing_service,Embossing service,"Access, Breakfast, Brunch, Delivery, Dinner, Drive-through, Happy hours, Kitchen, Lunch, Online operating hours, Pick-up, Takeaway, Hours for the elderly",
gcid:embroidery_service,Embroidery service,"Access, Breakfast, Brunch, Delivery, Dinner, Drive-through, Happy hours, Kitchen, Lunch, Online operating hours, Pick-up, Takeaway, Hours for the elderly","Commercial embroidery, Custom patch embroidery, Embroidery designs"
gcid:embroidery_shop,Embroidery shop,"Access, Breakfast, Brunch, Delivery, Dinner, Drive-through, Happy hours, Kitchen, Lunch, Online operating hours, Pick-up, Takeaway, Hours for the elderly",
gcid:emdr_psychotherapist,EMDR psychotherapist,"Breakfast, Delivery, Dinner, Drive-through, Lunch, Online operating hours, Pick-up, Hours for the elderly",
gcid:emergency_call_station,Emergency call booth,"Access, Breakfast, Brunch, Delivery, Dinner, Drive-through, Happy hours, Kitchen, Lunch, Online operating hours, Pick-up, Takeaway, Hours for the elderly",
gcid:emergency_care_physician,Emergency care physician,"Breakfast, Delivery, Dinner, Drive-through, Lunch, Online operating hours, Pick-up, Hours for the elderly",
gcid:emergency_care_service,Emergency care service,"Breakfast, Delivery, Dinner, Drive-through, Lunch, Online operating hours, Pick-up, Hours for the elderly",
gcid:emergency_dental_service,Emergency dental service,"Breakfast, Delivery, Dinner, Drive-through, Lunch, Online operating hours, Pick-up, Hours for the elderly",Teeth whitening
gcid:emergency_locksmith_service,Emergency locksmith service,"Access, Breakfast, Brunch, Delivery, Dinner, Drive-through, Happy hours, Kitchen, Lunch, Online operating hours, Pick-up, Takeaway, Hours for the elderly","Building lockouts, Car digital & remote key reprogramming, Building key copying, Car key copying, Door lock & bolt hardware installation, New key fob creation, Lock rekeying, Repair hardware, Safe lock install, open & repair, Security door locks, Car lockouts, Window locks"
gcid:emergency_room,Emergency room,"Breakfast, Delivery, Dinner, Drive-through, Lunch, Online operating hours, Pick-up, Hours for the elderly",
gcid:emergency_training,Emergency training,"Breakfast, Delivery, Dinner, Drive-through, Lunch, Online operating hours, Pick-up, Hours for the elderly","Aed training, Als/pls, Babysitting & child care, Bls/cpr, Child cpr, Cna testing, Cna training, First aid, Infant adult cpr, Lifeguarding, Swimming & water safety"
gcid:emergency_training_school,Emergency training school,"Access, Breakfast, Brunch, Delivery, Dinner, Drive-through, Happy hours, Kitchen, Lunch, Online operating hours, Pick-up, Takeaway, Hours for the elderly",
gcid:emergency_veterinarian_service,Emergency veterinarian service,"Breakfast, Delivery, Dinner, Drive-through, Lunch, Online operating hours, Pick-up, Hours for the elderly",
gcid:employment_agency,Employment agency,"Access, Breakfast, Brunch, Delivery, Dinner, Drive-through, Happy hours, Kitchen, Lunch, Online operating hours, Pick-up, Takeaway, Hours for the elderly",
gcid:employment_attorney,Employment attorney,"Access, Breakfast, Brunch, Delivery, Dinner, Drive-through, Happy hours, Kitchen, Lunch, Online operating hours, Pick-up, Takeaway, Hours for the elderly",
gcid:employment_center,Employment center,"Access, Breakfast, Brunch, Delivery, Dinner, Drive-through, Happy hours, Kitchen, Lunch, Online operating hours, Pick-up, Takeaway, Hours for the elderly",
gcid:employment_consultant,Employment consultant,"Access, Breakfast, Brunch, Delivery, Dinner, Drive-through, Happy hours, Kitchen, Lunch, Online operating hours, Pick-up, Takeaway, Hours for the elderly",
gcid:endocrinologist,Endocrinologist,"Breakfast, Delivery, Dinner, Drive-through, Lunch, Online operating hours, Pick-up, Hours for the elderly",
gcid:endodontist,Endodontist,"Breakfast, Delivery, Dinner, Drive-through, Lunch, Online operating hours, Pick-up, Hours for the elderly",
gcid:endoscopist,Endoscopist,"Breakfast, Delivery, Dinner, Drive-through, Lunch, Online operating hours, Pick-up, Hours for the elderly",
gcid:energy_advisory_service,Energy advisory service,"Access, Breakfast, Brunch, Delivery, Dinner, Drive-through, Happy hours, Kitchen, Lunch, Online operating hours, Pick-up, Takeaway, Hours for the elderly",
gcid:energy_equipment_and_solutions,Energy equipment and solutions,"Access, Breakfast, Brunch, Delivery, Dinner, Drive-through, Happy hours, Kitchen, Lunch, Online operating hours, Pick-up, Takeaway, Hours for the elderly",
gcid:energy_supplier,Energy supplier,"Access, Breakfast, Brunch, Delivery, Dinner, Drive-through, Happy hours, Kitchen, Lunch, Online operating hours, Pick-up, Takeaway, Hours for the elderly",
gcid:engine_rebuilding_service,Engine rebuilding service,"Access, Breakfast, Brunch, Delivery, Dinner, Drive-through, Happy hours, Kitchen, Lunch, Online operating hours, Pick-up, Takeaway, Hours for the elderly",
gcid:engineer,Engineer,"Access, Breakfast, Brunch, Delivery, Dinner, Drive-through, Happy hours, Kitchen, Lunch, Online operating hours, Pick-up, Takeaway, Hours for the elderly",
gcid:engineering_consultant,Engineering consultant,"Access, Breakfast, Brunch, Delivery, Dinner, Drive-through, Happy hours, Kitchen, Lunch, Online operating hours, Pick-up, Takeaway, Hours for the elderly",Project management
gcid:engineering_school,Engineering school,"Access, Breakfast, Brunch, Delivery, Dinner, Drive-through, Happy hours, Kitchen, Lunch, Online operating hours, Pick-up, Takeaway, Hours for the elderly",
gcid:english_language_camp,English language camp,"Access, Breakfast, Brunch, Delivery, Dinner, Drive-through, Happy hours, Kitchen, Lunch, Online operating hours, Pick-up, Takeaway, Hours for the elderly",
gcid:english_language_school,English language school,"Access, Breakfast, Brunch, Delivery, Dinner, Drive-through, Happy hours, Kitchen, Lunch, Online operating hours, Pick-up, Takeaway, Hours for the elderly","Adult lessons, Advanced classes, Beginner's classes, Group classes, Intermediate classes, Private lessons, Youth classes"
gcid:english_restaurant,English restaurant,"Access, Breakfast, Brunch, Delivery, Dinner, Drive-through, Happy hours, Kitchen, Lunch, Online operating hours, Takeaway, Hours for the elderly",
gcid:engraver,Engraver,"Access, Breakfast, Brunch, Delivery, Dinner, Drive-through, Happy hours, Kitchen, Lunch, Online operating hours, Pick-up, Takeaway, Hours for the elderly","Badges, Business card holder, Custom engraving, Engraving, Industrial engraving, Key chains, Name plates, Ornamental plates, Photo plaques, Stamps, Trophies & awards"
gcid:entertainer,Entertainer,"Access, Breakfast, Brunch, Delivery, Dinner, Drive-through, Happy hours, Kitchen, Lunch, Online operating hours, Pick-up, Takeaway, Hours for the elderly","Caricature drawing, DJ services, Face painting, Luau dancing entertainment, Photo booth rentals"
gcid:entertainment_agency,Entertainment agency,"Access, Breakfast, Brunch, Delivery, Dinner, Drive-through, Happy hours, Kitchen, Lunch, Online operating hours, Pick-up, Takeaway, Hours for the elderly",
gcid:envelope_supplier,Envelope supplier,"Access, Breakfast, Brunch, Delivery, Dinner, Drive-through, Happy hours, Kitchen, Lunch, Online operating hours, Pick-up, Takeaway, Hours for the elderly",
gcid:environment_office,Environment office,"Access, Breakfast, Brunch, Delivery, Dinner, Drive-through, Happy hours, Kitchen, Lunch, Online operating hours, Pick-up, Takeaway, Hours for the elderly",
gcid:environment_renewable_natural_resources,Environment renewable natural resources,"Access, Breakfast, Brunch, Delivery, Dinner, Drive-through, Happy hours, Kitchen, Lunch, Online operating hours, Pick-up, Takeaway, Hours for the elderly",
gcid:environmental_attorney,Environmental attorney,"Access, Breakfast, Brunch, Delivery, Dinner, Drive-through, Happy hours, Kitchen, Lunch, Online operating hours, Pick-up, Takeaway, Hours for the elderly",
gcid:environmental_consultant,Environmental consultant,"Access, Breakfast, Brunch, Delivery, Dinner, Drive-through, Happy hours, Kitchen, Lunch, Online operating hours, Pick-up, Takeaway, Hours for the elderly","Brownfields & voluntary remediation, Ccr & electric utilities, Clean air act services, Environmental due diligence, Facility energy management, Federal government services, Hazardous waste & superfund, Landfill design, Material recovery facilities, Renewable natural gas & energy systems, Resource planning, Solid waste planning, Storage tanks & spill prevention, Water quality monitoring"
gcid:environmental_engineer,Environmental engineer,"Access, Breakfast, Brunch, Delivery, Dinner, Drive-through, Happy hours, Kitchen, Lunch, Online operating hours, Pick-up, Takeaway, Hours for the elderly",
gcid:environmental_health_service,Environmental health service,"Access, Breakfast, Brunch, Delivery, Dinner, Drive-through, Happy hours, Kitchen, Lunch, Online operating hours, Pick-up, Takeaway, Hours for the elderly",
gcid:environmental_organization,Environmental organization,"Access, Breakfast, Brunch, Delivery, Dinner, Drive-through, Happy hours, Kitchen, Lunch, Online operating hours, Pick-up, Takeaway, Hours for the elderly",
gcid:environmental_protection_organization,Environmental protection organization,"Access, Breakfast, Brunch, Delivery, Dinner, Drive-through, Happy hours, Kitchen, Lunch, Online operating hours, Pick-up, Takeaway, Hours for the elderly",
gcid:episcopal_church,Episcopal church,"Access, Breakfast, Brunch, Delivery, Dinner, Kitchen, Lunch, Online operating hours, Pick-up, Takeaway, Hours for the elderly, Prayer, Worship service",
gcid:equestrian_club,Equestrian club,"Access, Breakfast, Brunch, Delivery, Dinner, Drive-through, Happy hours, Kitchen, Lunch, Online operating hours, Pick-up, Takeaway, Hours for the elderly",
gcid:equestrian_facility,Equestrian facility,"Access, Breakfast, Brunch, Delivery, Dinner, Drive-through, Happy hours, Kitchen, Lunch, Online operating hours, Pick-up, Takeaway, Hours for the elderly",
gcid:equestrian_store,Equestrian store,"Access, Breakfast, Brunch, Delivery, Dinner, Drive-through, Happy hours, Kitchen, Lunch, Online operating hours, Pick-up, Takeaway, Hours for the elderly",
gcid:equipment_exporter,Equipment exporter,"Access, Breakfast, Brunch, Delivery, Dinner, Drive-through, Happy hours, Kitchen, Lunch, Online operating hours, Pick-up, Takeaway, Hours for the elderly",
gcid:equipment_importer,Equipment importer,"Access, Breakfast, Brunch, Delivery, Dinner, Drive-through, Happy hours, Kitchen, Lunch, Online operating hours, Pick-up, Takeaway, Hours for the elderly",
gcid:equipment_rental_agency,Equipment rental agency,"Access, Breakfast, Brunch, Delivery, Dinner, Drive-through, Happy hours, Kitchen, Lunch, Online operating hours, Pick-up, Takeaway, Hours for the elderly","Aerial work platforms, Air compressors, Concrete & masonry, Earthmoving equipment, Equipment training, Forklift rental, Landscaping equipment, Lawn equipment, Light towers & generators, Plumbing, pipe, & conduit, Portable sanitation services, Power & hvac, Pumps, tanks, & filtration, Welders"
gcid:equipment_supplier,Equipment supplier,"Access, Breakfast, Brunch, Delivery, Dinner, Drive-through, Happy hours, Kitchen, Lunch, Online operating hours, Pick-up, Takeaway, Hours for the elderly",
gcid:eritrean_restaurant,Eritrean restaurant,"Access, Breakfast, Brunch, Delivery, Dinner, Drive-through, Happy hours, Kitchen, Lunch, Online operating hours, Takeaway, Hours for the elderly",
gcid:erotic_massage,Erotic massage,"Access, Breakfast, Brunch, Delivery, Dinner, Drive-through, Happy hours, Kitchen, Lunch, Online operating hours, Pick-up, Takeaway, Hours for the elderly",
gcid:escape_room_center,Escape room center,"Access, Breakfast, Brunch, Delivery, Dinner, Drive-through, Happy hours, Kitchen, Lunch, Online operating hours, Pick-up, Takeaway, Hours for the elderly",
gcid:escrow_service,Escrow service,"Breakfast, Dinner, Drive-through, Lunch, Online operating hours, Hours for the elderly",
gcid:espresso_bar,Espresso bar,"Access, Breakfast, Brunch, Delivery, Dinner, Drive-through, Happy hours, Kitchen, Lunch, Online operating hours, Takeaway, Hours for the elderly",
gcid:estate_appraiser,Estate appraiser,"Breakfast, Dinner, Drive-through, Lunch, Online operating hours, Hours for the elderly",
gcid:estate_liquidator,Estate liquidator,"Breakfast, Dinner, Drive-through, Lunch, Online operating hours, Hours for the elderly",
gcid:estate_litigation_attorney,Estate litigation attorney,"Access, Breakfast, Brunch, Delivery, Dinner, Drive-through, Happy hours, Kitchen, Lunch, Online operating hours, Pick-up, Takeaway, Hours for the elderly",
gcid:estate_planning_attorney,Estate planning attorney,"Access, Breakfast, Brunch, Delivery, Dinner, Drive-through, Happy hours, Kitchen, Lunch, Online operating hours, Pick-up, Takeaway, Hours for the elderly",
gcid:esthetics_service,Esthetics service,"Access, Breakfast, Brunch, Delivery, Dinner, Drive-through, Happy hours, Kitchen, Lunch, Online operating hours, Pick-up, Takeaway, Hours for the elderly",
gcid:ethiopian_restaurant,Ethiopian restaurant,"Access, Breakfast, Brunch, Delivery, Dinner, Drive-through, Happy hours, Kitchen, Lunch, Online operating hours, Takeaway, Hours for the elderly",
gcid:ethnographic_museum,Ethnographic museum,"Access, Breakfast, Brunch, Delivery, Dinner, Drive-through, Happy hours, Kitchen, Lunch, Online operating hours, Pick-up, Takeaway, Hours for the elderly",
gcid:european_grocery_store,European grocery store,"Access, Breakfast, Brunch, Delivery, Dinner, Drive-through, Happy hours, Kitchen, Lunch, Online operating hours, Pick-up, Takeaway, Hours for the elderly",
gcid:european_restaurant,European restaurant,"Access, Breakfast, Brunch, Delivery, Dinner, Drive-through, Happy hours, Kitchen, Lunch, Online operating hours, Takeaway, Hours for the elderly",
gcid:evangelical_church,Evangelical church,"Access, Breakfast, Brunch, Delivery, Dinner, Kitchen, Lunch, Online operating hours, Pick-up, Takeaway, Hours for the elderly, Prayer, Worship service",
gcid:evening_school,Evening school,"Access, Breakfast, Brunch, Delivery, Dinner, Drive-through, Happy hours, Kitchen, Lunch, Online operating hours, Pick-up, Takeaway, Hours for the elderly",
gcid:event_fabrication_service,Event fabrication service,"Access, Breakfast, Brunch, Delivery, Dinner, Drive-through, Happy hours, Kitchen, Lunch, Online operating hours, Pick-up, Takeaway, Hours for the elderly",
gcid:event_management_company,Event management company,"Access, Breakfast, Brunch, Delivery, Dinner, Drive-through, Happy hours, Kitchen, Lunch, Online operating hours, Pick-up, Takeaway, Hours for the elderly","Anniversary party planning, Baby shower planning, Bar & bat mitzvah planning, Birthday party planning, Bridal show management, Catering, Children's party planning, Community event planning & coordination, Conference planning & coordination, Corporate and conference, Corporate events, Event marketing, Event integration activity planning & coordination, Invitation printing, Marketing event planning & coordination, Quinceanera, Religious event, Religious event planning & coordination, Retirement party planning, School event, School event planning, Team building event planning, Team building event coordination, Theme party, Trade show planning & coordination, Wedding and engagement, Weddings"
gcid:event_planner,Event planner,"Access, Breakfast, Brunch, Delivery, Dinner, Drive-through, Happy hours, Kitchen, Lunch, Online operating hours, Pick-up, Takeaway, Hours for the elderly","Anniversary party planning, Baby shower planning, Bar & bat mitzvah planning, Birthday party planning, Catering, Children's party planning, Conference coordination, Conference planning, Corporate and conference, Corporate events, Event decor design, Event decor rental, Event staffing, Outdoor event planning, Party planning, Private event planning, Quinceanera, Religious event, Religious event planning, Retirement party planning, School event, Team building event planning, Team building event coordination, Theme parties, Theme party, Wedding and engagement, Weddings"
gcid:event_technology_service,Event technology service,"Access, Breakfast, Brunch, Delivery, Dinner, Drive-through, Happy hours, Kitchen, Lunch, Online operating hours, Pick-up, Takeaway, Hours for the elderly",
gcid:event_ticket_seller,Event ticket seller,"Access, Breakfast, Brunch, Delivery, Dinner, Drive-through, Happy hours, Kitchen, Lunch, Online operating hours, Pick-up, Takeaway, Hours for the elderly",
gcid:event_venue,Event venue,"Access, Breakfast, Brunch, Delivery, Dinner, Drive-through, Happy hours, Kitchen, Lunch, Online operating hours, Pick-up, Takeaway, Hours for the elderly","Corporate events, Weddings"
gcid:excavating_contractor,Excavating contractor,"Access, Breakfast, Brunch, Delivery, Dinner, Drive-through, Happy hours, Kitchen, Lunch, Online operating hours, Pick-up, Takeaway, Hours for the elderly","Augering, Concrete breaking & hauling, Debris removal, Demolition, Dirt removal, Driveway removal, Excavation & grading, Foundations, Jack & boring, Landscaping, Lot clearing, Substation site development"
gcid:executive_search_firm,Executive search firm,"Access, Breakfast, Brunch, Delivery, Dinner, Drive-through, Happy hours, Kitchen, Lunch, Online operating hours, Pick-up, Takeaway, Hours for the elderly",
gcid:executive_suite_rental_agency,Executive suite rental agency,"Access, Breakfast, Brunch, Delivery, Dinner, Drive-through, Happy hours, Kitchen, Lunch, Online operating hours, Pick-up, Takeaway, Hours for the elderly","Break room access, Company phone & fax number, Copy-fax-print center, Corporate mailing address, Full-time offices, Janitorial services, Mail & postage handling, Meeting/conference rooms, Onsite community manager, Part-time offices, Professional live receptionist, Reception areas, Security services, Video conferencing"
gcid:executor,Executor,"Access, Breakfast, Brunch, Delivery, Dinner, Drive-through, Happy hours, Kitchen, Lunch, Online operating hours, Pick-up, Takeaway, Hours for the elderly",
gcid:exhibit,Exhibit,"Access, Breakfast, Brunch, Delivery, Dinner, Drive-through, Happy hours, Kitchen, Lunch, Online operating hours, Pick-up, Takeaway, Hours for the elderly",
gcid:exhibition_and_trade_center,Exhibition and trade center,"Access, Breakfast, Brunch, Delivery, Dinner, Drive-through, Happy hours, Kitchen, Lunch, Online operating hours, Pick-up, Takeaway, Hours for the elderly",
gcid:exhibition_planner,Exhibition planner,"Access, Breakfast, Brunch, Delivery, Dinner, Drive-through, Happy hours, Kitchen, Lunch, Online operating hours, Pick-up, Takeaway, Hours for the elderly",
gcid:exporter,Exporter,"Access, Breakfast, Brunch, Delivery, Dinner, Drive-through, Happy hours, Kitchen, Lunch, Online operating hours, Pick-up, Takeaway, Hours for the elderly",
gcid:extended_stay_hotel,Extended stay hotel,"Access, Breakfast, Brunch, Delivery, Dinner, Drive-through, Happy hours, Kitchen, Lunch, Online operating hours, Pick-up, Takeaway, Hours for the elderly",
gcid:extremadurian_restaurant,Extremaduran restaurant,"Access, Breakfast, Brunch, Delivery, Dinner, Drive-through, Happy hours, Kitchen, Lunch, Online operating hours, Takeaway, Hours for the elderly",
gcid:eye_care_center,Eye care center,"Breakfast, Delivery, Dinner, Drive-through, Lunch, Online operating hours, Pick-up, Hours for the elderly",
gcid:eyebrow_bar,Eyebrow bar,"Access, Breakfast, Brunch, Delivery, Dinner, Drive-through, Happy hours, Kitchen, Lunch, Online operating hours, Pick-up, Takeaway, Hours for the elderly",Eyebrow tinting
gcid:eyelash_salon,Eyelash salon,"Access, Breakfast, Brunch, Delivery, Dinner, Drive-through, Happy hours, Kitchen, Lunch, Online operating hours, Pick-up, Takeaway, Hours for the elderly",
gcid:fabric_product_manufacturer,Fabric product manufacturer,"Access, Breakfast, Brunch, Delivery, Dinner, Drive-through, Happy hours, Kitchen, Lunch, Online operating hours, Pick-up, Takeaway, Hours for the elderly",
gcid:fabric_store,Fabric store,"Access, Breakfast, Brunch, Delivery, Dinner, Drive-through, Happy hours, Kitchen, Lunch, Online operating hours, Pick-up, Takeaway, Hours for the elderly",
gcid:fabric_wholesaler,Fabric wholesaler,"Access, Breakfast, Brunch, Delivery, Dinner, Drive-through, Happy hours, Kitchen, Lunch, Online operating hours, Pick-up, Takeaway, Hours for the elderly",
gcid:fabrication_engineer,Fabrication engineer,"Access, Breakfast, Brunch, Delivery, Dinner, Drive-through, Happy hours, Kitchen, Lunch, Online operating hours, Pick-up, Takeaway, Hours for the elderly","Cutting, General repairs & maintenance, Machining, Powder coating, Project management, Punching, Shearing, Welding"
gcid:facial_spa,Facial spa,"Access, Breakfast, Brunch, Delivery, Dinner, Drive-through, Happy hours, Kitchen, Lunch, Online operating hours, Pick-up, Takeaway, Hours for the elderly","Acne facial, Acne treatments, Anti-aging facial, Aromatherapy facial, Basic facial, BOTOX treatments, CBD facial, Chemical peels, Deep cleansing facial, Dermaplaning, European facial, Eyebrow threading, Facial lymphatic drainage, Facial massage, Glycolic peels, Hydradermabrasion/HydraFacial, IPL skin rejuvenation treatment, Lactic acid peels, LED skin phototherapy treatments, Mesotherapy, Microblading, Microcurrent facial, Microdermabrasion, Microneedling, Oxylance Institute treatments, PCA oxygenating treatments, Pigmentation problem treatments, Rosacea facial, Salicylic peels, Waxing"
gcid:factory_equipment_supplier,Factory equipment supplier,"Access, Breakfast, Brunch, Delivery, Dinner, Drive-through, Happy hours, Kitchen, Lunch, Online operating hours, Pick-up, Takeaway, Hours for the elderly",
gcid:faculty_of_law,Faculty of law,"Access, Breakfast, Brunch, Delivery, Dinner, Drive-through, Happy hours, Kitchen, Lunch, Online operating hours, Pick-up, Takeaway, Hours for the elderly",
gcid:faculty_of_pharmacy,Faculty of pharmacy,"Access, Breakfast, Brunch, Delivery, Dinner, Drive-through, Happy hours, Kitchen, Lunch, Online operating hours, Pick-up, Takeaway, Hours for the elderly",
gcid:faculty_of_science,Faculty of science,"Access, Breakfast, Brunch, Delivery, Dinner, Drive-through, Happy hours, Kitchen, Lunch, Online operating hours, Pick-up, Takeaway, Hours for the elderly",
gcid:fairground,Fairground,"Access, Breakfast, Brunch, Delivery, Dinner, Drive-through, Happy hours, Kitchen, Lunch, Online operating hours, Pick-up, Takeaway, Hours for the elderly",
gcid:falafel_restaurant,Falafel restaurant,"Access, Breakfast, Brunch, Delivery, Dinner, Drive-through, Happy hours, Kitchen, Lunch, Online operating hours, Takeaway, Hours for the elderly",
gcid:family_counselor,Family counselor,"Breakfast, Delivery, Dinner, Drive-through, Lunch, Online operating hours, Pick-up, Hours for the elderly",
gcid:family_day_care_service,Family day care service,"Access, Breakfast, Brunch, Delivery, Dinner, Drive-through, Happy hours, Kitchen, Lunch, Online operating hours, Pick-up, Takeaway, Hours for the elderly",
gcid:family_law_attorney,Family law attorney,"Access, Breakfast, Brunch, Delivery, Dinner, Drive-through, Happy hours, Kitchen, Lunch, Online operating hours, Pick-up, Takeaway, Hours for the elderly","Adoption legal services, Child support litigation, Contested divorce litigation, Contract litigation, Custody & visitation rights litigation, Debt division litigation, Divorce litigation, Father's rights litigation, Guardianship litigation, Mediation, Modification of court orders, Parent timesharing litigation, Paternity establishment litigation, Prenups & marital agreements writing, Probate legal services, Property division litigation, Restraining order litigation, Spousal support & alimony litigation, Uncontested divorce legal services"
gcid:family_planning_center,Family planning center,"Breakfast, Delivery, Dinner, Drive-through, Lunch, Online operating hours, Pick-up, Hours for the elderly",
gcid:family_planning_counselor,Family planning counselor,"Breakfast, Delivery, Dinner, Drive-through, Lunch, Online operating hours, Pick-up, Hours for the elderly",
gcid:family_practice_physician,Family practice physician,"Breakfast, Delivery, Dinner, Drive-through, Lunch, Online operating hours, Pick-up, Hours for the elderly",
gcid:family_restaurant,Family restaurant,"Access, Breakfast, Brunch, Delivery, Dinner, Drive-through, Happy hours, Kitchen, Lunch, Online operating hours, Takeaway, Hours for the elderly",
gcid:family_service_center,Family service center,"Breakfast, Delivery, Dinner, Drive-through, Lunch, Online operating hours, Pick-up, Hours for the elderly",
gcid:farm,Farm,"Access, Breakfast, Brunch, Delivery, Dinner, Drive-through, Happy hours, Kitchen, Lunch, Online operating hours, Pick-up, Takeaway, Hours for the elderly",
gcid:farm_bureau,Farm bureau,"Access, Breakfast, Brunch, Delivery, Dinner, Drive-through, Happy hours, Kitchen, Lunch, Online operating hours, Pick-up, Takeaway, Hours for the elderly",
gcid:farm_equipment_repair_service,Farm equipment repair service,"Access, Breakfast, Brunch, Delivery, Dinner, Drive-through, Happy hours, Kitchen, Lunch, Online operating hours, Pick-up, Takeaway, Hours for the elderly",
gcid:farm_equipment_supplier,Farm equipment supplier,"Access, Breakfast, Brunch, Delivery, Dinner, Drive-through, Happy hours, Kitchen, Lunch, Online operating hours, Pick-up, Takeaway, Hours for the elderly",
gcid:farm_household_tour,Farm household tour,"Access, Breakfast, Brunch, Delivery, Dinner, Drive-through, Happy hours, Kitchen, Lunch, Online operating hours, Pick-up, Takeaway, Hours for the elderly",
gcid:farm_school,Farm school,"Access, Breakfast, Brunch, Delivery, Dinner, Drive-through, Happy hours, Kitchen, Lunch, Online operating hours, Pick-up, Takeaway, Hours for the elderly",
gcid:farm_shop,Farm shop,"Access, Breakfast, Brunch, Delivery, Dinner, Drive-through, Happy hours, Kitchen, Lunch, Online operating hours, Pick-up, Takeaway, Hours for the elderly",
gcid:farmers_market,Farmers' market,"Access, Breakfast, Brunch, Delivery, Dinner, Drive-through, Happy hours, Kitchen, Lunch, Online operating hours, Pick-up, Takeaway, Hours for the elderly",
gcid:farmstay,Farmstay,"Access, Breakfast, Brunch, Delivery, Dinner, Drive-through, Happy hours, Kitchen, Lunch, Online operating hours, Pick-up, Takeaway, Hours for the elderly",
gcid:farrier_service,Farrier service,"Access, Breakfast, Brunch, Delivery, Dinner, Drive-through, Happy hours, Kitchen, Lunch, Online operating hours, Pick-up, Takeaway, Hours for the elderly",
gcid:fashion_accessories_store,Fashion accessories store,"Access, Breakfast, Brunch, Delivery, Dinner, Drive-through, Happy hours, Kitchen, Lunch, Online operating hours, Pick-up, Takeaway, Hours for the elderly",
gcid:fashion_design_school,Fashion design school,"Access, Breakfast, Brunch, Delivery, Dinner, Drive-through, Happy hours, Kitchen, Lunch, Online operating hours, Pick-up, Takeaway, Hours for the elderly",
gcid:fashion_designer,Fashion designer,"Access, Breakfast, Brunch, Delivery, Dinner, Drive-through, Happy hours, Kitchen, Lunch, Online operating hours, Pick-up, Takeaway, Hours for the elderly","Alterations, Kids' fashion design, Clothing rental, Clothing restyling, Custom clothing design, Custom wedding gown design, Delivery, Event management, General repairs, Hairstyling, Makeup services, Men's fashion design, Pageant wear design, Pattern making, Photography, Suit design, Tailoring, Videography, Wedding gown design, Women's fashion design"
gcid:fast_food_restaurant,Fast food restaurant,"Access, Breakfast, Brunch, Delivery, Dinner, Drive-through, Kitchen, Lunch, Online operating hours, Takeaway, Hours for the elderly",
gcid:fastener_supplier,Fastener supplier,"Access, Breakfast, Brunch, Delivery, Dinner, Drive-through, Happy hours, Kitchen, Lunch, Online operating hours, Pick-up, Takeaway, Hours for the elderly",
gcid:favela,Favela,"Access, Breakfast, Brunch, Delivery, Dinner, Drive-through, Happy hours, Kitchen, Lunch, Online operating hours, Pick-up, Takeaway, Hours for the elderly",
gcid:fax_service,Fax service,"Access, Breakfast, Brunch, Delivery, Dinner, Drive-through, Happy hours, Kitchen, Lunch, Online operating hours, Pick-up, Takeaway, Hours for the elderly",
gcid:federal_agency_for_technical_relief,Federal Agency for Technical Relief,"Access, Breakfast, Brunch, Delivery, Dinner, Drive-through, Happy hours, Kitchen, Lunch, Online operating hours, Pick-up, Takeaway, Hours for the elderly",
gcid:federal_credit_union,Federal credit union,"Breakfast, Dinner, Drive-through, Lunch, Online operating hours, Hours for the elderly",
gcid:federal_government_office,Federal government office,"Access, Breakfast, Brunch, Delivery, Dinner, Drive-through, Happy hours, Kitchen, Lunch, Online operating hours, Pick-up, Takeaway, Hours for the elderly",
gcid:federal_police,Federal police,"Access, Breakfast, Brunch, Delivery, Dinner, Drive-through, Happy hours, Kitchen, Lunch, Online operating hours, Pick-up, Takeaway, Hours for the elderly",
gcid:feed_manufacturer,Feed manufacturer,"Access, Breakfast, Brunch, Delivery, Dinner, Drive-through, Happy hours, Kitchen, Lunch, Online operating hours, Pick-up, Takeaway, Hours for the elderly",
gcid:feed_store,Animal feed store,"Access, Breakfast, Brunch, Delivery, Dinner, Drive-through, Happy hours, Kitchen, Lunch, Online operating hours, Pick-up, Takeaway, Hours for the elderly",
gcid:felt_boots_store,Felt boots store,"Access, Breakfast, Brunch, Delivery, Dinner, Drive-through, Happy hours, Kitchen, Lunch, Online operating hours, Pick-up, Takeaway, Hours for the elderly",
gcid:fence_contractor,Fence contractor,"Access, Breakfast, Brunch, Delivery, Dinner, Drive-through, Happy hours, Kitchen, Lunch, Online operating hours, Pick-up, Takeaway, Hours for the elderly","Aluminum fence installation, Automatic gate installation & repairs, Chain link fence installation, Custom fabrication, Custom fence construction, Deer fencing & ranch rail installation, Dog fence installation, Fence design, Fence installation, General repairs & maintenance, Iron fence installation, Ornamental iron fence design & installation, Pool fence installation, Privacy fence installation, Security fencing & metal cage installation, Simtek fencing installation, Trex fencing installation, Vinyl fence installation, Wood fence installation"
gcid:fence_supply_store,Fence supply store,"Access, Breakfast, Brunch, Delivery, Dinner, Drive-through, Happy hours, Kitchen, Lunch, Online operating hours, Pick-up, Takeaway, Hours for the elderly",
gcid:fencing_salon,Fencing salon,"Breakfast, Delivery, Dinner, Drive-through, Lunch, Online operating hours, Pick-up, Hours for the elderly",
gcid:fencing_school,Fencing school,"Breakfast, Delivery, Dinner, Drive-through, Lunch, Online operating hours, Pick-up, Hours for the elderly",
gcid:feng_shui_consultant,Feng shui consultant,"Access, Breakfast, Brunch, Delivery, Dinner, Drive-through, Happy hours, Kitchen, Lunch, Online operating hours, Pick-up, Takeaway, Hours for the elderly",
gcid:feng_shui_shop,Feng shui shop,"Access, Breakfast, Brunch, Delivery, Dinner, Drive-through, Happy hours, Kitchen, Lunch, Online operating hours, Pick-up, Takeaway, Hours for the elderly",
gcid:ferrari_dealer,Ferrari dealer,"Access, Breakfast, Brunch, Delivery, Dinner, Drive-through, Happy hours, Kitchen, Lunch, Online operating hours, Pick-up, Takeaway, Hours for the elderly",
gcid:ferris_wheel,Ferris wheel,"Access, Breakfast, Brunch, Delivery, Dinner, Drive-through, Happy hours, Kitchen, Lunch, Online operating hours, Pick-up, Takeaway, Hours for the elderly",
gcid:ferry_service,Ferry service,"Access, Breakfast, Brunch, Delivery, Dinner, Drive-through, Happy hours, Kitchen, Lunch, Online operating hours, Pick-up, Takeaway, Hours for the elderly",
gcid:fertility_clinic,Fertility clinic,"Breakfast, Delivery, Dinner, Drive-through, Lunch, Online operating hours, Pick-up, Hours for the elderly",
gcid:fertility_physician,Fertility physician,"Breakfast, Delivery, Dinner, Drive-through, Lunch, Online operating hours, Pick-up, Hours for the elderly",
gcid:fertilizer_supplier,Fertilizer supplier,"Access, Breakfast, Brunch, Delivery, Dinner, Drive-through, Happy hours, Kitchen, Lunch, Online operating hours, Pick-up, Takeaway, Hours for the elderly",
gcid:festival,Festival,"Access, Breakfast, Brunch, Delivery, Dinner, Drive-through, Happy hours, Kitchen, Lunch, Online operating hours, Pick-up, Takeaway, Hours for the elderly",
gcid:festival_hall,Festival hall,"Access, Breakfast, Brunch, Delivery, Dinner, Drive-through, Happy hours, Kitchen, Lunch, Online operating hours, Pick-up, Takeaway, Hours for the elderly",
gcid:fiat_dealer,Fiat dealer,"Access, Breakfast, Brunch, Delivery, Dinner, Drive-through, Happy hours, Kitchen, Lunch, Online operating hours, Pick-up, Takeaway, Hours for the elderly",
gcid:fiber_optic_products_supplier,Fiber optic products supplier,"Access, Breakfast, Brunch, Delivery, Dinner, Drive-through, Happy hours, Kitchen, Lunch, Online operating hours, Pick-up, Takeaway, Hours for the elderly",
gcid:fiberglass_repair_service,Fiberglass repair service,"Access, Breakfast, Brunch, Delivery, Dinner, Drive-through, Happy hours, Kitchen, Lunch, Online operating hours, Pick-up, Takeaway, Hours for the elderly",
gcid:fiberglass_supplier,Fiberglass supplier,"Access, Breakfast, Brunch, Delivery, Dinner, Drive-through, Happy hours, Kitchen, Lunch, Online operating hours, Pick-up, Takeaway, Hours for the elderly",
gcid:figurine_shop,Figurine shop,"Access, Breakfast, Brunch, Delivery, Dinner, Drive-through, Happy hours, Kitchen, Lunch, Online operating hours, Pick-up, Takeaway, Hours for the elderly",
gcid:filipino_grocery_store,Filipino grocery store,"Access, Breakfast, Brunch, Delivery, Dinner, Drive-through, Happy hours, Kitchen, Lunch, Online operating hours, Pick-up, Takeaway, Hours for the elderly",
gcid:filipino_restaurant,Filipino restaurant,"Access, Breakfast, Brunch, Delivery, Dinner, Drive-through, Happy hours, Kitchen, Lunch, Online operating hours, Takeaway, Hours for the elderly",
gcid:film_and_photograph_library,Film and photograph library,"Access, Breakfast, Brunch, Delivery, Dinner, Drive-through, Happy hours, Kitchen, Lunch, Online operating hours, Pick-up, Takeaway, Hours for the elderly",
gcid:film_production_company,Film production company,"Access, Breakfast, Brunch, Delivery, Dinner, Drive-through, Happy hours, Kitchen, Lunch, Online operating hours, Pick-up, Takeaway, Hours for the elderly",
gcid:filtration_plant,Filtration plant,"Access, Breakfast, Brunch, Delivery, Dinner, Drive-through, Happy hours, Kitchen, Lunch, Online operating hours, Pick-up, Takeaway, Hours for the elderly",
gcid:finance_broker,Finance broker,"Breakfast, Dinner, Drive-through, Lunch, Online operating hours, Hours for the elderly",
gcid:financial_advisor,Financial advisor,"Breakfast, Dinner, Drive-through, Lunch, Online operating hours, Hours for the elderly",
gcid:financial_audit,Financial audit,"Breakfast, Dinner, Drive-through, Lunch, Online operating hours, Hours for the elderly",
gcid:financial_consultant,Financial consultant,"Breakfast, Dinner, Drive-through, Lunch, Online operating hours, Hours for the elderly","Insurance annuity investment advisement, Business consulting, College savings-related financial consulting, Corporate finance consulting, Corporate trust-related financial consulting, Credit-related financial consulting, Debt management counseling, Divorce planning-related financial consulting, Education savings consulting, Estate planning, Financial coaching, Financial planning, Home purchasing consulting, Insurance-related financial advisement, Insurance purchase consulting, Investment advising, General investment consulting, Mutual & index fund consulting, Net worth & cash flow analysis consulting, Non-profit financial consulting, Philanthropic investing-related financial consulting, Real estate investment consulting, Retirement-related financial consulting, Retirement savings consulting, Stocks & bonds consulting, Tax planning, Wealth management"
gcid:financial_institution,Financial institution,"Breakfast, Dinner, Drive-through, Lunch, Online operating hours, Hours for the elderly",Financing
gcid:financial_planner,Financial planner,"Breakfast, Dinner, Drive-through, Lunch, Online operating hours, Hours for the elderly","Education savings consulting, Estate planning, Financial planning, Home purchasing consulting, Insurance purchase consulting, Investment advising, Retirement savings consulting, Tax planning, Wealth management"
gcid:fine_dining_restaurant,Fine dining restaurant,"Access, Breakfast, Brunch, Delivery, Dinner, Drive-through, Happy hours, Kitchen, Lunch, Online operating hours, Takeaway, Hours for the elderly",
gcid:fingerprinting_service,Fingerprinting service,"Access, Breakfast, Brunch, Delivery, Dinner, Drive-through, Happy hours, Kitchen, Lunch, Online operating hours, Pick-up, Takeaway, Hours for the elderly",
gcid:finishing_materials_supplier,Finishing materials supplier,"Access, Breakfast, Brunch, Delivery, Dinner, Drive-through, Happy hours, Kitchen, Lunch, Online operating hours, Pick-up, Takeaway, Hours for the elderly",
gcid:finnish_restaurant,Finnish restaurant,"Access, Breakfast, Brunch, Delivery, Dinner, Drive-through, Happy hours, Kitchen, Lunch, Online operating hours, Takeaway, Hours for the elderly",
gcid:fire_alarm_supplier,Fire alarm supplier,"Access, Breakfast, Brunch, Delivery, Dinner, Drive-through, Happy hours, Kitchen, Lunch, Online operating hours, Pick-up, Takeaway, Hours for the elderly",
gcid:fire_damage_restoration_service,Fire damage restoration service,"Access, Breakfast, Brunch, Delivery, Dinner, Drive-through, Happy hours, Kitchen, Lunch, Online operating hours, Pick-up, Takeaway, Hours for the elderly","Fire damage cleanup & repair, Water damage-related cleanup & repair, Flooring, Mold inspection, Water damage-related mold removal, Painting, Water damage-related pest control, Plumbing, Remodeling, Roofing, Sewage cleanup"
gcid:fire_department_equipment_supplier,Fire department equipment supplier,"Access, Breakfast, Brunch, Delivery, Dinner, Drive-through, Happy hours, Kitchen, Lunch, Online operating hours, Pick-up, Takeaway, Hours for the elderly",
gcid:fire_fighters_academy,Fire fighters academy,"Access, Breakfast, Brunch, Delivery, Dinner, Drive-through, Happy hours, Kitchen, Lunch, Online operating hours, Pick-up, Takeaway, Hours for the elderly",
gcid:fire_protection_consultant,Fire protection consultant,"Access, Breakfast, Brunch, Delivery, Dinner, Drive-through, Happy hours, Kitchen, Lunch, Online operating hours, Pick-up, Takeaway, Hours for the elderly",
gcid:fire_protection_equipment_supplier,Fire protection equipment supplier,"Access, Breakfast, Brunch, Delivery, Dinner, Drive-through, Happy hours, Kitchen, Lunch, Online operating hours, Pick-up, Takeaway, Hours for the elderly",
gcid:fire_protection_service,Fire protection service,"Access, Breakfast, Brunch, Delivery, Dinner, Drive-through, Happy hours, Kitchen, Lunch, Online operating hours, Pick-up, Takeaway, Hours for the elderly",
gcid:fire_protection_system_supplier,Fire protection system supplier,"Access, Breakfast, Brunch, Delivery, Dinner, Drive-through, Happy hours, Kitchen, Lunch, Online operating hours, Pick-up, Takeaway, Hours for the elderly",
gcid:fire_station,Fire station,"Access, Breakfast, Brunch, Delivery, Dinner, Drive-through, Happy hours, Kitchen, Lunch, Online operating hours, Pick-up, Takeaway, Hours for the elderly",
gcid:firearms_academy,Firearms academy,"Access, Breakfast, Brunch, Delivery, Dinner, Drive-through, Happy hours, Kitchen, Lunch, Online operating hours, Pick-up, Takeaway, Hours for the elderly",
gcid:fireplace_manufacturer,Fireplace manufacturer,"Access, Breakfast, Brunch, Delivery, Dinner, Drive-through, Happy hours, Kitchen, Lunch, Online operating hours, Pick-up, Takeaway, Hours for the elderly",
gcid:fireplace_store,Fireplace store,"Access, Breakfast, Brunch, Delivery, Dinner, Drive-through, Happy hours, Kitchen, Lunch, Online operating hours, Pick-up, Takeaway, Hours for the elderly",
gcid:firewood_supplier,Firewood supplier,"Access, Breakfast, Brunch, Delivery, Dinner, Drive-through, Happy hours, Kitchen, Lunch, Online operating hours, Pick-up, Takeaway, Hours for the elderly",
gcid:fireworks_store,Fireworks store,"Access, Breakfast, Brunch, Delivery, Dinner, Drive-through, Happy hours, Kitchen, Lunch, Online operating hours, Pick-up, Takeaway, Hours for the elderly",
gcid:fireworks_supplier,Fireworks supplier,"Access, Breakfast, Brunch, Delivery, Dinner, Drive-through, Happy hours, Kitchen, Lunch, Online operating hours, Pick-up, Takeaway, Hours for the elderly",
gcid:first_aid,First aid station,"Breakfast, Delivery, Dinner, Drive-through, Lunch, Online operating hours, Pick-up, Hours for the elderly",
gcid:fish_and_chips_restaurant,Fish & chips restaurant,"Access, Breakfast, Brunch, Delivery, Dinner, Drive-through, Happy hours, Kitchen, Lunch, Online operating hours, Takeaway, Hours for the elderly",
gcid:fish_and_chips_takeaway,Fish and chips takeaway,"Access, Breakfast, Brunch, Delivery, Dinner, Drive-through, Happy hours, Kitchen, Lunch, Online operating hours, Takeaway, Hours for the elderly",
gcid:fish_and_seafood_restaurant,Fish and seafood restaurant,"Access, Breakfast, Brunch, Delivery, Dinner, Drive-through, Happy hours, Kitchen, Lunch, Online operating hours, Takeaway, Hours for the elderly",
gcid:fish_farm,Fish farm,"Access, Breakfast, Brunch, Delivery, Dinner, Drive-through, Happy hours, Kitchen, Lunch, Online operating hours, Pick-up, Takeaway, Hours for the elderly",
gcid:fish_processing,Fish processing,"Access, Breakfast, Brunch, Delivery, Dinner, Drive-through, Happy hours, Kitchen, Lunch, Online operating hours, Pick-up, Takeaway, Hours for the elderly",
gcid:fish_restaurant,Fish restaurant,"Access, Breakfast, Brunch, Delivery, Dinner, Drive-through, Happy hours, Kitchen, Lunch, Online operating hours, Takeaway, Hours for the elderly",
gcid:fish_spa,Fish spa,"Access, Breakfast, Brunch, Delivery, Dinner, Drive-through, Happy hours, Kitchen, Lunch, Online operating hours, Pick-up, Takeaway, Hours for the elderly",
gcid:fish_store,Fish store,"Access, Breakfast, Brunch, Delivery, Dinner, Drive-through, Happy hours, Kitchen, Lunch, Online operating hours, Pick-up, Takeaway, Hours for the elderly",
gcid:fishing_camp,Fishing camp,"Access, Breakfast, Brunch, Delivery, Dinner, Drive-through, Happy hours, Kitchen, Lunch, Online operating hours, Pick-up, Takeaway, Hours for the elderly",
gcid:fishing_charter,Fishing charter,"Access, Breakfast, Brunch, Delivery, Dinner, Drive-through, Happy hours, Kitchen, Lunch, Online operating hours, Pick-up, Takeaway, Hours for the elderly",
gcid:fishing_club,Fishing club,"Access, Breakfast, Brunch, Delivery, Dinner, Drive-through, Happy hours, Kitchen, Lunch, Online operating hours, Pick-up, Takeaway, Hours for the elderly",
gcid:fishing_pier,Fishing pier,"Access, Breakfast, Brunch, Delivery, Dinner, Drive-through, Happy hours, Kitchen, Lunch, Online operating hours, Pick-up, Takeaway, Hours for the elderly",
gcid:fishing_pond,Fishing pond,"Access, Breakfast, Brunch, Delivery, Dinner, Drive-through, Happy hours, Kitchen, Lunch, Online operating hours, Pick-up, Takeaway, Hours for the elderly",
gcid:fishing_store,Fishing store,"Access, Breakfast, Brunch, Delivery, Dinner, Drive-through, Happy hours, Kitchen, Lunch, Online operating hours, Pick-up, Takeaway, Hours for the elderly",
gcid:fitness_center,Fitness center,"Breakfast, Delivery, Dinner, Drive-through, Lunch, Online operating hours, Pick-up, Hours for the elderly","Aerobics, Cycling, Jazzercise, Kickboxing, Nutrition consulting, Personal training, Private lessons, Youth classes, Zumba"
gcid:fitness_equipment_store,Exercise equipment store,"Access, Breakfast, Brunch, Delivery, Dinner, Drive-through, Happy hours, Kitchen, Lunch, Online operating hours, Pick-up, Takeaway, Hours for the elderly",
gcid:fitness_equipment_wholesaler,Fitness equipment wholesaler,"Access, Breakfast, Brunch, Delivery, Dinner, Drive-through, Happy hours, Kitchen, Lunch, Online operating hours, Pick-up, Takeaway, Hours for the elderly",
gcid:fitted_furniture_supplier,Fitted furniture supplier,"Access, Breakfast, Brunch, Delivery, Dinner, Drive-through, Happy hours, Kitchen, Lunch, Online operating hours, Pick-up, Takeaway, Hours for the elderly",
gcid:fixed_base_operator,Fixed-base operator,"Access, Breakfast, Brunch, Delivery, Dinner, Drive-through, Happy hours, Kitchen, Lunch, Online operating hours, Pick-up, Takeaway, Hours for the elderly",
gcid:flag_store,Flag store,"Access, Breakfast, Brunch, Delivery, Dinner, Drive-through, Happy hours, Kitchen, Lunch, Online operating hours, Pick-up, Takeaway, Hours for the elderly",
gcid:flamenco_dance_store,Flamenco dance store,"Access, Breakfast, Brunch, Delivery, Dinner, Drive-through, Happy hours, Kitchen, Lunch, Online operating hours, Pick-up, Takeaway, Hours for the elderly",
gcid:flamenco_school,Flamenco school,"Access, Breakfast, Brunch, Delivery, Dinner, Drive-through, Happy hours, Kitchen, Lunch, Online operating hours, Pick-up, Takeaway, Hours for the elderly",
gcid:flamenco_theater,Flamenco theater,"Access, Breakfast, Brunch, Delivery, Dinner, Drive-through, Happy hours, Kitchen, Lunch, Online operating hours, Pick-up, Takeaway, Hours for the elderly",
gcid:flavours_fragrances_and_aroma_supplier,Flavours fragrances and aroma supplier,"Access, Breakfast, Brunch, Delivery, Dinner, Drive-through, Happy hours, Kitchen, Lunch, Online operating hours, Pick-up, Takeaway, Hours for the elderly",
gcid:flea_market,Flea market,"Access, Breakfast, Brunch, Delivery, Dinner, Drive-through, Happy hours, Kitchen, Lunch, Online operating hours, Pick-up, Takeaway, Hours for the elderly",
gcid:flight_school,Flight school,"Access, Breakfast, Brunch, Delivery, Dinner, Drive-through, Happy hours, Kitchen, Lunch, Online operating hours, Pick-up, Takeaway, Hours for the elderly","Aircraft rentals, Commercial pilot training, Flight instructor training, Flight simulators, Helicopter training, High performance aircraft training, Instrument rating, Mountain flying checkout, Multi-engine rating, Private lessons, Private pilot license training, Solo pilot license training, Sport pilot license training, Technically advanced aircraft transition training"
gcid:floating_market,Floating market,"Access, Breakfast, Brunch, Delivery, Dinner, Drive-through, Happy hours, Kitchen, Lunch, Online operating hours, Pick-up, Takeaway, Hours for the elderly",
gcid:floor_refinishing_service,Floor refinishing service,"Access, Breakfast, Brunch, Delivery, Dinner, Drive-through, Happy hours, Kitchen, Lunch, Online operating hours, Pick-up, Takeaway, Hours for the elderly",
gcid:floor_sanding_and_polishing_service,Floor sanding and polishing service,"Access, Breakfast, Brunch, Delivery, Dinner, Drive-through, Happy hours, Kitchen, Lunch, Online operating hours, Pick-up, Takeaway, Hours for the elderly",
gcid:flooring_contractor,Flooring contractor,"Access, Breakfast, Brunch, Delivery, Dinner, Drive-through, Happy hours, Kitchen, Lunch, Online operating hours, Pick-up, Takeaway, Hours for the elderly","Furniture assembly, Baseboard installation, Carpet installation, Ceramic tile flooring installation, Gutter cleaning, Commercial floor coating, Concrete epoxy floor installation, Concrete floor polishing, Concrete patio floor installation, Concrete staining, Epoxy floor coating, Floor polishing, Floor refinishing, Floor repairs & maintenance, Floor tile installation, Floor tile restoration, Flooring repair, Garage floor epoxy coating, Remodeling, Drywall installation, Fan installation, Install flooring, Tile work installation, Plumbing fixture installation, Laminate floor installation, Marble floor installation, Marble floor repair, TV mounting, Paint indoors, Exterior painting, Drywall repair, Fan repair, Repair flooring, Repair water fixtures, Tile work replacement, Stair flooring, Wood floor installation, Wood floor refinishing, Wood floor repairs, Wood floor restoration, Wood floor sanding, Wood floor tile installation"
gcid:flooring_store,Flooring store,"Access, Breakfast, Brunch, Delivery, Dinner, Drive-through, Happy hours, Kitchen, Lunch, Online operating hours, Pick-up, Takeaway, Hours for the elderly",
gcid:floridian_restaurant,Floridian restaurant,"Access, Breakfast, Brunch, Delivery, Dinner, Drive-through, Happy hours, Kitchen, Lunch, Online operating hours, Takeaway, Hours for the elderly",
gcid:florist,Florist,"Access, Breakfast, Brunch, Delivery, Dinner, Drive-through, Happy hours, Kitchen, Lunch, Online operating hours, Pick-up, Takeaway, Hours for the elderly",
gcid:flour_mill,Flour mill,"Access, Breakfast, Brunch, Delivery, Dinner, Drive-through, Happy hours, Kitchen, Lunch, Online operating hours, Pick-up, Takeaway, Hours for the elderly",
gcid:flower_delivery,Flower delivery,"Access, Breakfast, Brunch, Delivery, Dinner, Drive-through, Happy hours, Kitchen, Lunch, Online operating hours, Pick-up, Takeaway, Hours for the elderly",
gcid:flower_designer,Flower designer,"Access, Breakfast, Brunch, Delivery, Dinner, Drive-through, Happy hours, Kitchen, Lunch, Online operating hours, Pick-up, Takeaway, Hours for the elderly",
gcid:flower_market,Flower market,"Access, Breakfast, Brunch, Delivery, Dinner, Drive-through, Happy hours, Kitchen, Lunch, Online operating hours, Pick-up, Takeaway, Hours for the elderly",
gcid:fmcg_goods_wholesaler,FMCG goods wholesaler,"Access, Breakfast, Brunch, Delivery, Dinner, Drive-through, Happy hours, Kitchen, Lunch, Online operating hours, Pick-up, Takeaway, Hours for the elderly",
gcid:fmcg_manufacturer,FMCG manufacturer,"Access, Breakfast, Brunch, Delivery, Dinner, Drive-through, Happy hours, Kitchen, Lunch, Online operating hours, Pick-up, Takeaway, Hours for the elderly",
gcid:foam_rubber_producer,Foam rubber producer,"Access, Breakfast, Brunch, Delivery, Dinner, Drive-through, Happy hours, Kitchen, Lunch, Online operating hours, Pick-up, Takeaway, Hours for the elderly",
gcid:foam_rubber_supplier,Foam rubber supplier,"Access, Breakfast, Brunch, Delivery, Dinner, Drive-through, Happy hours, Kitchen, Lunch, Online operating hours, Pick-up, Takeaway, Hours for the elderly",
gcid:folk_high_school,Folk high school,"Access, Breakfast, Brunch, Delivery, Dinner, Drive-through, Happy hours, Kitchen, Lunch, Online operating hours, Pick-up, Takeaway, Hours for the elderly",
gcid:fondue_restaurant,Fondue restaurant,"Access, Breakfast, Brunch, Delivery, Dinner, Drive-through, Happy hours, Kitchen, Lunch, Online operating hours, Takeaway, Hours for the elderly",
gcid:food_and_beverage_consultant,Food and beverage consultant,"Access, Breakfast, Brunch, Delivery, Dinner, Drive-through, Happy hours, Kitchen, Lunch, Online operating hours, Pick-up, Takeaway, Hours for the elderly",
gcid:food_and_beverage_exporter,Food and beverage exporter,"Access, Breakfast, Brunch, Delivery, Dinner, Drive-through, Happy hours, Kitchen, Lunch, Online operating hours, Pick-up, Takeaway, Hours for the elderly",
gcid:food_bank,Food bank,"Access, Breakfast, Brunch, Delivery, Dinner, Drive-through, Happy hours, Kitchen, Lunch, Online operating hours, Pick-up, Takeaway, Hours for the elderly",
gcid:food_broker,Food broker,"Access, Breakfast, Brunch, Delivery, Dinner, Drive-through, Happy hours, Kitchen, Lunch, Online operating hours, Pick-up, Takeaway, Hours for the elderly",
gcid:food_court,Food court,"Access, Breakfast, Brunch, Delivery, Dinner, Drive-through, Happy hours, Kitchen, Lunch, Online operating hours, Takeaway, Hours for the elderly",
gcid:food_machinery_supplier,Food machinery supplier,"Access, Breakfast, Brunch, Delivery, Dinner, Drive-through, Happy hours, Kitchen, Lunch, Online operating hours, Pick-up, Takeaway, Hours for the elderly",
gcid:food_manufacturer,Food manufacturer,"Access, Breakfast, Brunch, Delivery, Dinner, Drive-through, Happy hours, Kitchen, Lunch, Online operating hours, Pick-up, Takeaway, Hours for the elderly",
gcid:food_manufacturing_supply,Food manufacturing supply,"Access, Breakfast, Brunch, Delivery, Dinner, Drive-through, Happy hours, Kitchen, Lunch, Online operating hours, Pick-up, Takeaway, Hours for the elderly",
gcid:food_processing_company,Food processing company,"Access, Breakfast, Brunch, Delivery, Dinner, Drive-through, Happy hours, Kitchen, Lunch, Online operating hours, Pick-up, Takeaway, Hours for the elderly",
gcid:food_processing_equipment,Food processing equipment,"Access, Breakfast, Brunch, Delivery, Dinner, Drive-through, Happy hours, Kitchen, Lunch, Online operating hours, Pick-up, Takeaway, Hours for the elderly",
gcid:food_producer,Food producer,"Access, Breakfast, Brunch, Delivery, Dinner, Drive-through, Happy hours, Kitchen, Lunch, Online operating hours, Pick-up, Takeaway, Hours for the elderly",
gcid:food_products_supplier,Food products supplier,"Access, Breakfast, Brunch, Delivery, Dinner, Drive-through, Happy hours, Kitchen, Lunch, Online operating hours, Pick-up, Takeaway, Hours for the elderly",
gcid:food_seasoning_manufacturer,Food seasoning manufacturer,"Access, Breakfast, Brunch, Delivery, Dinner, Drive-through, Happy hours, Kitchen, Lunch, Online operating hours, Pick-up, Takeaway, Hours for the elderly",
gcid:foot_bath,Foot bath,"Access, Breakfast, Brunch, Delivery, Dinner, Drive-through, Happy hours, Kitchen, Lunch, Online operating hours, Pick-up, Takeaway, Hours for the elderly",
gcid:foot_care,Foot care,"Access, Breakfast, Brunch, Delivery, Dinner, Drive-through, Happy hours, Kitchen, Lunch, Online operating hours, Pick-up, Takeaway, Hours for the elderly",Foot massages
gcid:foot_massage_parlor,Foot massage parlor,"Breakfast, Delivery, Dinner, Drive-through, Lunch, Online operating hours, Pick-up, Hours for the elderly",
gcid:football_club,Football club,"Access, Breakfast, Brunch, Delivery, Dinner, Drive-through, Happy hours, Kitchen, Lunch, Online operating hours, Pick-up, Takeaway, Hours for the elderly",
gcid:football_field,American football field,"Access, Breakfast, Brunch, Delivery, Dinner, Drive-through, Happy hours, Kitchen, Lunch, Online operating hours, Pick-up, Takeaway, Hours for the elderly",
gcid:ford_dealer,Ford dealer,"Access, Breakfast, Brunch, Delivery, Dinner, Drive-through, Happy hours, Kitchen, Lunch, Online operating hours, Pick-up, Takeaway, Hours for the elderly",
gcid:foreclosure_service,Foreclosure service,"Breakfast, Dinner, Drive-through, Lunch, Online operating hours, Hours for the elderly",
gcid:foreign_consulate,Foreign consulate,"Access, Breakfast, Brunch, Delivery, Dinner, Drive-through, Happy hours, Kitchen, Lunch, Online operating hours, Pick-up, Takeaway, Hours for the elderly",
gcid:foreign_exchange_students_organization,Foreign exchange students organization,"Access, Breakfast, Brunch, Delivery, Dinner, Drive-through, Happy hours, Kitchen, Lunch, Online operating hours, Pick-up, Takeaway, Hours for the elderly",
gcid:foreign_languages_program_school,Foreign languages program school,"Access, Breakfast, Brunch, Delivery, Dinner, Drive-through, Happy hours, Kitchen, Lunch, Online operating hours, Pick-up, Takeaway, Hours for the elderly",
gcid:foreign_trade_consultant,Foreign trade consultant,"Access, Breakfast, Brunch, Delivery, Dinner, Drive-through, Happy hours, Kitchen, Lunch, Online operating hours, Pick-up, Takeaway, Hours for the elderly",
gcid:foreman_builders_association,Foreman builders association,"Access, Breakfast, Brunch, Delivery, Dinner, Drive-through, Happy hours, Kitchen, Lunch, Online operating hours, Pick-up, Takeaway, Hours for the elderly",
gcid:forensic_consultant,Forensic consultant,"Access, Breakfast, Brunch, Delivery, Dinner, Drive-through, Happy hours, Kitchen, Lunch, Online operating hours, Pick-up, Takeaway, Hours for the elderly",
gcid:forestry_service,Forestry service,"Access, Breakfast, Brunch, Delivery, Dinner, Drive-through, Happy hours, Kitchen, Lunch, Online operating hours, Pick-up, Takeaway, Hours for the elderly",
gcid:forklift_dealer,Forklift dealer,"Access, Breakfast, Brunch, Delivery, Dinner, Drive-through, Happy hours, Kitchen, Lunch, Online operating hours, Pick-up, Takeaway, Hours for the elderly",
gcid:forklift_rental_service,Forklift rental service,"Access, Breakfast, Brunch, Delivery, Dinner, Drive-through, Happy hours, Kitchen, Lunch, Online operating hours, Pick-up, Takeaway, Hours for the elderly",
gcid:formal_clothing_store,Formal wear store,"Access, Breakfast, Brunch, Delivery, Dinner, Drive-through, Happy hours, Kitchen, Lunch, Online operating hours, Pick-up, Takeaway, Hours for the elderly",
gcid:fortress,Fortress,"Access, Breakfast, Brunch, Delivery, Dinner, Drive-through, Happy hours, Kitchen, Lunch, Online operating hours, Pick-up, Takeaway, Hours for the elderly",
gcid:fortune_telling_services,Fortune telling services,"Access, Breakfast, Brunch, Delivery, Dinner, Drive-through, Happy hours, Kitchen, Lunch, Online operating hours, Pick-up, Takeaway, Hours for the elderly",
gcid:foster_care_service,Foster care service,"Access, Breakfast, Brunch, Delivery, Dinner, Drive-through, Happy hours, Kitchen, Lunch, Online operating hours, Pick-up, Takeaway, Hours for the elderly",
gcid:foundation,Foundation,"Access, Breakfast, Brunch, Delivery, Dinner, Drive-through, Happy hours, Kitchen, Lunch, Online operating hours, Pick-up, Takeaway, Hours for the elderly",
gcid:foundry,Foundry,"Access, Breakfast, Brunch, Delivery, Dinner, Drive-through, Happy hours, Kitchen, Lunch, Online operating hours, Pick-up, Takeaway, Hours for the elderly",
gcid:fountain_contractor,Fountain contractor,"Access, Breakfast, Brunch, Delivery, Dinner, Drive-through, Happy hours, Kitchen, Lunch, Online operating hours, Pick-up, Takeaway, Hours for the elderly",
gcid:foursquare_church,Foursquare church,"Access, Breakfast, Brunch, Delivery, Dinner, Kitchen, Lunch, Online operating hours, Pick-up, Takeaway, Hours for the elderly, Prayer, Worship service",
gcid:franconian_restaurant,Franconian restaurant,"Access, Breakfast, Brunch, Delivery, Dinner, Drive-through, Happy hours, Kitchen, Lunch, Online operating hours, Takeaway, Hours for the elderly",
gcid:fraternal_organization,Fraternal organization,"Access, Breakfast, Brunch, Delivery, Dinner, Drive-through, Happy hours, Kitchen, Lunch, Online operating hours, Pick-up, Takeaway, Hours for the elderly",
gcid:free_clinic,Free clinic,"Breakfast, Delivery, Dinner, Drive-through, Lunch, Online operating hours, Pick-up, Hours for the elderly",
gcid:free_parking_lot,Free parking lot,"Access, Breakfast, Brunch, Delivery, Dinner, Drive-through, Happy hours, Kitchen, Lunch, Online operating hours, Pick-up, Takeaway, Hours for the elderly",
gcid:freestyle_wrestling,Freestyle wrestling,"Breakfast, Delivery, Dinner, Drive-through, Lunch, Online operating hours, Pick-up, Hours for the elderly",
gcid:freight_forwarding_service,Freight forwarding service,"Access, Breakfast, Brunch, Delivery, Dinner, Drive-through, Happy hours, Kitchen, Lunch, Online operating hours, Pick-up, Takeaway, Hours for the elderly","Customs clearance, Vehicle transport"
gcid:french_language_school,French language school,"Access, Breakfast, Brunch, Delivery, Dinner, Drive-through, Happy hours, Kitchen, Lunch, Online operating hours, Pick-up, Takeaway, Hours for the elderly",
gcid:french_restaurant,French restaurant,"Access, Breakfast, Brunch, Delivery, Dinner, Drive-through, Happy hours, Kitchen, Lunch, Online operating hours, Takeaway, Hours for the elderly",
gcid:french_steakhouse_restaurant,French steakhouse restaurant,"Access, Breakfast, Brunch, Delivery, Dinner, Drive-through, Happy hours, Kitchen, Lunch, Online operating hours, Takeaway, Hours for the elderly",
gcid:fresh_food_market,Fresh food market,"Access, Breakfast, Brunch, Delivery, Dinner, Drive-through, Happy hours, Kitchen, Lunch, Online operating hours, Pick-up, Takeaway, Hours for the elderly",
gcid:fried_chicken_takeaway,Fried chicken takeaway,"Access, Breakfast, Brunch, Delivery, Dinner, Drive-through, Happy hours, Kitchen, Lunch, Online operating hours, Takeaway, Hours for the elderly",
gcid:friends_church,Friends church,"Access, Breakfast, Brunch, Delivery, Dinner, Kitchen, Lunch, Online operating hours, Pick-up, Takeaway, Hours for the elderly, Prayer, Worship service",
gcid:frituur,Frituur,"Access, Breakfast, Brunch, Delivery, Dinner, Drive-through, Kitchen, Lunch, Online operating hours, Takeaway, Hours for the elderly",
gcid:frozen_dessert_supplier,Frozen dessert supplier,"Access, Breakfast, Brunch, Delivery, Dinner, Drive-through, Happy hours, Kitchen, Lunch, Online operating hours, Pick-up, Takeaway, Hours for the elderly",
gcid:frozen_food_manufacturer,Frozen food manufacturer,"Access, Breakfast, Brunch, Delivery, Dinner, Drive-through, Happy hours, Kitchen, Lunch, Online operating hours, Pick-up, Takeaway, Hours for the elderly",
gcid:frozen_food_store,Frozen food store,"Access, Breakfast, Brunch, Delivery, Dinner, Drive-through, Happy hours, Kitchen, Lunch, Online operating hours, Pick-up, Takeaway, Hours for the elderly",
gcid:frozen_yogurt_shop,Frozen yogurt shop,"Access, Breakfast, Brunch, Delivery, Dinner, Drive-through, Happy hours, Kitchen, Lunch, Online operating hours, Takeaway, Hours for the elderly",
gcid:fruit_and_vegetable_processing,Fruit and vegetable processing,"Access, Breakfast, Brunch, Delivery, Dinner, Drive-through, Happy hours, Kitchen, Lunch, Online operating hours, Pick-up, Takeaway, Hours for the elderly",
gcid:fruit_and_vegetable_store,Fruit and vegetable store,"Access, Breakfast, Brunch, Delivery, Dinner, Drive-through, Happy hours, Kitchen, Lunch, Online operating hours, Pick-up, Takeaway, Hours for the elderly",
gcid:fruit_and_vegetable_wholesaler,Fruit and vegetable wholesaler,"Access, Breakfast, Brunch, Delivery, Dinner, Drive-through, Happy hours, Kitchen, Lunch, Online operating hours, Pick-up, Takeaway, Hours for the elderly",
gcid:fruit_parlor,Fruit parlor,"Access, Breakfast, Brunch, Delivery, Dinner, Drive-through, Happy hours, Kitchen, Lunch, Online operating hours, Pick-up, Takeaway, Hours for the elderly",
gcid:fruit_wholesaler,Fruit wholesaler,"Access, Breakfast, Brunch, Delivery, Dinner, Drive-through, Happy hours, Kitchen, Lunch, Online operating hours, Pick-up, Takeaway, Hours for the elderly",
gcid:fruits_wholesaler,Fruits wholesaler,"Access, Breakfast, Brunch, Delivery, Dinner, Drive-through, Happy hours, Kitchen, Lunch, Online operating hours, Pick-up, Takeaway, Hours for the elderly",
gcid:fu_jian_restaurant,Fujian restaurant,"Access, Breakfast, Brunch, Delivery, Dinner, Drive-through, Happy hours, Kitchen, Lunch, Online operating hours, Takeaway, Hours for the elderly",
gcid:fuel_supplier,Fuel supplier,"Access, Breakfast, Brunch, Delivery, Dinner, Drive-through, Happy hours, Kitchen, Lunch, Online operating hours, Pick-up, Takeaway, Hours for the elderly",
gcid:fugu_restaurant,Fugu restaurant,"Access, Breakfast, Brunch, Delivery, Dinner, Drive-through, Happy hours, Kitchen, Lunch, Online operating hours, Takeaway, Hours for the elderly",
gcid:full_dress_rental_service,Full dress rental service,"Access, Breakfast, Brunch, Delivery, Dinner, Drive-through, Happy hours, Kitchen, Lunch, Online operating hours, Pick-up, Takeaway, Hours for the elderly",
gcid:full_gospel_church,Full Gospel church,"Access, Breakfast, Brunch, Delivery, Dinner, Kitchen, Lunch, Online operating hours, Pick-up, Takeaway, Hours for the elderly, Prayer, Worship service",
gcid:function_room_facility,Function room facility,"Access, Breakfast, Brunch, Delivery, Dinner, Drive-through, Happy hours, Kitchen, Lunch, Online operating hours, Pick-up, Takeaway, Hours for the elderly","A/v equipment, Catering, Corporate events, Dance floors, Event decor design, Emcee & DJ services, Emcee & dj, Event consulting, Event lighting services, Event management, Event planning, Linens, Photography, Security services, Table & chair rentals, Videography"
gcid:funeral_celebrant_service,Funeral celebrant service,"Access, Breakfast, Brunch, Delivery, Dinner, Drive-through, Happy hours, Kitchen, Lunch, Online operating hours, Pick-up, Takeaway, Hours for the elderly",
gcid:funeral_director,Funeral director,"Access, Breakfast, Brunch, Delivery, Dinner, Drive-through, Happy hours, Kitchen, Lunch, Online operating hours, Pick-up, Takeaway, Hours for the elderly",
gcid:funeral_home,Funeral home,"Access, Breakfast, Brunch, Delivery, Dinner, Drive-through, Happy hours, Kitchen, Lunch, Online operating hours, Pick-up, Takeaway, Hours for the elderly",Financing
gcid:fur_coat_shop,Fur coat shop,"Access, Breakfast, Brunch, Delivery, Dinner, Drive-through, Happy hours, Kitchen, Lunch, Online operating hours, Pick-up, Takeaway, Hours for the elderly",
gcid:fur_manufacturer,Fur manufacturer,"Access, Breakfast, Brunch, Delivery, Dinner, Drive-through, Happy hours, Kitchen, Lunch, Online operating hours, Pick-up, Takeaway, Hours for the elderly",
gcid:fur_service,Fur service,"Access, Breakfast, Brunch, Delivery, Dinner, Drive-through, Happy hours, Kitchen, Lunch, Online operating hours, Pick-up, Takeaway, Hours for the elderly",
gcid:furnace_parts_supplier,Furnace parts supplier,"Access, Breakfast, Brunch, Delivery, Dinner, Drive-through, Happy hours, Kitchen, Lunch, Online operating hours, Pick-up, Takeaway, Hours for the elderly",
gcid:furnace_repair_service,Furnace repair service,"Access, Breakfast, Brunch, Delivery, Dinner, Drive-through, Happy hours, Kitchen, Lunch, Online operating hours, Pick-up, Takeaway, Hours for the elderly","A/C system maintenance, HVAC duct & vent cleaning, Ductless heating & A/C services, Heating system maintenance, HVAC system maintenance, Install AC, HVAC duct & vent installation, Heating system installation, Install thermostat, A/C system repair, HVAC duct & vent repair, Heating system repair, Repair HVAC, Thermostat repair"
gcid:furnace_store,Furnace store,"Access, Breakfast, Brunch, Delivery, Dinner, Drive-through, Happy hours, Kitchen, Lunch, Online operating hours, Pick-up, Takeaway, Hours for the elderly",
gcid:furnished_apartment_building,Furnished apartment building,"Access, Breakfast, Brunch, Delivery, Dinner, Drive-through, Happy hours, Kitchen, Lunch, Online operating hours, Pick-up, Takeaway, Hours for the elderly",
gcid:furniture_accessories,Furniture accessories,"Access, Breakfast, Brunch, Delivery, Dinner, Drive-through, Happy hours, Kitchen, Lunch, Online operating hours, Pick-up, Takeaway, Hours for the elderly",
gcid:furniture_accessories_supplier,Furniture accessories supplier,"Access, Breakfast, Brunch, Delivery, Dinner, Drive-through, Happy hours, Kitchen, Lunch, Online operating hours, Pick-up, Takeaway, Hours for the elderly",
gcid:furniture_maker,Furniture maker,"Access, Breakfast, Brunch, Delivery, Dinner, Drive-through, Happy hours, Kitchen, Lunch, Online operating hours, Pick-up, Takeaway, Hours for the elderly","Furniture antiquing, Furniture assembly, Cabinet construction & installation, Chair construction & installation, Couches/sofas, Custom furniture, Delivery, Desk construction & installation, Dresser construction & installation, Furniture design, Furniture repairs, Furniture glazing, Painting, Shelving/rack construction & installation, Wood staining, Furniture stripping, Table construction & installation, Woodworking"
gcid:furniture_manufacturer,Furniture manufacturer,"Access, Breakfast, Brunch, Delivery, Dinner, Drive-through, Happy hours, Kitchen, Lunch, Online operating hours, Pick-up, Takeaway, Hours for the elderly",Couches/sofas
gcid:furniture_rental_service,Furniture rental service,"Access, Breakfast, Brunch, Delivery, Dinner, Drive-through, Happy hours, Kitchen, Lunch, Online operating hours, Pick-up, Takeaway, Hours for the elderly",
gcid:furniture_repair_shop,Furniture repair shop,"Access, Breakfast, Brunch, Delivery, Dinner, Drive-through, Happy hours, Kitchen, Lunch, Online operating hours, Pick-up, Takeaway, Hours for the elderly","Additions, Furniture antiquing, Distressing, General repairs, Furniture glazing, Painting, Remodeling, Restoration, Wood staining, Furniture stripping, Upholstery"
gcid:furniture_store,Furniture store,"Access, Breakfast, Brunch, Delivery, Dinner, Drive-through, Happy hours, Kitchen, Lunch, Online operating hours, Pick-up, Takeaway, Hours for the elderly",
gcid:furniture_wholesaler,Furniture wholesaler,"Access, Breakfast, Brunch, Delivery, Dinner, Drive-through, Happy hours, Kitchen, Lunch, Online operating hours, Pick-up, Takeaway, Hours for the elderly","Custom furniture, Delivery, Furniture design, Furniture repairs, Reupholstery"
gcid:fusion_restaurant,Fusion restaurant,"Access, Breakfast, Brunch, Delivery, Dinner, Drive-through, Happy hours, Kitchen, Lunch, Online operating hours, Takeaway, Hours for the elderly",
gcid:futon_store,Futon store,"Access, Breakfast, Brunch, Delivery, Dinner, Drive-through, Happy hours, Kitchen, Lunch, Online operating hours, Pick-up, Takeaway, Hours for the elderly",
gcid:futsal_field,Futsal court,"Access, Breakfast, Brunch, Delivery, Dinner, Drive-through, Happy hours, Kitchen, Lunch, Online operating hours, Pick-up, Takeaway, Hours for the elderly",
gcid:galician_restaurant,Galician restaurant,"Access, Breakfast, Brunch, Delivery, Dinner, Drive-through, Happy hours, Kitchen, Lunch, Online operating hours, Takeaway, Hours for the elderly",
gcid:gambling_house,Gambling house,"Access, Breakfast, Brunch, Delivery, Dinner, Drive-through, Happy hours, Kitchen, Lunch, Online operating hours, Pick-up, Takeaway, Hours for the elderly",
gcid:gambling_instructor,Gambling instructor,"Access, Breakfast, Brunch, Delivery, Dinner, Drive-through, Happy hours, Kitchen, Lunch, Online operating hours, Pick-up, Takeaway, Hours for the elderly","Baccarat strategy, Blackjack strategy, Craps strategy, Dice control, Online gambling, Poker strategy, Power strike, Roulette strategy"
gcid:game_store,Game store,"Access, Breakfast, Brunch, Delivery, Dinner, Drive-through, Happy hours, Kitchen, Lunch, Online operating hours, Pick-up, Takeaway, Hours for the elderly",
gcid:garage_builder,Garage builder,"Access, Breakfast, Brunch, Delivery, Dinner, Drive-through, Happy hours, Kitchen, Lunch, Online operating hours, Pick-up, Takeaway, Hours for the elderly","Furniture assembly, Gutter cleaning, Remodeling, Drywall installation, Fan installation, Install flooring, Tile work installation, Plumbing fixture installation, TV mounting, Paint indoors, Exterior painting, Drywall repair, Fan repair, Repair flooring, Repair water fixtures, Tile work replacement"
gcid:garage_door_supplier,Garage door supplier,"Access, Breakfast, Brunch, Delivery, Dinner, Drive-through, Happy hours, Kitchen, Lunch, Online operating hours, Pick-up, Takeaway, Hours for the elderly","Customer support, Garage door consultation, Garage door design, General repairs & installation"
gcid:garbage_collection_service,Garbage collection service,"Access, Breakfast, Brunch, Delivery, Dinner, Drive-through, Happy hours, Kitchen, Lunch, Online operating hours, Pick-up, Takeaway, Hours for the elderly","Appliance removal & disposal, Construction debris removal, Donated goods pickup, Dumpster rental, Electronic waste removal & disposal, Furniture removal, Junk removal, Hazardous waste removal & disposal, House & garage cleanouts, Trash removal & disposal, Yard debris removal"
gcid:garbage_dump,Garbage dump,"Access, Breakfast, Brunch, Delivery, Dinner, Drive-through, Happy hours, Kitchen, Lunch, Online operating hours, Pick-up, Takeaway, Hours for the elderly",
gcid:garden,Garden,"Access, Breakfast, Brunch, Delivery, Dinner, Drive-through, Happy hours, Kitchen, Lunch, Online operating hours, Pick-up, Takeaway, Hours for the elderly",
gcid:garden_building_retail,Garden building supplier,"Access, Breakfast, Brunch, Delivery, Dinner, Drive-through, Happy hours, Kitchen, Lunch, Online operating hours, Pick-up, Takeaway, Hours for the elderly","Consulting, Delivery, Pest control service, Structure design & setup, Watering system installation"
gcid:garden_center,Garden center,"Access, Breakfast, Brunch, Delivery, Dinner, Drive-through, Happy hours, Kitchen, Lunch, Online operating hours, Pick-up, Takeaway, Hours for the elderly",
gcid:garden_furniture_store,Garden furniture shop,"Access, Breakfast, Brunch, Delivery, Dinner, Drive-through, Happy hours, Kitchen, Lunch, Online operating hours, Pick-up, Takeaway, Hours for the elderly",
gcid:garden_machinery,Garden machinery supplier,"Access, Breakfast, Brunch, Delivery, Dinner, Drive-through, Happy hours, Kitchen, Lunch, Online operating hours, Pick-up, Takeaway, Hours for the elderly",
gcid:gardener,Gardener,"Access, Breakfast, Brunch, Delivery, Dinner, Drive-through, Happy hours, Kitchen, Lunch, Online operating hours, Pick-up, Takeaway, Hours for the elderly","Fencing installation, Hedge trimming, Irrigation system repair & maintenance, Landscape design, Lawn mowing & maintenance, Lawn pest control, Mulching, Grass seeding, Sod installation, Weed control, Yard work"
gcid:garment_exporter,Garment exporter,"Access, Breakfast, Brunch, Delivery, Dinner, Drive-through, Happy hours, Kitchen, Lunch, Online operating hours, Pick-up, Takeaway, Hours for the elderly",
gcid:gas_company,Gas company,"Access, Breakfast, Brunch, Delivery, Dinner, Drive-through, Happy hours, Kitchen, Lunch, Online operating hours, Pick-up, Takeaway, Hours for the elderly",
gcid:gas_cylinders_supplier,Gas cylinders supplier,"Access, Breakfast, Brunch, Delivery, Dinner, Drive-through, Happy hours, Kitchen, Lunch, Online operating hours, Pick-up, Takeaway, Hours for the elderly",
gcid:gas_engineer,Gas engineer,"Access, Breakfast, Brunch, Delivery, Dinner, Drive-through, Happy hours, Kitchen, Lunch, Online operating hours, Pick-up, Takeaway, Hours for the elderly",
gcid:gas_installation_service,Gas installation service,"Access, Breakfast, Brunch, Delivery, Dinner, Drive-through, Happy hours, Kitchen, Lunch, Online operating hours, Pick-up, Takeaway, Hours for the elderly",
gcid:gas_logs_supplier,Gas logs supplier,"Access, Breakfast, Brunch, Delivery, Dinner, Drive-through, Happy hours, Kitchen, Lunch, Online operating hours, Pick-up, Takeaway, Hours for the elderly",
gcid:gas_shop,Gas shop,"Access, Breakfast, Brunch, Delivery, Dinner, Drive-through, Happy hours, Kitchen, Lunch, Online operating hours, Pick-up, Takeaway, Hours for the elderly",
gcid:gas_station,Gas station,"Access, Breakfast, Brunch, Delivery, Dinner, Drive-through, Happy hours, Kitchen, Lunch, Online operating hours, Pick-up, Takeaway, Hours for the elderly","Fuel delivery, General repairs & maintenance, Oil change"
gcid:gasfitter,Gasfitter,"Access, Breakfast, Brunch, Delivery, Dinner, Drive-through, Happy hours, Kitchen, Lunch, Online operating hours, Pick-up, Takeaway, Hours for the elderly",
gcid:gasket_manufacturer,Gasket manufacturer,"Access, Breakfast, Brunch, Delivery, Dinner, Drive-through, Happy hours, Kitchen, Lunch, Online operating hours, Pick-up, Takeaway, Hours for the elderly",
gcid:gastroenterologist,Gastroenterologist,"Breakfast, Delivery, Dinner, Drive-through, Lunch, Online operating hours, Pick-up, Hours for the elderly",
gcid:gastrointestinal_surgeon,Gastrointestinal surgeon,"Breakfast, Delivery, Dinner, Drive-through, Lunch, Online operating hours, Pick-up, Hours for the elderly",
gcid:gastropub,Gastropub,"Access, Breakfast, Brunch, Delivery, Dinner, Drive-through, Happy hours, Kitchen, Lunch, Online operating hours, Takeaway, Hours for the elderly",
gcid:gated_community,Gated community,"Access, Breakfast, Brunch, Delivery, Dinner, Drive-through, Happy hours, Kitchen, Lunch, Online operating hours, Pick-up, Takeaway, Hours for the elderly",
gcid:gay_and_lesbian_organization,Gay & lesbian organization,"Access, Breakfast, Brunch, Delivery, Dinner, Drive-through, Happy hours, Kitchen, Lunch, Online operating hours, Pick-up, Takeaway, Hours for the elderly",
gcid:gay_bar,Gay bar,"Access, Breakfast, Brunch, Delivery, Dinner, Drive-through, Happy hours, Kitchen, Lunch, Online operating hours, Takeaway, Hours for the elderly",
gcid:gay_night_club,Gay night club,"Access, Breakfast, Brunch, Delivery, Dinner, Drive-through, Happy hours, Kitchen, Lunch, Online operating hours, Pick-up, Takeaway, Hours for the elderly",
gcid:gay_sauna,Gay sauna,"Access, Breakfast, Brunch, Delivery, Dinner, Drive-through, Happy hours, Kitchen, Lunch, Online operating hours, Pick-up, Takeaway, Hours for the elderly",
gcid:gazebo_builder,Gazebo builder,"Access, Breakfast, Brunch, Delivery, Dinner, Drive-through, Happy hours, Kitchen, Lunch, Online operating hours, Pick-up, Takeaway, Hours for the elderly",
gcid:gemologist,Gemologist,"Access, Breakfast, Brunch, Delivery, Dinner, Drive-through, Happy hours, Kitchen, Lunch, Online operating hours, Pick-up, Takeaway, Hours for the elderly",
gcid:gemstone_dealer,Gemstone dealer,"Access, Breakfast, Brunch, Delivery, Dinner, Drive-through, Happy hours, Kitchen, Lunch, Online operating hours, Pick-up, Takeaway, Hours for the elderly",
gcid:genealogist,Genealogist,"Access, Breakfast, Brunch, Delivery, Dinner, Drive-through, Happy hours, Kitchen, Lunch, Online operating hours, Pick-up, Takeaway, Hours for the elderly",
gcid:general_contractor,General contractor,"Access, Breakfast, Brunch, Delivery, Dinner, Drive-through, Happy hours, Kitchen, Lunch, Online operating hours, Pick-up, Takeaway, Hours for the elderly","Accessory building construction, Furniture assembly, Basement remodeling, Bathroom remodeling, Building design, Gutter cleaning, Commercial projects, Concrete pouring, General construction, Custom home building, Deck construction, Erosion control construction, Exterior finishing, Exterior structural repairs, Flooring, Foundation pouring, General building construction, Remodeling, Home addition construction, Home building, Home construction, Home renovations, Home repairs, Drywall installation, Fan installation, Install flooring, Tile work installation, Plumbing fixture installation, Interior finishing, Interior structural repairs, Kitchen remodeling, Masonry installation, Metal building construction, TV mounting, New home construction, Paint indoors, Exterior painting, Painting, Patio construction, Pole building construction, Porch construction, Refurbishment, Drywall repair, Fan repair, Repair flooring, Repair water fixtures, Tile work replacement, Roof installation, Roof repair, Steel building construction, Waterproofing"
gcid:general_education_school,General education school,"Access, Breakfast, Brunch, Delivery, Dinner, Drive-through, Happy hours, Kitchen, Lunch, Online operating hours, Pick-up, Takeaway, Hours for the elderly",
gcid:general_hospital,General hospital,"Breakfast, Delivery, Dinner, Drive-through, Lunch, Online operating hours, Pick-up, Hours for the elderly",
gcid:general_practice_attorney,General practice attorney,"Access, Breakfast, Brunch, Delivery, Dinner, Drive-through, Happy hours, Kitchen, Lunch, Online operating hours, Pick-up, Takeaway, Hours for the elderly","Civil litigation, Construction representation, Criminal defense litigation, General legal services, Immigration legal assistance, Insurance litigation, Traffic ticket litigation"
gcid:general_practitioner,General practitioner,"Breakfast, Delivery, Dinner, Drive-through, Lunch, Online operating hours, Pick-up, Hours for the elderly",
gcid:general_store,General store,"Access, Breakfast, Brunch, Delivery, Dinner, Drive-through, Happy hours, Kitchen, Lunch, Online operating hours, Pick-up, Takeaway, Hours for the elderly",
gcid:generator_shop,Electric generator shop,"Access, Breakfast, Brunch, Delivery, Dinner, Drive-through, Happy hours, Kitchen, Lunch, Online operating hours, Pick-up, Takeaway, Hours for the elderly",
gcid:genesis_dealer,Genesis dealer,"Access, Breakfast, Brunch, Delivery, Dinner, Drive-through, Happy hours, Kitchen, Lunch, Online operating hours, Pick-up, Takeaway, Hours for the elderly",
gcid:geography_and_history_faculty,Faculty of geography and history,"Access, Breakfast, Brunch, Delivery, Dinner, Drive-through, Happy hours, Kitchen, Lunch, Online operating hours, Pick-up, Takeaway, Hours for the elderly",
gcid:geological_research_company,Geological research company,"Access, Breakfast, Brunch, Delivery, Dinner, Drive-through, Happy hours, Kitchen, Lunch, Online operating hours, Pick-up, Takeaway, Hours for the elderly",
gcid:geological_service,Geological service,"Access, Breakfast, Brunch, Delivery, Dinner, Drive-through, Happy hours, Kitchen, Lunch, Online operating hours, Pick-up, Takeaway, Hours for the elderly",
gcid:georgian_restaurant,Georgian restaurant,"Access, Breakfast, Brunch, Delivery, Dinner, Drive-through, Happy hours, Kitchen, Lunch, Online operating hours, Takeaway, Hours for the elderly",
gcid:geotechnical_engineer,Geotechnical engineer,"Access, Breakfast, Brunch, Delivery, Dinner, Drive-through, Happy hours, Kitchen, Lunch, Online operating hours, Pick-up, Takeaway, Hours for the elderly",
gcid:geriatrician,Geriatrician,"Breakfast, Delivery, Dinner, Drive-through, Lunch, Online operating hours, Pick-up, Hours for the elderly",
gcid:german_language_school,German language school,"Access, Breakfast, Brunch, Delivery, Dinner, Drive-through, Happy hours, Kitchen, Lunch, Online operating hours, Pick-up, Takeaway, Hours for the elderly",
gcid:german_restaurant,German restaurant,"Access, Breakfast, Brunch, Delivery, Dinner, Drive-through, Happy hours, Kitchen, Lunch, Online operating hours, Takeaway, Hours for the elderly",
gcid:gestalt_therapist,Gestalt therapist,"Breakfast, Delivery, Dinner, Drive-through, Lunch, Online operating hours, Pick-up, Hours for the elderly",
gcid:ghost_town,Ghost town,"Access, Breakfast, Brunch, Delivery, Dinner, Drive-through, Happy hours, Kitchen, Lunch, Online operating hours, Pick-up, Takeaway, Hours for the elderly",
gcid:gift_basket_store,Gift basket store,"Access, Breakfast, Brunch, Delivery, Dinner, Drive-through, Happy hours, Kitchen, Lunch, Online operating hours, Pick-up, Takeaway, Hours for the elderly",
gcid:gift_shop,Gift shop,"Access, Breakfast, Brunch, Delivery, Dinner, Drive-through, Happy hours, Kitchen, Lunch, Online operating hours, Pick-up, Takeaway, Hours for the elderly",
gcid:gift_wrap_store,Gift wrap store,"Access, Breakfast, Brunch, Delivery, Dinner, Drive-through, Happy hours, Kitchen, Lunch, Online operating hours, Pick-up, Takeaway, Hours for the elderly",
gcid:girl_bar,Girl bar,"Access, Breakfast, Brunch, Delivery, Dinner, Drive-through, Happy hours, Kitchen, Lunch, Online operating hours, Takeaway, Hours for the elderly",
gcid:girls_secondary_school,Girls' high school,"Access, Breakfast, Brunch, Delivery, Dinner, Drive-through, Happy hours, Kitchen, Lunch, Online operating hours, Pick-up, Takeaway, Hours for the elderly",
gcid:glass_and_mirror_shop,Glass & mirror shop,"Access, Breakfast, Brunch, Delivery, Dinner, Drive-through, Happy hours, Kitchen, Lunch, Online operating hours, Pick-up, Takeaway, Hours for the elderly","Auto glass repair, General door installation, General door repair, General repairs & maintenance, Glass cutting, Glass design, Glass fitting, Glass installation, Glass restoration & repair, Glass weatherproofing, Skylight installation, Skylight repair, Window boardup, Window installation, Window repair, Window tinting"
gcid:glass_block_supplier,Glass block supplier,"Access, Breakfast, Brunch, Delivery, Dinner, Drive-through, Happy hours, Kitchen, Lunch, Online operating hours, Pick-up, Takeaway, Hours for the elderly",
gcid:glass_blower,Glass blower,"Access, Breakfast, Brunch, Delivery, Dinner, Drive-through, Happy hours, Kitchen, Lunch, Online operating hours, Pick-up, Takeaway, Hours for the elderly",
gcid:glass_cutting_service,Glass cutting service,"Access, Breakfast, Brunch, Delivery, Dinner, Drive-through, Happy hours, Kitchen, Lunch, Online operating hours, Pick-up, Takeaway, Hours for the elderly",
gcid:glass_engraving,Glass engraving service,"Access, Breakfast, Brunch, Delivery, Dinner, Drive-through, Happy hours, Kitchen, Lunch, Online operating hours, Pick-up, Takeaway, Hours for the elderly",
gcid:glass_etching_service,Glass etching service,"Access, Breakfast, Brunch, Delivery, Dinner, Drive-through, Happy hours, Kitchen, Lunch, Online operating hours, Pick-up, Takeaway, Hours for the elderly",
gcid:glass_industry,Glass industry,"Access, Breakfast, Brunch, Delivery, Dinner, Drive-through, Happy hours, Kitchen, Lunch, Online operating hours, Pick-up, Takeaway, Hours for the elderly",
gcid:glass_manufacturer,Glass manufacturer,"Access, Breakfast, Brunch, Delivery, Dinner, Drive-through, Happy hours, Kitchen, Lunch, Online operating hours, Pick-up, Takeaway, Hours for the elderly",
gcid:glass_merchant,Glass merchant,"Access, Breakfast, Brunch, Delivery, Dinner, Drive-through, Happy hours, Kitchen, Lunch, Online operating hours, Pick-up, Takeaway, Hours for the elderly",
gcid:glass_repair_service,Glass repair service,"Access, Breakfast, Brunch, Delivery, Dinner, Drive-through, Happy hours, Kitchen, Lunch, Online operating hours, Pick-up, Takeaway, Hours for the elderly","General door installation, General door repair, Glass installation, Wiper blade installation, Auto power window repair, Auto windshield leak repair, Auto windshield repair, Auto rear window replacement, Auto side view mirror repair, Auto side window replacement, Sunroof glass replacement, Auto windshield replacement, Skylight installation, Skylight repair, Window boardup, Window installation, Window repair"
gcid:glass_shop,Glass shop,"Access, Breakfast, Brunch, Delivery, Dinner, Drive-through, Happy hours, Kitchen, Lunch, Online operating hours, Pick-up, Takeaway, Hours for the elderly","General door installation, General door repair, Glass installation, Skylight installation, Skylight repair, Window boardup, Window installation, Window repair"
gcid:glasses_repair_service,Glasses repair service,"Breakfast, Delivery, Dinner, Drive-through, Lunch, Online operating hours, Pick-up, Hours for the elderly",
gcid:glassware_manufacturer,Glassware manufacturer,"Access, Breakfast, Brunch, Delivery, Dinner, Drive-through, Happy hours, Kitchen, Lunch, Online operating hours, Pick-up, Takeaway, Hours for the elderly",
gcid:glassware_store,Glassware store,"Access, Breakfast, Brunch, Delivery, Dinner, Drive-through, Happy hours, Kitchen, Lunch, Online operating hours, Pick-up, Takeaway, Hours for the elderly",
gcid:glassware_wholesaler,Glassware wholesaler,"Access, Breakfast, Brunch, Delivery, Dinner, Drive-through, Happy hours, Kitchen, Lunch, Online operating hours, Pick-up, Takeaway, Hours for the elderly",
gcid:glazier,Glazier,"Access, Breakfast, Brunch, Delivery, Dinner, Drive-through, Happy hours, Kitchen, Lunch, Online operating hours, Pick-up, Takeaway, Hours for the elderly","Auto glass repair, Glass cutting, Glass design, Glass fitting, Glass installation, Glass restoration & repair, Glass weatherproofing, Shower door replacement"
gcid:gluten_free_restaurant,Gluten-free restaurant,"Access, Breakfast, Brunch, Delivery, Dinner, Drive-through, Happy hours, Kitchen, Lunch, Online operating hours, Takeaway, Hours for the elderly",
gcid:gmc_dealer,GMC dealer,"Access, Breakfast, Brunch, Delivery, Dinner, Drive-through, Happy hours, Kitchen, Lunch, Online operating hours, Pick-up, Takeaway, Hours for the elderly",
gcid:go_club,Go club,"Access, Breakfast, Brunch, Delivery, Dinner, Drive-through, Happy hours, Kitchen, Lunch, Online operating hours, Pick-up, Takeaway, Hours for the elderly",
gcid:go_kart_track,Go-karting venue,"Access, Breakfast, Brunch, Delivery, Dinner, Drive-through, Happy hours, Kitchen, Lunch, Online operating hours, Pick-up, Takeaway, Hours for the elderly",
gcid:goan_restaurant,Goan restaurant,"Access, Breakfast, Brunch, Delivery, Dinner, Drive-through, Happy hours, Kitchen, Lunch, Online operating hours, Takeaway, Hours for the elderly",
gcid:gold_dealer,Gold dealer,"Breakfast, Dinner, Drive-through, Lunch, Online operating hours, Hours for the elderly",
gcid:gold_mining_company,Gold mining company,"Access, Breakfast, Brunch, Delivery, Dinner, Drive-through, Happy hours, Kitchen, Lunch, Online operating hours, Pick-up, Takeaway, Hours for the elderly",
gcid:goldfish_store,Goldfish store,"Access, Breakfast, Brunch, Delivery, Dinner, Drive-through, Happy hours, Kitchen, Lunch, Online operating hours, Pick-up, Takeaway, Hours for the elderly",
gcid:goldsmith,Goldsmith,"Access, Breakfast, Brunch, Delivery, Dinner, Drive-through, Happy hours, Kitchen, Lunch, Online operating hours, Pick-up, Takeaway, Hours for the elderly","Jewelry alterations, Jewelry cleaning, Jewelry consultation, Jewelry design, Jewelry repair, Jewelry restoration, Polishing, Ring sizing, Stone setting"
gcid:golf_cart_dealer,Golf cart dealer,"Access, Breakfast, Brunch, Delivery, Dinner, Drive-through, Happy hours, Kitchen, Lunch, Online operating hours, Pick-up, Takeaway, Hours for the elderly",
gcid:golf_club,Golf club,"Access, Breakfast, Brunch, Delivery, Dinner, Drive-through, Happy hours, Kitchen, Lunch, Online operating hours, Pick-up, Takeaway, Hours for the elderly",
gcid:golf_course,Golf course,"Access, Breakfast, Brunch, Delivery, Dinner, Drive-through, Happy hours, Kitchen, Lunch, Online operating hours, Pick-up, Takeaway, Hours for the elderly",
gcid:golf_course_builder,Golf course builder,"Access, Breakfast, Brunch, Delivery, Dinner, Drive-through, Happy hours, Kitchen, Lunch, Online operating hours, Pick-up, Takeaway, Hours for the elderly",
gcid:golf_driving_range,Golf driving range,"Access, Breakfast, Brunch, Delivery, Dinner, Drive-through, Happy hours, Kitchen, Lunch, Online operating hours, Pick-up, Takeaway, Hours for the elderly",
gcid:golf_instructor,Golf instructor,"Breakfast, Delivery, Dinner, Drive-through, Lunch, Online operating hours, Pick-up, Hours for the elderly","Club fitting, Corporate events, Golf trips, Group lessons, Indoor video analysis, New student assessment, Online lessons, Private lessons, Youth golf instruction"
gcid:golf_shop,Golf shop,"Access, Breakfast, Brunch, Delivery, Dinner, Drive-through, Happy hours, Kitchen, Lunch, Online operating hours, Pick-up, Takeaway, Hours for the elderly",
gcid:gospel_church,Gospel church,"Access, Breakfast, Brunch, Delivery, Dinner, Kitchen, Lunch, Online operating hours, Pick-up, Takeaway, Hours for the elderly, Prayer, Worship service",
gcid:gourmet_grocery_store,Gourmet grocery store,"Access, Breakfast, Brunch, Delivery, Dinner, Drive-through, Happy hours, Kitchen, Lunch, Online operating hours, Pick-up, Takeaway, Hours for the elderly",
gcid:government_college,Government college,"Access, Breakfast, Brunch, Delivery, Dinner, Drive-through, Happy hours, Kitchen, Lunch, Online operating hours, Pick-up, Takeaway, Hours for the elderly",
gcid:government_economic_program,Government economic program,"Access, Breakfast, Brunch, Delivery, Dinner, Drive-through, Happy hours, Kitchen, Lunch, Online operating hours, Pick-up, Takeaway, Hours for the elderly",
gcid:government_hospital,Government hospital,"Breakfast, Delivery, Dinner, Drive-through, Lunch, Online operating hours, Pick-up, Hours for the elderly",
gcid:government_office,Government office,"Access, Breakfast, Brunch, Delivery, Dinner, Drive-through, Happy hours, Kitchen, Lunch, Online operating hours, Pick-up, Takeaway, Hours for the elderly",
gcid:government_ration_shop,Government ration shop,"Access, Breakfast, Brunch, Delivery, Dinner, Drive-through, Happy hours, Kitchen, Lunch, Online operating hours, Pick-up, Takeaway, Hours for the elderly",
gcid:government_school,Government school,"Access, Breakfast, Brunch, Delivery, Dinner, Drive-through, Happy hours, Kitchen, Lunch, Online operating hours, Pick-up, Takeaway, Hours for the elderly",
gcid:gps_supplier,GPS supplier,"Access, Breakfast, Brunch, Delivery, Dinner, Drive-through, Happy hours, Kitchen, Lunch, Online operating hours, Pick-up, Takeaway, Hours for the elderly",
gcid:graduate_school,Graduate school,"Access, Breakfast, Brunch, Delivery, Dinner, Drive-through, Happy hours, Kitchen, Lunch, Online operating hours, Pick-up, Takeaway, Hours for the elderly",
gcid:graffiti_removal_service,Graffiti removal service,"Access, Breakfast, Brunch, Delivery, Dinner, Drive-through, Happy hours, Kitchen, Lunch, Online operating hours, Pick-up, Takeaway, Hours for the elderly",
gcid:grain_elevator,Grain elevator,"Access, Breakfast, Brunch, Delivery, Dinner, Drive-through, Happy hours, Kitchen, Lunch, Online operating hours, Pick-up, Takeaway, Hours for the elderly",
gcid:grammar_school,Grammar school,"Access, Breakfast, Brunch, Delivery, Dinner, Drive-through, Happy hours, Kitchen, Lunch, Online operating hours, Pick-up, Takeaway, Hours for the elderly",
gcid:granite_supplier,Granite supplier,"Access, Breakfast, Brunch, Delivery, Dinner, Drive-through, Happy hours, Kitchen, Lunch, Online operating hours, Pick-up, Takeaway, Hours for the elderly","Building exterior, Countertops, Fireplace installations, Flooring, Shower walls, Marble sink installation & repair, Staircases, Stone care & maintenance, Stone fabrication, Stone installation, Tub deck, Veneer stone"
gcid:graphic_designer,Graphic designer,"Access, Breakfast, Brunch, Delivery, Dinner, Drive-through, Happy hours, Kitchen, Lunch, Online operating hours, Pick-up, Takeaway, Hours for the elderly","Catalogs, Flyers & brochures, Letterhead & business cards, Magazines, Posters"
gcid:gravel_pit,Gravel pit,"Access, Breakfast, Brunch, Delivery, Dinner, Drive-through, Happy hours, Kitchen, Lunch, Online operating hours, Pick-up, Takeaway, Hours for the elderly",
gcid:gravel_plant,Gravel plant,"Access, Breakfast, Brunch, Delivery, Dinner, Drive-through, Happy hours, Kitchen, Lunch, Online operating hours, Pick-up, Takeaway, Hours for the elderly",
gcid:greek_orthodox_church,Greek Orthodox church,"Access, Breakfast, Brunch, Delivery, Dinner, Kitchen, Lunch, Online operating hours, Pick-up, Takeaway, Hours for the elderly, Prayer, Worship service",
gcid:greek_restaurant,Greek restaurant,"Access, Breakfast, Brunch, Delivery, Dinner, Drive-through, Happy hours, Kitchen, Lunch, Online operating hours, Takeaway, Hours for the elderly",
gcid:green_energy_supplier,Green energy supplier,"Access, Breakfast, Brunch, Delivery, Dinner, Drive-through, Happy hours, Kitchen, Lunch, Online operating hours, Pick-up, Takeaway, Hours for the elderly",
gcid:green_grocers,Greengrocer,"Access, Breakfast, Brunch, Delivery, Dinner, Drive-through, Happy hours, Kitchen, Lunch, Online operating hours, Pick-up, Takeaway, Hours for the elderly",
gcid:greenhouse,Greenhouse,"Access, Breakfast, Brunch, Delivery, Dinner, Drive-through, Happy hours, Kitchen, Lunch, Online operating hours, Pick-up, Takeaway, Hours for the elderly",
gcid:greeting_card_shop,Greeting card shop,"Access, Breakfast, Brunch, Delivery, Dinner, Drive-through, Happy hours, Kitchen, Lunch, Online operating hours, Pick-up, Takeaway, Hours for the elderly",
gcid:greyhound_stadium,Greyhound stadium,"Access, Breakfast, Brunch, Delivery, Dinner, Drive-through, Happy hours, Kitchen, Lunch, Online operating hours, Pick-up, Takeaway, Hours for the elderly",
gcid:grill_store,Grill store,"Access, Breakfast, Brunch, Delivery, Dinner, Drive-through, Happy hours, Kitchen, Lunch, Online operating hours, Pick-up, Takeaway, Hours for the elderly",
gcid:grocery_delivery_service,Grocery delivery service,"Access, Breakfast, Brunch, Delivery, Dinner, Drive-through, Happy hours, Kitchen, Lunch, Online operating hours, Pick-up, Takeaway, Hours for the elderly",
gcid:grocery_store,Grocery store,"Access, Breakfast, Brunch, Delivery, Dinner, Drive-through, Happy hours, Kitchen, Lunch, Online operating hours, Pick-up, Takeaway, Hours for the elderly",
gcid:ground_self_defense_force,Ground self defense force,"Access, Breakfast, Brunch, Delivery, Dinner, Drive-through, Happy hours, Kitchen, Lunch, Online operating hours, Pick-up, Takeaway, Hours for the elderly",
gcid:group_home,Group home,"Access, Breakfast, Brunch, Delivery, Dinner, Drive-through, Happy hours, Kitchen, Lunch, Online operating hours, Pick-up, Takeaway, Hours for the elderly",
gcid:grow_shop,Grow shop,"Access, Breakfast, Brunch, Delivery, Dinner, Drive-through, Happy hours, Kitchen, Lunch, Online operating hours, Pick-up, Takeaway, Hours for the elderly",
gcid:guardia_civil,Guardia Civil,"Access, Breakfast, Brunch, Delivery, Dinner, Drive-through, Happy hours, Kitchen, Lunch, Online operating hours, Pick-up, Takeaway, Hours for the elderly",
gcid:guardia_di_finanza_police,Guardia Di Finanza Police,"Access, Breakfast, Brunch, Delivery, Dinner, Drive-through, Happy hours, Kitchen, Lunch, Online operating hours, Pick-up, Takeaway, Hours for the elderly",
gcid:guatemalan_restaurant,Guatemalan restaurant,"Access, Breakfast, Brunch, Delivery, Dinner, Drive-through, Happy hours, Kitchen, Lunch, Online operating hours, Takeaway, Hours for the elderly",
gcid:guest_house,Guest house,"Access, Breakfast, Brunch, Delivery, Dinner, Drive-through, Happy hours, Kitchen, Lunch, Online operating hours, Pick-up, Takeaway, Hours for the elderly",
gcid:gui_zhou_restaurant,Guizhou restaurant,"Access, Breakfast, Brunch, Delivery, Dinner, Drive-through, Happy hours, Kitchen, Lunch, Online operating hours, Takeaway, Hours for the elderly",
gcid:guitar_instructor,Guitar instructor,"Access, Breakfast, Brunch, Delivery, Dinner, Drive-through, Happy hours, Kitchen, Lunch, Online operating hours, Pick-up, Takeaway, Hours for the elderly",
gcid:guitar_store,Guitar store,"Access, Breakfast, Brunch, Delivery, Dinner, Drive-through, Happy hours, Kitchen, Lunch, Online operating hours, Pick-up, Takeaway, Hours for the elderly",
gcid:gujarati_restaurant,Gujarati restaurant,"Access, Breakfast, Brunch, Delivery, Dinner, Drive-through, Happy hours, Kitchen, Lunch, Online operating hours, Takeaway, Hours for the elderly",
gcid:gun_club,Gun club,"Access, Breakfast, Brunch, Delivery, Dinner, Drive-through, Happy hours, Kitchen, Lunch, Online operating hours, Pick-up, Takeaway, Hours for the elderly",
gcid:gun_shop,Gun shop,"Access, Breakfast, Brunch, Delivery, Dinner, Drive-through, Happy hours, Kitchen, Lunch, Online operating hours, Pick-up, Takeaway, Hours for the elderly",
gcid:guts_barbecue_restaurant,Offal barbecue restaurant,"Access, Breakfast, Brunch, Delivery, Dinner, Drive-through, Happy hours, Kitchen, Lunch, Online operating hours, Takeaway, Hours for the elderly",
gcid:gutter_cleaning_service,Gutter cleaning service,"Access, Breakfast, Brunch, Delivery, Dinner, Drive-through, Happy hours, Kitchen, Lunch, Online operating hours, Pick-up, Takeaway, Hours for the elderly","Glass & mirror cleaning, Gutter cleaning, Power/pressure washing, Rooftop/skylight cleaning, Interior & exterior window cleaning"
gcid:gutter_service,Gutter service,"Access, Breakfast, Brunch, Delivery, Dinner, Drive-through, Happy hours, Kitchen, Lunch, Online operating hours, Pick-up, Takeaway, Hours for the elderly",
gcid:gym,Gym,"Breakfast, Delivery, Dinner, Drive-through, Lunch, Online operating hours, Pick-up, Hours for the elderly","Aerobics, Cycling, Jazzercise, Kickboxing, Nutrition consulting, Personal training, Private lessons, Swimming, Youth classes, Zumba"
gcid:gymnasium_school,Gymnasium school,"Access, Breakfast, Brunch, Delivery, Dinner, Drive-through, Happy hours, Kitchen, Lunch, Online operating hours, Pick-up, Takeaway, Hours for the elderly",
gcid:gymnastics_center,Gymnastics center,"Breakfast, Delivery, Dinner, Drive-through, Lunch, Online operating hours, Pick-up, Hours for the elderly","Adult lessons, Advanced classes, Beginner's classes, Camps, Competition training, Fitness classes, Private lessons, Special needs lessons, Youth classes"
gcid:gymnastics_club,Gymnastics club,"Access, Breakfast, Brunch, Delivery, Dinner, Drive-through, Happy hours, Kitchen, Lunch, Online operating hours, Pick-up, Takeaway, Hours for the elderly",
gcid:gynecologist,Obstetrician-gynecologist,"Breakfast, Delivery, Dinner, Drive-through, Lunch, Online operating hours, Pick-up, Hours for the elderly",
gcid:gynecologist_only,Gynecologist,"Breakfast, Delivery, Dinner, Drive-through, Lunch, Online operating hours, Pick-up, Hours for the elderly",
gcid:gypsum_product_supplier,Gypsum product supplier,"Access, Breakfast, Brunch, Delivery, Dinner, Drive-through, Happy hours, Kitchen, Lunch, Online operating hours, Pick-up, Takeaway, Hours for the elderly",
gcid:gyro_restaurant,Gyro restaurant,"Access, Breakfast, Brunch, Delivery, Dinner, Drive-through, Happy hours, Kitchen, Lunch, Online operating hours, Takeaway, Hours for the elderly",
gcid:haberdashery,Haberdashery,"Access, Breakfast, Brunch, Delivery, Dinner, Drive-through, Happy hours, Kitchen, Lunch, Online operating hours, Pick-up, Takeaway, Hours for the elderly",
gcid:hair_extension_technician,Hair extension technician,"Access, Breakfast, Brunch, Delivery, Dinner, Drive-through, Happy hours, Kitchen, Lunch, Online operating hours, Pick-up, Takeaway, Hours for the elderly",
gcid:hair_extensions_supplier,Hair extensions supplier,"Access, Breakfast, Brunch, Delivery, Dinner, Drive-through, Happy hours, Kitchen, Lunch, Online operating hours, Pick-up, Takeaway, Hours for the elderly",
gcid:hair_removal_service,Hair removal service,"Access, Breakfast, Brunch, Delivery, Dinner, Drive-through, Happy hours, Kitchen, Lunch, Online operating hours, Pick-up, Takeaway, Hours for the elderly","Arm hair removal, Back hair removal, Bikini hair removal, Body waxing, Brazilian waxing, Chest hair removal, Ear hair removal, Electrolysis, Eyebrow hair removal, Eyebrow shaping, Facial hair removal, Foot hair removal, Hairline waxing, Intimate area hair removal, IPL hair removal, Laser hair removal, Leg hair removal, Lip hair removal, Neck hair removal, Stomach hair removal, Sugaring, Hair threading, Underarm hair removal"
gcid:hair_replacement_service,Hair replacement service,"Breakfast, Delivery, Dinner, Drive-through, Lunch, Online operating hours, Pick-up, Hours for the elderly",
gcid:hair_salon,Hair salon,"Access, Breakfast, Brunch, Delivery, Dinner, Drive-through, Happy hours, Kitchen, Lunch, Online operating hours, Pick-up, Takeaway, Hours for the elderly","Balayage, Bang trim, Beard trim, Blowdry, Blowouts, Body waxing, Box Braids, Braids, Curly hair, Dreadlocks, Eyebrow threading, Gloss or Glaze, Hair coloring, Hair extensions, Hair glazing, Hair glossing, Hair hydration treatments, Hair regrowth, Hairstyling, Hair highlighting, Keratin treatments, Kids' cuts, Laser hair removal, Manicures, Ombre hair color, Pedicures, Perms, Brazilian hair straightening, Hair straightening, Twist braids, Updos"
gcid:hair_transplantation_clinic,Hair transplantation clinic,"Breakfast, Delivery, Dinner, Drive-through, Lunch, Online operating hours, Pick-up, Hours for the elderly",
gcid:haitian_restaurant,Haitian restaurant,"Access, Breakfast, Brunch, Delivery, Dinner, Drive-through, Happy hours, Kitchen, Lunch, Online operating hours, Takeaway, Hours for the elderly",
gcid:hakka_restaurant,Hakka restaurant,"Access, Breakfast, Brunch, Delivery, Dinner, Drive-through, Happy hours, Kitchen, Lunch, Online operating hours, Takeaway, Hours for the elderly",
gcid:halal_restaurant,Halal restaurant,"Access, Breakfast, Brunch, Delivery, Dinner, Drive-through, Happy hours, Kitchen, Lunch, Online operating hours, Takeaway, Hours for the elderly",
gcid:haleem_restaurant,Haleem restaurant,"Access, Breakfast, Brunch, Delivery, Dinner, Drive-through, Happy hours, Kitchen, Lunch, Online operating hours, Takeaway, Hours for the elderly",
gcid:halfway_house,Halfway house,"Access, Breakfast, Brunch, Delivery, Dinner, Drive-through, Happy hours, Kitchen, Lunch, Online operating hours, Pick-up, Takeaway, Hours for the elderly",
gcid:ham_shop,Ham shop,"Access, Breakfast, Brunch, Delivery, Dinner, Drive-through, Happy hours, Kitchen, Lunch, Online operating hours, Pick-up, Takeaway, Hours for the elderly",
gcid:hamburger_restaurant,Hamburger restaurant,"Access, Breakfast, Brunch, Delivery, Dinner, Drive-through, Happy hours, Kitchen, Lunch, Online operating hours, Takeaway, Hours for the elderly",
gcid:hammam,Hammam,"Access, Breakfast, Brunch, Delivery, Dinner, Drive-through, Happy hours, Kitchen, Lunch, Online operating hours, Pick-up, Takeaway, Hours for the elderly",
gcid:hand_surgeon,Hand surgeon,"Breakfast, Delivery, Dinner, Drive-through, Lunch, Online operating hours, Pick-up, Hours for the elderly",
gcid:handbags_shop,Handbags shop,"Access, Breakfast, Brunch, Delivery, Dinner, Drive-through, Happy hours, Kitchen, Lunch, Online operating hours, Pick-up, Takeaway, Hours for the elderly",
gcid:handball_club,Handball club,"Access, Breakfast, Brunch, Delivery, Dinner, Drive-through, Happy hours, Kitchen, Lunch, Online operating hours, Pick-up, Takeaway, Hours for the elderly",
gcid:handball_court,Handball court,"Access, Breakfast, Brunch, Delivery, Dinner, Drive-through, Happy hours, Kitchen, Lunch, Online operating hours, Pick-up, Takeaway, Hours for the elderly",
gcid:handicapped_transportation_service,Handicapped transportation service,"Access, Breakfast, Brunch, Delivery, Dinner, Drive-through, Happy hours, Kitchen, Lunch, Online operating hours, Pick-up, Takeaway, Hours for the elderly",
gcid:handicraft,Handicraft,"Access, Breakfast, Brunch, Delivery, Dinner, Drive-through, Happy hours, Kitchen, Lunch, Online operating hours, Pick-up, Takeaway, Hours for the elderly",
gcid:handicraft_exporter,Handicraft exporter,"Access, Breakfast, Brunch, Delivery, Dinner, Drive-through, Happy hours, Kitchen, Lunch, Online operating hours, Pick-up, Takeaway, Hours for the elderly",
gcid:handicraft_fair,Handicraft fair,"Access, Breakfast, Brunch, Delivery, Dinner, Drive-through, Happy hours, Kitchen, Lunch, Online operating hours, Pick-up, Takeaway, Hours for the elderly",
gcid:handicraft_museum,Handicraft museum,"Access, Breakfast, Brunch, Delivery, Dinner, Drive-through, Happy hours, Kitchen, Lunch, Online operating hours, Pick-up, Takeaway, Hours for the elderly",
gcid:handicraft_school,Handicraft school,"Access, Breakfast, Brunch, Delivery, Dinner, Drive-through, Happy hours, Kitchen, Lunch, Online operating hours, Pick-up, Takeaway, Hours for the elderly",
gcid:handicrafts_wholesaler,Handicrafts wholesaler,"Access, Breakfast, Brunch, Delivery, Dinner, Drive-through, Happy hours, Kitchen, Lunch, Online operating hours, Pick-up, Takeaway, Hours for the elderly",
gcid:handyman,Handyman/Handywoman/Handyperson,"Access, Breakfast, Brunch, Delivery, Dinner, Drive-through, Happy hours, Kitchen, Lunch, Online operating hours, Pick-up, Takeaway, Hours for the elderly","Furniture assembly, Gutter cleaning, Cleaning, General construction, Electrical work, Flooring repair, General repairs, Remodeling, Home maintenance & repairs, Drywall installation, Fan installation, Install flooring, Tile work installation, Plumbing fixture installation, Interior painting, TV mounting, Moving assistance, Paint indoors, Exterior painting, Painting, Drywall repair, Fan repair, Repair flooring, Repair water fixtures, Tile work replacement, Roof repair"
gcid:hang_gliding_center,Hang gliding center,"Access, Breakfast, Brunch, Delivery, Dinner, Drive-through, Happy hours, Kitchen, Lunch, Online operating hours, Pick-up, Takeaway, Hours for the elderly",
gcid:hardware_store,Hardware store,"Access, Breakfast, Brunch, Delivery, Dinner, Drive-through, Happy hours, Kitchen, Lunch, Online operating hours, Pick-up, Takeaway, Hours for the elderly",
gcid:harley_davidson_dealer,Harley-Davidson dealer,"Access, Breakfast, Brunch, Delivery, Dinner, Drive-through, Happy hours, Kitchen, Lunch, Online operating hours, Pick-up, Takeaway, Hours for the elderly",
gcid:hat_shop,Hat shop,"Access, Breakfast, Brunch, Delivery, Dinner, Drive-through, Happy hours, Kitchen, Lunch, Online operating hours, Pick-up, Takeaway, Hours for the elderly",
gcid:haunted_house,Haunted house,"Access, Breakfast, Brunch, Delivery, Dinner, Drive-through, Happy hours, Kitchen, Lunch, Online operating hours, Pick-up, Takeaway, Hours for the elderly",
gcid:hauptschule,Hauptschule (lower-tier secondary school),"Access, Breakfast, Brunch, Delivery, Dinner, Drive-through, Happy hours, Kitchen, Lunch, Online operating hours, Pick-up, Takeaway, Hours for the elderly",
gcid:haute_couture_fashion_house,Haute couture fashion house,"Access, Breakfast, Brunch, Delivery, Dinner, Drive-through, Happy hours, Kitchen, Lunch, Online operating hours, Pick-up, Takeaway, Hours for the elderly",
gcid:haute_french_restaurant,Haute French restaurant,"Access, Breakfast, Brunch, Delivery, Dinner, Drive-through, Happy hours, Kitchen, Lunch, Online operating hours, Takeaway, Hours for the elderly",
gcid:hawaiian_goods_store,Hawaiian goods store,"Access, Breakfast, Brunch, Delivery, Dinner, Drive-through, Happy hours, Kitchen, Lunch, Online operating hours, Pick-up, Takeaway, Hours for the elderly",
gcid:hawaiian_restaurant,Hawaiian restaurant,"Access, Breakfast, Brunch, Delivery, Dinner, Drive-through, Happy hours, Kitchen, Lunch, Online operating hours, Takeaway, Hours for the elderly",
gcid:hawker_centre,Hawker center,"Access, Breakfast, Brunch, Delivery, Dinner, Drive-through, Happy hours, Kitchen, Lunch, Online operating hours, Takeaway, Hours for the elderly",
gcid:hawker_stall,Hawker stall,"Access, Breakfast, Brunch, Delivery, Dinner, Drive-through, Happy hours, Kitchen, Lunch, Online operating hours, Takeaway, Hours for the elderly",
gcid:hay_supplier,Hay supplier,"Access, Breakfast, Brunch, Delivery, Dinner, Drive-through, Happy hours, Kitchen, Lunch, Online operating hours, Pick-up, Takeaway, Hours for the elderly",
gcid:head_and_neck_surgeon,Head and neck surgeon,"Breakfast, Delivery, Dinner, Drive-through, Lunch, Online operating hours, Pick-up, Hours for the elderly",
gcid:head_start_center,Head start center,"Access, Breakfast, Brunch, Delivery, Dinner, Drive-through, Happy hours, Kitchen, Lunch, Online operating hours, Pick-up, Takeaway, Hours for the elderly",
gcid:health_and_beauty_shop,Health and beauty shop,"Access, Breakfast, Brunch, Delivery, Dinner, Drive-through, Happy hours, Kitchen, Lunch, Online operating hours, Pick-up, Takeaway, Hours for the elderly","Body waxing, Hairstyling, Manicures, Pedicures"
gcid:health_consultant,Health consultant,"Breakfast, Delivery, Dinner, Drive-through, Lunch, Online operating hours, Pick-up, Hours for the elderly",
gcid:health_counselor,Health counselor,"Breakfast, Delivery, Dinner, Drive-through, Lunch, Online operating hours, Pick-up, Hours for the elderly",
gcid:health_food_restaurant,Health food restaurant,"Access, Breakfast, Brunch, Delivery, Dinner, Drive-through, Happy hours, Kitchen, Lunch, Online operating hours, Takeaway, Hours for the elderly",
gcid:health_food_store,Health food store,"Breakfast, Delivery, Dinner, Drive-through, Lunch, Online operating hours, Pick-up, Hours for the elderly",
gcid:health_insurance_agency,Health insurance agency,"Breakfast, Delivery, Dinner, Drive-through, Lunch, Online operating hours, Pick-up, Hours for the elderly","Business health plan assistance, Customized policies, Dental insurance, Family health plan assistance, Federal health insurance guidelines assistance, Group health plan assistance, Health insurance, Individual health plans, Individual health plan assistance, Insurance consultation, International health insurance, Medicare enrollment assistance, Medicare health plan assistance, Online policy quotes, Self-funded health plan assistance, Student health insurance, Vision insurance"
gcid:health_resort,Health resort,"Breakfast, Delivery, Dinner, Drive-through, Lunch, Online operating hours, Pick-up, Hours for the elderly",
gcid:health_spa,Health spa,"Access, Breakfast, Brunch, Delivery, Dinner, Drive-through, Happy hours, Kitchen, Lunch, Online operating hours, Pick-up, Takeaway, Hours for the elderly",
gcid:hearing_aid_repair_service,Hearing aid repair service,"Breakfast, Delivery, Dinner, Drive-through, Lunch, Online operating hours, Pick-up, Hours for the elderly",
gcid:hearing_aid_store,Hearing aid store,"Breakfast, Delivery, Dinner, Drive-through, Lunch, Online operating hours, Pick-up, Hours for the elderly",
gcid:hearing_assistance_earphone_store,Hearing assistance earphone store,"Access, Breakfast, Brunch, Delivery, Dinner, Drive-through, Happy hours, Kitchen, Lunch, Online operating hours, Pick-up, Takeaway, Hours for the elderly",
gcid:heart_hospital,Heart hospital,"Breakfast, Delivery, Dinner, Drive-through, Lunch, Online operating hours, Pick-up, Hours for the elderly",
gcid:heating_contractor,Heating contractor,"Access, Breakfast, Brunch, Delivery, Dinner, Drive-through, Happy hours, Kitchen, Lunch, Online operating hours, Pick-up, Takeaway, Hours for the elderly","A/C system maintenance, HVAC duct & vent cleaning, Ductless heating & A/C services, Heating system maintenance, HVAC system maintenance, HVAC system repair, Install AC, HVAC duct & vent installation, Heating system installation, Install thermostat, A/C system repair, HVAC duct & vent repair, Heating system repair, Repair HVAC, Thermostat repair, Thermostat installation"
gcid:heating_equipment_supplier,Heating equipment supplier,"Access, Breakfast, Brunch, Delivery, Dinner, Drive-through, Happy hours, Kitchen, Lunch, Online operating hours, Pick-up, Takeaway, Hours for the elderly","Delivery, Heating equipment rental, Heating equipment repair & installation, Technical support, Training services"
gcid:heating_oil_supplier,Heating oil supplier,"Access, Breakfast, Brunch, Delivery, Dinner, Drive-through, Happy hours, Kitchen, Lunch, Online operating hours, Pick-up, Takeaway, Hours for the elderly",
gcid:height_works,Height works,"Access, Breakfast, Brunch, Delivery, Dinner, Drive-through, Happy hours, Kitchen, Lunch, Online operating hours, Pick-up, Takeaway, Hours for the elderly",
gcid:helicopter_charter,Helicopter charter,"Access, Breakfast, Brunch, Delivery, Dinner, Drive-through, Happy hours, Kitchen, Lunch, Online operating hours, Pick-up, Takeaway, Hours for the elderly",
gcid:helicopter_tour_agency,Helicopter tour agency,"Access, Breakfast, Brunch, Delivery, Dinner, Drive-through, Happy hours, Kitchen, Lunch, Online operating hours, Pick-up, Takeaway, Hours for the elderly",
gcid:heliport,Heliport,"Access, Breakfast, Brunch, Delivery, Dinner, Drive-through, Happy hours, Kitchen, Lunch, Online operating hours, Pick-up, Takeaway, Hours for the elderly",
gcid:helium_gas_supplier,Helium gas supplier,"Access, Breakfast, Brunch, Delivery, Dinner, Drive-through, Happy hours, Kitchen, Lunch, Online operating hours, Pick-up, Takeaway, Hours for the elderly",
gcid:hematologist,Hematologist,"Breakfast, Delivery, Dinner, Drive-through, Lunch, Online operating hours, Pick-up, Hours for the elderly",
gcid:hepatologist,Hepatologist,"Breakfast, Delivery, Dinner, Drive-through, Lunch, Online operating hours, Pick-up, Hours for the elderly",
gcid:herb_shop,Herb shop,"Access, Breakfast, Brunch, Delivery, Dinner, Drive-through, Happy hours, Kitchen, Lunch, Online operating hours, Pick-up, Takeaway, Hours for the elderly",
gcid:herbal_medicine_store,Herbal medicine store,"Breakfast, Delivery, Dinner, Drive-through, Lunch, Online operating hours, Pick-up, Hours for the elderly",
gcid:herbalist,Herbalist,"Breakfast, Delivery, Dinner, Drive-through, Lunch, Online operating hours, Pick-up, Hours for the elderly",
gcid:heritage_building,Heritage building,"Access, Breakfast, Brunch, Delivery, Dinner, Drive-through, Happy hours, Kitchen, Lunch, Online operating hours, Pick-up, Takeaway, Hours for the elderly",
gcid:heritage_museum,Heritage museum,"Access, Breakfast, Brunch, Delivery, Dinner, Drive-through, Happy hours, Kitchen, Lunch, Online operating hours, Pick-up, Takeaway, Hours for the elderly",
gcid:heritage_preservation,Heritage preservation,"Access, Breakfast, Brunch, Delivery, Dinner, Drive-through, Happy hours, Kitchen, Lunch, Online operating hours, Pick-up, Takeaway, Hours for the elderly",
gcid:heritage_railroad,Heritage railroad,"Access, Breakfast, Brunch, Delivery, Dinner, Drive-through, Happy hours, Kitchen, Lunch, Online operating hours, Pick-up, Takeaway, Hours for the elderly",
gcid:high_ropes_course,High ropes course,"Access, Breakfast, Brunch, Delivery, Dinner, Drive-through, Happy hours, Kitchen, Lunch, Online operating hours, Pick-up, Takeaway, Hours for the elderly",
gcid:high_school,High school,"Access, Breakfast, Brunch, Delivery, Dinner, Drive-through, Happy hours, Kitchen, Lunch, Online operating hours, Pick-up, Takeaway, Hours for the elderly",
gcid:higher_secondary_school,Higher secondary school,"Access, Breakfast, Brunch, Delivery, Dinner, Drive-through, Happy hours, Kitchen, Lunch, Online operating hours, Pick-up, Takeaway, Hours for the elderly",
gcid:highway_patrol,Highway patrol,"Access, Breakfast, Brunch, Delivery, Dinner, Drive-through, Happy hours, Kitchen, Lunch, Online operating hours, Pick-up, Takeaway, Hours for the elderly",
gcid:hiking_area,Hiking area,"Access, Breakfast, Brunch, Delivery, Dinner, Drive-through, Happy hours, Kitchen, Lunch, Online operating hours, Pick-up, Takeaway, Hours for the elderly",
gcid:hiking_club,Hiking club,"Access, Breakfast, Brunch, Delivery, Dinner, Drive-through, Happy hours, Kitchen, Lunch, Online operating hours, Pick-up, Takeaway, Hours for the elderly",
gcid:hiking_guide,Hiking guide,"Access, Breakfast, Brunch, Delivery, Dinner, Drive-through, Happy hours, Kitchen, Lunch, Online operating hours, Pick-up, Takeaway, Hours for the elderly",
gcid:hindu_priest,Hindu priest,"Access, Breakfast, Brunch, Delivery, Dinner, Drive-through, Happy hours, Kitchen, Lunch, Online operating hours, Pick-up, Takeaway, Hours for the elderly",
gcid:hindu_temple,Hindu temple,"Access, Breakfast, Brunch, Delivery, Dinner, Kitchen, Lunch, Online operating hours, Pick-up, Aarti, Darshan, Takeaway, Hours for the elderly, Prayer",
gcid:hip_hop_dance_class,Hip hop dance class,"Access, Breakfast, Brunch, Delivery, Dinner, Drive-through, Happy hours, Kitchen, Lunch, Online operating hours, Pick-up, Takeaway, Hours for the elderly",
gcid:hispanic_church,Hispanic church,"Access, Breakfast, Brunch, Delivery, Dinner, Kitchen, Lunch, Online operating hours, Pick-up, Takeaway, Hours for the elderly, Prayer, Worship service",
gcid:historical_landmark,Historical landmark,"Access, Breakfast, Brunch, Delivery, Dinner, Drive-through, Happy hours, Kitchen, Lunch, Online operating hours, Pick-up, Takeaway, Hours for the elderly",
gcid:historical_place_museum,Historical place museum,"Access, Breakfast, Brunch, Delivery, Dinner, Drive-through, Happy hours, Kitchen, Lunch, Online operating hours, Pick-up, Takeaway, Hours for the elderly",
gcid:historical_society,Historical society,"Access, Breakfast, Brunch, Delivery, Dinner, Drive-through, Happy hours, Kitchen, Lunch, Online operating hours, Pick-up, Takeaway, Hours for the elderly",
gcid:history_museum,History museum,"Access, Breakfast, Brunch, Delivery, Dinner, Drive-through, Happy hours, Kitchen, Lunch, Online operating hours, Pick-up, Takeaway, Hours for the elderly",
gcid:hiv_testing_center,HIV testing center,"Breakfast, Delivery, Dinner, Drive-through, Lunch, Online operating hours, Pick-up, Hours for the elderly",
gcid:hoagie_restaurant,Hoagie restaurant,"Access, Breakfast, Brunch, Delivery, Dinner, Drive-through, Happy hours, Kitchen, Lunch, Online operating hours, Takeaway, Hours for the elderly",
gcid:hobby_store,Hobby store,"Access, Breakfast, Brunch, Delivery, Dinner, Drive-through, Happy hours, Kitchen, Lunch, Online operating hours, Pick-up, Takeaway, Hours for the elderly",
gcid:hockey_club,Hockey club,"Access, Breakfast, Brunch, Delivery, Dinner, Drive-through, Happy hours, Kitchen, Lunch, Online operating hours, Pick-up, Takeaway, Hours for the elderly",
gcid:hockey_field,Hockey field,"Access, Breakfast, Brunch, Delivery, Dinner, Drive-through, Happy hours, Kitchen, Lunch, Online operating hours, Pick-up, Takeaway, Hours for the elderly",
gcid:hockey_rink,Ice hockey rink,"Access, Breakfast, Brunch, Delivery, Dinner, Drive-through, Happy hours, Kitchen, Lunch, Online operating hours, Pick-up, Takeaway, Hours for the elderly",
gcid:hockey_supply_store,Hockey supply store,"Access, Breakfast, Brunch, Delivery, Dinner, Drive-through, Happy hours, Kitchen, Lunch, Online operating hours, Pick-up, Takeaway, Hours for the elderly",
gcid:holding_company,Holding company,"Breakfast, Dinner, Drive-through, Lunch, Online operating hours, Hours for the elderly",
gcid:holiday_apartment_rental,Holiday apartment rental,"Access, Breakfast, Brunch, Delivery, Dinner, Drive-through, Happy hours, Kitchen, Lunch, Online operating hours, Pick-up, Takeaway, Hours for the elderly","Bill paying, Location consulting, Online rental application, Private tours, Tenant representation, Virtual property tours"
gcid:holiday_home,Holiday home,"Access, Breakfast, Brunch, Delivery, Dinner, Drive-through, Happy hours, Kitchen, Lunch, Online operating hours, Pick-up, Takeaway, Hours for the elderly",
gcid:holiday_park,Holiday park,"Access, Breakfast, Brunch, Delivery, Dinner, Drive-through, Happy hours, Kitchen, Lunch, Online operating hours, Pick-up, Takeaway, Hours for the elderly",
gcid:holistic_medicine_practitioner,Holistic medicine practitioner,"Breakfast, Delivery, Dinner, Drive-through, Lunch, Online operating hours, Pick-up, Hours for the elderly",
gcid:home_automation_company,Home automation company,"Access, Breakfast, Brunch, Delivery, Dinner, Drive-through, Happy hours, Kitchen, Lunch, Online operating hours, Pick-up, Takeaway, Hours for the elderly",
gcid:home_builder,Home builder,"Access, Breakfast, Brunch, Delivery, Dinner, Drive-through, Happy hours, Kitchen, Lunch, Online operating hours, Pick-up, Takeaway, Hours for the elderly","Accessory building construction, Architectural design services, Furniture assembly, Home blueprint design creation, Gutter cleaning, Concrete pouring, Consultation, Country home building, Custom home design, Deck construction, Demolition, Design, Electrical work, Exterior design services, Exterior finishing, Fence building, Flooring, Foundation pouring, Garage construction, Garage design, Garage design & building, General repairs & maintenance, Remodeling, Home addition construction, Home building, Home extension services, Home renovations, Drywall installation, Fan installation, Install flooring, Tile work installation, Plumbing fixture installation, Interior design, Interior finishing, Landscaping, Luxury home building, TV mounting, Paint indoors, Exterior painting, Patio construction, General plumbing services, Predesigned floor plans for homes, Prefabricated home building, Project management, Drywall repair, Fan repair, Repair flooring, Repair water fixtures, Tile work replacement, Roof building, Roof installation, Tiny home building, Waterproofing"
gcid:home_care_service,Home care service,"Access, Breakfast, Brunch, Delivery, Dinner, Drive-through, Happy hours, Kitchen, Lunch, Online operating hours, Pick-up, Takeaway, Hours for the elderly",
gcid:home_cinema_installation,Home cinema installation,"Access, Breakfast, Brunch, Delivery, Dinner, Drive-through, Happy hours, Kitchen, Lunch, Online operating hours, Pick-up, Takeaway, Hours for the elderly",
gcid:home_goods_store,Home goods store,"Access, Breakfast, Brunch, Delivery, Dinner, Drive-through, Happy hours, Kitchen, Lunch, Online operating hours, Pick-up, Takeaway, Hours for the elderly",
gcid:home_health_care_service,Home health care service,"Breakfast, Delivery, Dinner, Drive-through, Lunch, Online operating hours, Pick-up, Hours for the elderly",Housekeeping
gcid:home_help,Home help,"Access, Breakfast, Brunch, Delivery, Dinner, Drive-through, Happy hours, Kitchen, Lunch, Online operating hours, Pick-up, Takeaway, Hours for the elderly",
gcid:home_help_service_agency,Home help service agency,"Access, Breakfast, Brunch, Delivery, Dinner, Drive-through, Happy hours, Kitchen, Lunch, Online operating hours, Pick-up, Takeaway, Hours for the elderly",
gcid:home_improvement_store,Home improvement store,"Access, Breakfast, Brunch, Delivery, Dinner, Drive-through, Happy hours, Kitchen, Lunch, Online operating hours, Pick-up, Takeaway, Hours for the elderly",
gcid:home_inspector,Home inspector,"Access, Breakfast, Brunch, Delivery, Dinner, Drive-through, Happy hours, Kitchen, Lunch, Online operating hours, Pick-up, Takeaway, Hours for the elderly","Annual maintenance checkup, Asbestos sampling, 11th month warranty inspections, Indoor allergen sampling, Lead-based paint testing, Manufactured home inspections, Mold sampling, Multi-unit inspections, New construction inspections, Pre-listing inspections, Rental property inspections, Sewer line scope, Sprinkler system inspection"
gcid:home_insurance_agency,Home insurance agency,"Access, Breakfast, Brunch, Delivery, Dinner, Drive-through, Happy hours, Kitchen, Lunch, Online operating hours, Pick-up, Takeaway, Hours for the elderly","Claims assistance, Customized policies, General liability insurance, Homeowners insurance, Insurance consultation"
gcid:home_staging_service,Home staging service,"Access, Breakfast, Brunch, Delivery, Dinner, Drive-through, Happy hours, Kitchen, Lunch, Online operating hours, Pick-up, Takeaway, Hours for the elderly",
gcid:home_theater_store,Home theater store,"Access, Breakfast, Brunch, Delivery, Dinner, Drive-through, Happy hours, Kitchen, Lunch, Online operating hours, Pick-up, Takeaway, Hours for the elderly",
gcid:homekill_service,Homekill service,"Access, Breakfast, Brunch, Delivery, Dinner, Drive-through, Happy hours, Kitchen, Lunch, Online operating hours, Pick-up, Takeaway, Hours for the elderly",
gcid:homeless_service,Homeless service,"Access, Breakfast, Brunch, Delivery, Dinner, Drive-through, Happy hours, Kitchen, Lunch, Online operating hours, Pick-up, Takeaway, Hours for the elderly",
gcid:homeless_shelter,Homeless shelter,"Access, Breakfast, Brunch, Delivery, Dinner, Drive-through, Happy hours, Kitchen, Lunch, Online operating hours, Pick-up, Takeaway, Hours for the elderly",
gcid:homeopath,Homeopath,"Breakfast, Delivery, Dinner, Drive-through, Lunch, Online operating hours, Pick-up, Hours for the elderly",
gcid:homeopathic_pharmacy,Homeopathic pharmacy,"Breakfast, Delivery, Dinner, Drive-through, Lunch, Online operating hours, Pick-up, Hours for the elderly",
gcid:homeowners_association,Homeowners' association,"Access, Breakfast, Brunch, Delivery, Dinner, Drive-through, Happy hours, Kitchen, Lunch, Online operating hours, Pick-up, Takeaway, Hours for the elderly",
gcid:honda_dealer,Honda dealer,"Access, Breakfast, Brunch, Delivery, Dinner, Drive-through, Happy hours, Kitchen, Lunch, Online operating hours, Pick-up, Takeaway, Hours for the elderly",
gcid:honduran_restaurant,Honduran restaurant,"Access, Breakfast, Brunch, Delivery, Dinner, Drive-through, Happy hours, Kitchen, Lunch, Online operating hours, Takeaway, Hours for the elderly",
gcid:honey_farm,Honey farm,"Access, Breakfast, Brunch, Delivery, Dinner, Drive-through, Happy hours, Kitchen, Lunch, Online operating hours, Pick-up, Takeaway, Hours for the elderly",
gcid:hong_kong_style_cafe,Cha chaan teng (Hong Kong-style cafe),"Access, Breakfast, Brunch, Delivery, Dinner, Drive-through, Happy hours, Kitchen, Lunch, Online operating hours, Takeaway, Hours for the elderly",
gcid:hong_kong_style_fast_food_restaurant,Hong Kong style fast food restaurant,"Access, Breakfast, Brunch, Delivery, Dinner, Drive-through, Happy hours, Kitchen, Lunch, Online operating hours, Takeaway, Hours for the elderly",
gcid:hookah_bar,Hookah bar,"Access, Breakfast, Brunch, Delivery, Dinner, Drive-through, Happy hours, Kitchen, Lunch, Online operating hours, Pick-up, Takeaway, Hours for the elderly",
gcid:hookah_store,Hookah store,"Access, Breakfast, Brunch, Delivery, Dinner, Drive-through, Happy hours, Kitchen, Lunch, Online operating hours, Pick-up, Takeaway, Hours for the elderly",
gcid:horse_boarding_stable,Horse boarding stable,"Access, Breakfast, Brunch, Delivery, Dinner, Drive-through, Happy hours, Kitchen, Lunch, Online operating hours, Pick-up, Takeaway, Hours for the elderly",
gcid:horse_breeder,Horse breeder,"Access, Breakfast, Brunch, Delivery, Dinner, Drive-through, Happy hours, Kitchen, Lunch, Online operating hours, Pick-up, Takeaway, Hours for the elderly",
gcid:horse_rental_service,Horse rental service,"Access, Breakfast, Brunch, Delivery, Dinner, Drive-through, Happy hours, Kitchen, Lunch, Online operating hours, Pick-up, Takeaway, Hours for the elderly",
gcid:horse_riding_field,Horse riding field,"Access, Breakfast, Brunch, Delivery, Dinner, Drive-through, Happy hours, Kitchen, Lunch, Online operating hours, Pick-up, Takeaway, Hours for the elderly",
gcid:horse_riding_school,Horse riding school,"Access, Breakfast, Brunch, Delivery, Dinner, Drive-through, Happy hours, Kitchen, Lunch, Online operating hours, Pick-up, Takeaway, Hours for the elderly","Advanced training, Field trips, Group lessons, Horse leasing, Horse show training, Horse shows, Horse training, Novice training, Private lessons, Racing training, Summer camps, Youth classes"
gcid:horse_trailer_dealer,Horse trailer dealer,"Access, Breakfast, Brunch, Delivery, Dinner, Drive-through, Happy hours, Kitchen, Lunch, Online operating hours, Pick-up, Takeaway, Hours for the elderly",
gcid:horse_trainer,Horse trainer,"Access, Breakfast, Brunch, Delivery, Dinner, Drive-through, Happy hours, Kitchen, Lunch, Online operating hours, Pick-up, Takeaway, Hours for the elderly",
gcid:horseback_riding_service,Horseback riding service,"Access, Breakfast, Brunch, Delivery, Dinner, Drive-through, Happy hours, Kitchen, Lunch, Online operating hours, Pick-up, Takeaway, Hours for the elderly",
gcid:horsebox_specialist,Horse transport supplier,"Access, Breakfast, Brunch, Delivery, Dinner, Drive-through, Happy hours, Kitchen, Lunch, Online operating hours, Pick-up, Takeaway, Hours for the elderly",
gcid:horseshoe_smith,Horseshoe smith,"Access, Breakfast, Brunch, Delivery, Dinner, Drive-through, Happy hours, Kitchen, Lunch, Online operating hours, Pick-up, Takeaway, Hours for the elderly",
gcid:horsestable_studfarm,Horsestable studfarm,"Access, Breakfast, Brunch, Delivery, Dinner, Drive-through, Happy hours, Kitchen, Lunch, Online operating hours, Pick-up, Takeaway, Hours for the elderly",
gcid:hose_supplier,Hose supplier,"Access, Breakfast, Brunch, Delivery, Dinner, Drive-through, Happy hours, Kitchen, Lunch, Online operating hours, Pick-up, Takeaway, Hours for the elderly",
gcid:hospice,Hospice,"Breakfast, Delivery, Dinner, Drive-through, Lunch, Online operating hours, Pick-up, Hours for the elderly",
gcid:hospital,Hospital,"Breakfast, Delivery, Dinner, Drive-through, Lunch, Online operating hours, Pick-up, Hours for the elderly",
gcid:hospital_and_equipment_supplies,Hospital equipment and supplies,"Breakfast, Delivery, Dinner, Drive-through, Lunch, Online operating hours, Pick-up, Hours for the elderly",
gcid:hospital_department,Hospital department,"Breakfast, Delivery, Dinner, Drive-through, Lunch, Online operating hours, Pick-up, Hours for the elderly",
gcid:hospitality_and_tourism_school,Hospitality and tourism school,"Access, Breakfast, Brunch, Delivery, Dinner, Drive-through, Happy hours, Kitchen, Lunch, Online operating hours, Pick-up, Takeaway, Hours for the elderly",
gcid:hospitality_high_school,Hospitality high school,"Access, Breakfast, Brunch, Delivery, Dinner, Drive-through, Happy hours, Kitchen, Lunch, Online operating hours, Pick-up, Takeaway, Hours for the elderly",
gcid:host_club,Host club,"Access, Breakfast, Brunch, Delivery, Dinner, Drive-through, Happy hours, Kitchen, Lunch, Online operating hours, Pick-up, Takeaway, Hours for the elderly",
gcid:hostel,Hostel,"Access, Breakfast, Brunch, Delivery, Dinner, Drive-through, Happy hours, Kitchen, Lunch, Online operating hours, Pick-up, Takeaway, Hours for the elderly",
gcid:hot_bedstone_spa,Hot bedstone spa,"Access, Breakfast, Brunch, Delivery, Dinner, Drive-through, Happy hours, Kitchen, Lunch, Online operating hours, Pick-up, Takeaway, Hours for the elderly",
gcid:hot_dog_restaurant,Hot dog restaurant,"Access, Breakfast, Brunch, Delivery, Dinner, Drive-through, Happy hours, Kitchen, Lunch, Online operating hours, Takeaway, Hours for the elderly",
gcid:hot_dog_stand,Hot dog stand,"Access, Breakfast, Brunch, Delivery, Dinner, Drive-through, Happy hours, Kitchen, Lunch, Online operating hours, Takeaway, Hours for the elderly",
gcid:hot_pot_restaurant,Hot pot restaurant,"Access, Breakfast, Brunch, Delivery, Dinner, Drive-through, Happy hours, Kitchen, Lunch, Online operating hours, Takeaway, Hours for the elderly",
gcid:hot_tub_repair_service,Hot tub repair service,"Access, Breakfast, Brunch, Delivery, Dinner, Drive-through, Happy hours, Kitchen, Lunch, Online operating hours, Pick-up, Takeaway, Hours for the elderly",
gcid:hot_tub_store,Hot tub store,"Access, Breakfast, Brunch, Delivery, Dinner, Drive-through, Happy hours, Kitchen, Lunch, Online operating hours, Pick-up, Takeaway, Hours for the elderly",
gcid:hot_water_system_supplier,Hot water system supplier,"Access, Breakfast, Brunch, Delivery, Dinner, Drive-through, Happy hours, Kitchen, Lunch, Online operating hours, Pick-up, Takeaway, Hours for the elderly",
gcid:hotel,Hotel,"Access, Breakfast, Brunch, Delivery, Dinner, Drive-through, Happy hours, Kitchen, Lunch, Online operating hours, Pick-up, Takeaway, Hours for the elderly",
gcid:hotel_management_school,Hotel management school,"Access, Breakfast, Brunch, Delivery, Dinner, Drive-through, Happy hours, Kitchen, Lunch, Online operating hours, Pick-up, Takeaway, Hours for the elderly",
gcid:hotel_supply_store,Hotel supply store,"Access, Breakfast, Brunch, Delivery, Dinner, Drive-through, Happy hours, Kitchen, Lunch, Online operating hours, Pick-up, Takeaway, Hours for the elderly",
gcid:house_cleaning_service,House cleaning service,"Access, Breakfast, Brunch, Delivery, Dinner, Drive-through, Happy hours, Kitchen, Lunch, Online operating hours, Pick-up, Takeaway, Hours for the elderly","Upholstery cleaning, Deep clean, General housekeeping, Mattress cleaning, Moving-related cleaning, Office & workplace cleaning, Standard cleaning, Interior & exterior window cleaning"
gcid:house_clearance_service,House clearance service,"Access, Breakfast, Brunch, Delivery, Dinner, Drive-through, Happy hours, Kitchen, Lunch, Online operating hours, Pick-up, Takeaway, Hours for the elderly",
gcid:house_sitter,House sitter,"Access, Breakfast, Brunch, Delivery, Dinner, Drive-through, Happy hours, Kitchen, Lunch, Online operating hours, Pick-up, Takeaway, Hours for the elderly",
gcid:house_sitter_agency,House sitter agency,"Access, Breakfast, Brunch, Delivery, Dinner, Drive-through, Happy hours, Kitchen, Lunch, Online operating hours, Pick-up, Takeaway, Hours for the elderly",
gcid:houseboat_rental_service,Houseboat rental service,"Access, Breakfast, Brunch, Delivery, Dinner, Drive-through, Happy hours, Kitchen, Lunch, Online operating hours, Pick-up, Takeaway, Hours for the elderly",
gcid:household_chemicals_supplier,Household chemicals supplier,"Access, Breakfast, Brunch, Delivery, Dinner, Drive-through, Happy hours, Kitchen, Lunch, Online operating hours, Pick-up, Takeaway, Hours for the elderly",
gcid:household_goods_wholesaler,Household goods wholesaler,"Access, Breakfast, Brunch, Delivery, Dinner, Drive-through, Happy hours, Kitchen, Lunch, Online operating hours, Pick-up, Takeaway, Hours for the elderly",
gcid:housing_association,Housing association,"Access, Breakfast, Brunch, Delivery, Dinner, Drive-through, Happy hours, Kitchen, Lunch, Online operating hours, Pick-up, Takeaway, Hours for the elderly",
gcid:housing_authority,Housing authority,"Access, Breakfast, Brunch, Delivery, Dinner, Drive-through, Happy hours, Kitchen, Lunch, Online operating hours, Pick-up, Takeaway, Hours for the elderly",
gcid:housing_complex,Housing complex,"Access, Breakfast, Brunch, Delivery, Dinner, Drive-through, Happy hours, Kitchen, Lunch, Online operating hours, Pick-up, Takeaway, Hours for the elderly",
gcid:housing_cooperative,Housing cooperative,"Access, Breakfast, Brunch, Delivery, Dinner, Drive-through, Happy hours, Kitchen, Lunch, Online operating hours, Pick-up, Takeaway, Hours for the elderly",
gcid:housing_development,Housing development,"Access, Breakfast, Brunch, Delivery, Dinner, Drive-through, Happy hours, Kitchen, Lunch, Online operating hours, Pick-up, Takeaway, Hours for the elderly",
gcid:housing_society,Housing society,"Access, Breakfast, Brunch, Delivery, Dinner, Drive-through, Happy hours, Kitchen, Lunch, Online operating hours, Pick-up, Takeaway, Hours for the elderly",
gcid:housing_utility_company,Housing utility company,"Access, Breakfast, Brunch, Delivery, Dinner, Drive-through, Happy hours, Kitchen, Lunch, Online operating hours, Pick-up, Takeaway, Hours for the elderly",
gcid:hua_gong_shop,Hua gong shop,"Access, Breakfast, Brunch, Delivery, Dinner, Drive-through, Happy hours, Kitchen, Lunch, Online operating hours, Pick-up, Takeaway, Hours for the elderly",
gcid:hua_niao_market_place,Hua niao market place,"Access, Breakfast, Brunch, Delivery, Dinner, Drive-through, Happy hours, Kitchen, Lunch, Online operating hours, Pick-up, Takeaway, Hours for the elderly",
gcid:hub_cap_supplier,Hub cap supplier,"Access, Breakfast, Brunch, Delivery, Dinner, Drive-through, Happy hours, Kitchen, Lunch, Online operating hours, Pick-up, Takeaway, Hours for the elderly",
gcid:human_ressource_consulting,Human resource consulting,"Access, Breakfast, Brunch, Delivery, Dinner, Drive-through, Happy hours, Kitchen, Lunch, Online operating hours, Pick-up, Takeaway, Hours for the elderly",
gcid:hunan_style_restaurant,Hunan restaurant,"Access, Breakfast, Brunch, Delivery, Dinner, Drive-through, Happy hours, Kitchen, Lunch, Online operating hours, Takeaway, Hours for the elderly",
gcid:hungarian_restaurant,Hungarian restaurant,"Access, Breakfast, Brunch, Delivery, Dinner, Drive-through, Happy hours, Kitchen, Lunch, Online operating hours, Takeaway, Hours for the elderly",
gcid:hunting_and_fishing_store,Hunting and fishing store,"Access, Breakfast, Brunch, Delivery, Dinner, Drive-through, Happy hours, Kitchen, Lunch, Online operating hours, Pick-up, Takeaway, Hours for the elderly",
gcid:hunting_area,Hunting area,"Access, Breakfast, Brunch, Delivery, Dinner, Drive-through, Happy hours, Kitchen, Lunch, Online operating hours, Pick-up, Takeaway, Hours for the elderly",
gcid:hunting_club,Hunting club,"Access, Breakfast, Brunch, Delivery, Dinner, Drive-through, Happy hours, Kitchen, Lunch, Online operating hours, Pick-up, Takeaway, Hours for the elderly",
gcid:hunting_preserve,Hunting preserve,"Access, Breakfast, Brunch, Delivery, Dinner, Drive-through, Happy hours, Kitchen, Lunch, Online operating hours, Pick-up, Takeaway, Hours for the elderly",
gcid:hunting_store,Hunting store,"Access, Breakfast, Brunch, Delivery, Dinner, Drive-through, Happy hours, Kitchen, Lunch, Online operating hours, Pick-up, Takeaway, Hours for the elderly",
gcid:hvac_contractor,HVAC contractor,"Access, Breakfast, Brunch, Delivery, Dinner, Drive-through, Happy hours, Kitchen, Lunch, Online operating hours, Pick-up, Takeaway, Hours for the elderly","A/C system maintenance, HVAC duct & vent cleaning, Ductless heating & A/C services, Heating system maintenance, HVAC system maintenance, HVAC system repair, Install AC, HVAC duct & vent installation, Heating system installation, Install thermostat, A/C system repair, HVAC duct & vent repair, Heating system repair, Repair HVAC, Thermostat repair, Thermostat installation"
gcid:hyderabadi_restaurant,Hyderabadi restaurant,"Access, Breakfast, Brunch, Delivery, Dinner, Drive-through, Happy hours, Kitchen, Lunch, Online operating hours, Takeaway, Hours for the elderly",
gcid:hydraulic_engineer,Hydraulic engineer,"Access, Breakfast, Brunch, Delivery, Dinner, Drive-through, Happy hours, Kitchen, Lunch, Online operating hours, Pick-up, Takeaway, Hours for the elderly",
gcid:hydraulic_equipment_supplier,Hydraulic equipment supplier,"Access, Breakfast, Brunch, Delivery, Dinner, Drive-through, Happy hours, Kitchen, Lunch, Online operating hours, Pick-up, Takeaway, Hours for the elderly",
gcid:hydraulic_repair_service,Hydraulic repair service,"Access, Breakfast, Brunch, Delivery, Dinner, Drive-through, Happy hours, Kitchen, Lunch, Online operating hours, Pick-up, Takeaway, Hours for the elderly",
gcid:hydroelectric_power_plant,Hydroelectric power plant,"Access, Breakfast, Brunch, Delivery, Dinner, Drive-through, Happy hours, Kitchen, Lunch, Online operating hours, Pick-up, Takeaway, Hours for the elderly",
gcid:hydrogen_station,Hydrogen station,"Access, Breakfast, Brunch, Delivery, Dinner, Drive-through, Happy hours, Kitchen, Lunch, Online operating hours, Pick-up, Takeaway, Hours for the elderly",
gcid:hydroponics_equipment_supplier,Hydroponics equipment supplier,"Access, Breakfast, Brunch, Delivery, Dinner, Drive-through, Happy hours, Kitchen, Lunch, Online operating hours, Pick-up, Takeaway, Hours for the elderly",
gcid:hygiene_articles_wholesaler,Hygiene articles wholesaler,"Access, Breakfast, Brunch, Delivery, Dinner, Drive-through, Happy hours, Kitchen, Lunch, Online operating hours, Pick-up, Takeaway, Hours for the elderly",
gcid:hyperbaric_medicine_physician,Hyperbaric medicine physician,"Breakfast, Delivery, Dinner, Drive-through, Lunch, Online operating hours, Pick-up, Hours for the elderly",
gcid:hypermarket,Hypermarket,"Access, Breakfast, Brunch, Delivery, Dinner, Drive-through, Happy hours, Kitchen, Lunch, Online operating hours, Pick-up, Takeaway, Hours for the elderly",
gcid:hypnotherapy_service,Hypnotherapy service,"Breakfast, Delivery, Dinner, Drive-through, Lunch, Online operating hours, Pick-up, Hours for the elderly",
gcid:hyundai_dealer,Hyundai dealer,"Access, Breakfast, Brunch, Delivery, Dinner, Drive-through, Happy hours, Kitchen, Lunch, Online operating hours, Pick-up, Takeaway, Hours for the elderly",
gcid:ice_cream_equipment_supplier,Ice cream equipment supplier,"Access, Breakfast, Brunch, Delivery, Dinner, Drive-through, Happy hours, Kitchen, Lunch, Online operating hours, Pick-up, Takeaway, Hours for the elderly",
gcid:ice_cream_shop,Ice cream shop,"Access, Breakfast, Brunch, Delivery, Dinner, Drive-through, Happy hours, Kitchen, Lunch, Online operating hours, Takeaway, Hours for the elderly",Delivery
gcid:ice_hockey_club,Ice hockey club,"Access, Breakfast, Brunch, Delivery, Dinner, Drive-through, Happy hours, Kitchen, Lunch, Online operating hours, Pick-up, Takeaway, Hours for the elderly",
gcid:ice_skating_club,Ice skating club,"Access, Breakfast, Brunch, Delivery, Dinner, Drive-through, Happy hours, Kitchen, Lunch, Online operating hours, Pick-up, Takeaway, Hours for the elderly",
gcid:ice_skating_instructor,Ice skating instructor,"Breakfast, Delivery, Dinner, Drive-through, Lunch, Online operating hours, Pick-up, Hours for the elderly",
gcid:ice_skating_rink,Ice skating rink,"Access, Breakfast, Brunch, Delivery, Dinner, Drive-through, Happy hours, Kitchen, Lunch, Online operating hours, Pick-up, Takeaway, Hours for the elderly",
gcid:ice_supplier,Ice supplier,"Access, Breakfast, Brunch, Delivery, Dinner, Drive-through, Happy hours, Kitchen, Lunch, Online operating hours, Pick-up, Takeaway, Hours for the elderly",
gcid:icelandic_restaurant,Icelandic restaurant,"Access, Breakfast, Brunch, Delivery, Dinner, Drive-through, Happy hours, Kitchen, Lunch, Online operating hours, Takeaway, Hours for the elderly",
gcid:icse_school,ICSE school,"Access, Breakfast, Brunch, Delivery, Dinner, Drive-through, Happy hours, Kitchen, Lunch, Online operating hours, Pick-up, Takeaway, Hours for the elderly",
gcid:idol_manufacturer,Religious statue manufacturer,"Access, Breakfast, Brunch, Delivery, Dinner, Drive-through, Happy hours, Kitchen, Lunch, Online operating hours, Pick-up, Takeaway, Hours for the elderly",
gcid:ikan_bakar_restaurant,Ikan bakar restaurant,"Access, Breakfast, Brunch, Delivery, Dinner, Drive-through, Happy hours, Kitchen, Lunch, Online operating hours, Takeaway, Hours for the elderly",
gcid:image_consultant,Image consultant,"Access, Breakfast, Brunch, Delivery, Dinner, Drive-through, Happy hours, Kitchen, Lunch, Online operating hours, Pick-up, Takeaway, Hours for the elderly",
gcid:imax_theater,IMAX theater,"Access, Breakfast, Brunch, Delivery, Dinner, Drive-through, Happy hours, Kitchen, Lunch, Online operating hours, Pick-up, Takeaway, Hours for the elderly",
gcid:immigration_and_naturalization_service,Immigration & naturalization service,"Access, Breakfast, Brunch, Delivery, Dinner, Drive-through, Happy hours, Kitchen, Lunch, Online operating hours, Pick-up, Takeaway, Hours for the elderly",
gcid:immigration_attorney,Immigration attorney,"Access, Breakfast, Brunch, Delivery, Dinner, Drive-through, Happy hours, Kitchen, Lunch, Online operating hours, Pick-up, Takeaway, Hours for the elderly","Asylum legal assistance, Citizenship legal assistance, Deportation defense litigation, Employment-based immigration legal assistance, Family-based immigration assistance, Green card legal assistance, Investment visa legal assistance, Outbound work permit legal assistance, Student visa legal assistance, Visitor visa legal assistance, Work visa legal assistance"
gcid:immigration_detention_center,Immigration detention center,"Access, Breakfast, Brunch, Delivery, Dinner, Drive-through, Happy hours, Kitchen, Lunch, Online operating hours, Pick-up, Takeaway, Hours for the elderly",
gcid:immunologist,Immunologist,"Breakfast, Delivery, Dinner, Drive-through, Lunch, Online operating hours, Pick-up, Hours for the elderly",
gcid:impermeabilization_service,Impermeabilization service,"Access, Breakfast, Brunch, Delivery, Dinner, Drive-through, Happy hours, Kitchen, Lunch, Online operating hours, Pick-up, Takeaway, Hours for the elderly","Delivery, Flooring"
gcid:import_export_company,Import export company,"Access, Breakfast, Brunch, Delivery, Dinner, Drive-through, Happy hours, Kitchen, Lunch, Online operating hours, Pick-up, Takeaway, Hours for the elderly",
gcid:importer,Importer,"Access, Breakfast, Brunch, Delivery, Dinner, Drive-through, Happy hours, Kitchen, Lunch, Online operating hours, Pick-up, Takeaway, Hours for the elderly",
gcid:incense_supplier,Incense supplier,"Access, Breakfast, Brunch, Delivery, Dinner, Drive-through, Happy hours, Kitchen, Lunch, Online operating hours, Pick-up, Takeaway, Hours for the elderly",
gcid:incineration_plant,Incineration plant,"Access, Breakfast, Brunch, Delivery, Dinner, Drive-through, Happy hours, Kitchen, Lunch, Online operating hours, Pick-up, Takeaway, Hours for the elderly",
gcid:income_protection_insurance,Income protection insurance agency,"Access, Breakfast, Brunch, Delivery, Dinner, Drive-through, Happy hours, Kitchen, Lunch, Online operating hours, Pick-up, Takeaway, Hours for the elderly",
gcid:income_tax_help_association,Income tax help association,"Breakfast, Dinner, Drive-through, Lunch, Online operating hours, Hours for the elderly",
gcid:indian_grocery_store,Indian grocery store,"Access, Breakfast, Brunch, Delivery, Dinner, Drive-through, Happy hours, Kitchen, Lunch, Online operating hours, Pick-up, Takeaway, Hours for the elderly",
gcid:indian_motorcycle_dealer,Indian Motorcycle dealer,"Access, Breakfast, Brunch, Delivery, Dinner, Drive-through, Happy hours, Kitchen, Lunch, Online operating hours, Pick-up, Takeaway, Hours for the elderly",
gcid:indian_muslim_restaurant,Indian Muslim restaurant,"Access, Breakfast, Brunch, Delivery, Dinner, Drive-through, Happy hours, Kitchen, Lunch, Online operating hours, Takeaway, Hours for the elderly",
gcid:indian_restaurant,Indian restaurant,"Access, Breakfast, Brunch, Delivery, Dinner, Drive-through, Happy hours, Kitchen, Lunch, Online operating hours, Takeaway, Hours for the elderly",
gcid:indian_sizzler_restaurant,Indian sizzler restaurant,"Access, Breakfast, Brunch, Delivery, Dinner, Drive-through, Happy hours, Kitchen, Lunch, Online operating hours, Takeaway, Hours for the elderly",
gcid:indian_sweets_shop,Indian sweets shop,"Access, Breakfast, Brunch, Delivery, Dinner, Drive-through, Happy hours, Kitchen, Lunch, Online operating hours, Pick-up, Takeaway, Hours for the elderly",
gcid:indian_takeaway,Indian takeaway,"Access, Breakfast, Brunch, Delivery, Dinner, Drive-through, Happy hours, Kitchen, Lunch, Online operating hours, Takeaway, Hours for the elderly",
gcid:indonesian_restaurant,Indonesian restaurant,"Access, Breakfast, Brunch, Delivery, Dinner, Drive-through, Happy hours, Kitchen, Lunch, Online operating hours, Takeaway, Hours for the elderly",
gcid:indoor_cycling,Indoor cycling,"Access, Breakfast, Brunch, Delivery, Dinner, Drive-through, Happy hours, Kitchen, Lunch, Online operating hours, Pick-up, Takeaway, Hours for the elderly",
gcid:indoor_golf_course,Indoor golf course,"Access, Breakfast, Brunch, Delivery, Dinner, Drive-through, Happy hours, Kitchen, Lunch, Online operating hours, Pick-up, Takeaway, Hours for the elderly",
gcid:indoor_playground,Indoor playground,"Access, Breakfast, Brunch, Delivery, Dinner, Drive-through, Happy hours, Kitchen, Lunch, Online operating hours, Pick-up, Takeaway, Hours for the elderly",
gcid:indoor_snowcenter,Indoor snowcenter,"Access, Breakfast, Brunch, Delivery, Dinner, Drive-through, Happy hours, Kitchen, Lunch, Online operating hours, Pick-up, Takeaway, Hours for the elderly",
gcid:indoor_swimming_pool,Indoor swimming pool,"Access, Breakfast, Brunch, Delivery, Dinner, Drive-through, Happy hours, Kitchen, Lunch, Online operating hours, Pick-up, Takeaway, Hours for the elderly",
gcid:industrial_chemicals_wholesaler,Industrial chemicals wholesaler,"Access, Breakfast, Brunch, Delivery, Dinner, Drive-through, Happy hours, Kitchen, Lunch, Online operating hours, Pick-up, Takeaway, Hours for the elderly",
gcid:industrial_consultant,Industrial consultant,"Access, Breakfast, Brunch, Delivery, Dinner, Drive-through, Happy hours, Kitchen, Lunch, Online operating hours, Pick-up, Takeaway, Hours for the elderly",
gcid:industrial_design_company,Industrial design company,"Access, Breakfast, Brunch, Delivery, Dinner, Drive-through, Happy hours, Kitchen, Lunch, Online operating hours, Pick-up, Takeaway, Hours for the elderly",
gcid:industrial_engineer,Industrial engineer,"Access, Breakfast, Brunch, Delivery, Dinner, Drive-through, Happy hours, Kitchen, Lunch, Online operating hours, Pick-up, Takeaway, Hours for the elderly",
gcid:industrial_engineers_association,Industrial engineers association,"Access, Breakfast, Brunch, Delivery, Dinner, Drive-through, Happy hours, Kitchen, Lunch, Online operating hours, Pick-up, Takeaway, Hours for the elderly",
gcid:industrial_equipment_supplier,Industrial equipment supplier,"Access, Breakfast, Brunch, Delivery, Dinner, Drive-through, Happy hours, Kitchen, Lunch, Online operating hours, Pick-up, Takeaway, Hours for the elderly",
gcid:industrial_gas_supplier,Industrial gas supplier,"Access, Breakfast, Brunch, Delivery, Dinner, Drive-through, Happy hours, Kitchen, Lunch, Online operating hours, Pick-up, Takeaway, Hours for the elderly",
gcid:industrial_real_estate_agency,Industrial real estate agency,"Access, Breakfast, Brunch, Delivery, Dinner, Drive-through, Happy hours, Kitchen, Lunch, Online operating hours, Pick-up, Takeaway, Hours for the elderly",
gcid:industrial_supermarket,Industrial supermarket,"Access, Breakfast, Brunch, Delivery, Dinner, Drive-through, Happy hours, Kitchen, Lunch, Online operating hours, Pick-up, Takeaway, Hours for the elderly",
gcid:industrial_technical_engineers_association,Industrial technical engineers association,"Access, Breakfast, Brunch, Delivery, Dinner, Drive-through, Happy hours, Kitchen, Lunch, Online operating hours, Pick-up, Takeaway, Hours for the elderly",
gcid:industrial_vacuum_equipment_supplier,Industrial vacuum equipment supplier,"Access, Breakfast, Brunch, Delivery, Dinner, Drive-through, Happy hours, Kitchen, Lunch, Online operating hours, Pick-up, Takeaway, Hours for the elderly",
gcid:infectious_disease_physician,Infectious disease physician,"Breakfast, Delivery, Dinner, Drive-through, Lunch, Online operating hours, Pick-up, Hours for the elderly",
gcid:infiniti_dealer,Infiniti dealer,"Access, Breakfast, Brunch, Delivery, Dinner, Drive-through, Happy hours, Kitchen, Lunch, Online operating hours, Pick-up, Takeaway, Hours for the elderly",
gcid:information_services,Information services,"Access, Breakfast, Brunch, Delivery, Dinner, Drive-through, Happy hours, Kitchen, Lunch, Online operating hours, Pick-up, Takeaway, Hours for the elderly",
gcid:inn,Inn,"Access, Breakfast, Brunch, Delivery, Dinner, Drive-through, Happy hours, Kitchen, Lunch, Online operating hours, Pick-up, Takeaway, Hours for the elderly",
gcid:insolvency_service,Insolvency service,"Access, Breakfast, Brunch, Delivery, Dinner, Drive-through, Happy hours, Kitchen, Lunch, Online operating hours, Pick-up, Takeaway, Hours for the elderly",
gcid:institute_of_geography_and_statistics,Institute of Geography and Statistics,"Access, Breakfast, Brunch, Delivery, Dinner, Drive-through, Happy hours, Kitchen, Lunch, Online operating hours, Pick-up, Takeaway, Hours for the elderly",
gcid:instrumentation_engineer,Instrumentation engineer,"Access, Breakfast, Brunch, Delivery, Dinner, Drive-through, Happy hours, Kitchen, Lunch, Online operating hours, Pick-up, Takeaway, Hours for the elderly",
gcid:insulation_contractor,Insulation contractor,"Access, Breakfast, Brunch, Delivery, Dinner, Drive-through, Happy hours, Kitchen, Lunch, Online operating hours, Pick-up, Takeaway, Hours for the elderly","Furniture assembly, Gutter cleaning, Remodeling, Drywall installation, Fan installation, Install flooring, Tile work installation, Plumbing fixture installation, TV mounting, Paint indoors, Exterior painting, Drywall repair, Fan repair, Repair flooring, Repair water fixtures, Tile work replacement"
gcid:insulation_materials_store,Insulation materials store,"Access, Breakfast, Brunch, Delivery, Dinner, Drive-through, Happy hours, Kitchen, Lunch, Online operating hours, Pick-up, Takeaway, Hours for the elderly",
gcid:insulator_supplier,Insulator supplier,"Access, Breakfast, Brunch, Delivery, Dinner, Drive-through, Happy hours, Kitchen, Lunch, Online operating hours, Pick-up, Takeaway, Hours for the elderly",
gcid:insurance_agency,Insurance agency,"Access, Breakfast, Brunch, Delivery, Dinner, Drive-through, Happy hours, Kitchen, Lunch, Online operating hours, Pick-up, Takeaway, Hours for the elderly","Accident insurance, All-risk insurance coverage, Auto insurance, Boat & watercraft insurance, Insurance claim consulting, Commercial insurance, Dental insurance, Disability insurance, Disease insurance, Education insurance, Employee insurance, Flood insurance, General liability insurance, Health insurance, Life insurance, Mortgage insurance, Motorcycle insurance, Pet insurance, Property insurance, Renter's insurance, Retirement insurance, Student health insurance, Workers' compensation insurance"
gcid:insurance_agent,Insurance agent,"Access, Breakfast, Brunch, Delivery, Dinner, Drive-through, Happy hours, Kitchen, Lunch, Online operating hours, Pick-up, Takeaway, Hours for the elderly",
gcid:insurance_attorney,Insurance attorney,"Access, Breakfast, Brunch, Delivery, Dinner, Drive-through, Happy hours, Kitchen, Lunch, Online operating hours, Pick-up, Takeaway, Hours for the elderly","Auto insurance, Commercial insurance, Delayed & denied insurance claims, Disability insurance, Fire damage claims, General liability insurance, Health insurance, Homeowners insurance, Insurance recovery, Life insurance, Long term disability insurance, Property damage claims, Theft claims, Worker's compensation"
gcid:insurance_broker,Insurance broker,"Access, Breakfast, Brunch, Delivery, Dinner, Drive-through, Happy hours, Kitchen, Lunch, Online operating hours, Pick-up, Takeaway, Hours for the elderly","Accident insurance, All-risk insurance coverage, Auto insurance, Boat & watercraft insurance, Insurance claim consulting, Commercial insurance, Dental insurance, Disability insurance, Disease insurance, Education insurance, Employee insurance, General liability insurance, Health insurance, Life insurance, Mortgage insurance, Motorcycle insurance, Pet insurance, Property insurance, Renter's insurance, Retirement insurance, Student health insurance, Workers' compensation insurance"
gcid:insurance_company,Insurance company,"Access, Breakfast, Brunch, Delivery, Dinner, Drive-through, Happy hours, Kitchen, Lunch, Online operating hours, Pick-up, Takeaway, Hours for the elderly","Auto insurance, Boat & watercraft insurance, Insurance claim consulting, Commercial insurance, Corporate insurance, Disability insurance, Disease insurance, Education insurance, Employee insurance, Financial services, General liability insurance, Group insurance plan assistance, Health insurance, Individual insurance plan assistance, Life insurance, Mortgage insurance, Motorcycle insurance, Pet insurance, Property insurance, Renter's insurance, Retirement insurance, Student health insurance, Workers' compensation insurance"
gcid:intellectual_property_registry,Intellectual property registry,"Access, Breakfast, Brunch, Delivery, Dinner, Drive-through, Happy hours, Kitchen, Lunch, Online operating hours, Pick-up, Takeaway, Hours for the elderly",
gcid:intensivist,Intensivist,"Breakfast, Delivery, Dinner, Drive-through, Lunch, Online operating hours, Pick-up, Hours for the elderly",
gcid:interior_architect_office,Interior architect office,"Access, Breakfast, Brunch, Delivery, Dinner, Drive-through, Happy hours, Kitchen, Lunch, Online operating hours, Pick-up, Takeaway, Hours for the elderly",
gcid:interior_construction_contractor,Interior construction contractor,"Access, Breakfast, Brunch, Delivery, Dinner, Drive-through, Happy hours, Kitchen, Lunch, Online operating hours, Pick-up, Takeaway, Hours for the elderly",
gcid:interior_decorator,Interior Decorator,"Access, Breakfast, Brunch, Delivery, Dinner, Drive-through, Happy hours, Kitchen, Lunch, Online operating hours, Pick-up, Takeaway, Hours for the elderly",
gcid:interior_designer,Interior designer,"Access, Breakfast, Brunch, Delivery, Dinner, Drive-through, Happy hours, Kitchen, Lunch, Online operating hours, Pick-up, Takeaway, Hours for the elderly","Appliance selection, Bathroom design, Bedroom design, Cabinetry & hardware design, Closet design, Commercial interior design, Custom art selection, Dining room design, Door design, Flooring selection, Home decor selection, Home staging, Hospitality design, Interior architectural design, Interior decorating, Interior painting, Kitchen design, Lighting design, Living room design, Millwork design, Office space design, Real estate staging, Refurbishment, Restaurant design, Room planning, Space planning, Stone, brick, & stucco design, Window design"
gcid:interior_fitting_contractor,Interior fitting contractor,"Access, Breakfast, Brunch, Delivery, Dinner, Drive-through, Happy hours, Kitchen, Lunch, Online operating hours, Pick-up, Takeaway, Hours for the elderly",
gcid:interior_plant_service,Interior plant service,"Access, Breakfast, Brunch, Delivery, Dinner, Drive-through, Happy hours, Kitchen, Lunch, Online operating hours, Pick-up, Takeaway, Hours for the elderly",
gcid:internal_medicine_ward,Internal medicine ward,"Breakfast, Delivery, Dinner, Drive-through, Lunch, Online operating hours, Pick-up, Hours for the elderly",
gcid:international_airport,International airport,"Access, Breakfast, Brunch, Delivery, Dinner, Drive-through, Happy hours, Kitchen, Lunch, Online operating hours, Pick-up, Takeaway, Hours for the elderly",
gcid:international_school,International school,"Access, Breakfast, Brunch, Delivery, Dinner, Drive-through, Happy hours, Kitchen, Lunch, Online operating hours, Pick-up, Takeaway, Hours for the elderly",
gcid:international_trade_consultant,International trade consultant,"Breakfast, Dinner, Drive-through, Lunch, Online operating hours, Hours for the elderly",
gcid:internet_cafe,Internet cafe,"Access, Breakfast, Brunch, Delivery, Dinner, Drive-through, Happy hours, Kitchen, Lunch, Online operating hours, Pick-up, Takeaway, Hours for the elderly",Parties
gcid:internet_marketing_service,Internet marketing service,"Access, Breakfast, Brunch, Delivery, Dinner, Drive-through, Happy hours, Kitchen, Lunch, Online operating hours, Pick-up, Takeaway, Hours for the elderly",Telemarketing
gcid:internet_service_provider,Internet service provider,"Access, Breakfast, Brunch, Delivery, Dinner, Drive-through, Happy hours, Kitchen, Lunch, Online operating hours, Pick-up, Takeaway, Hours for the elderly",Technical support
gcid:internet_shop,Internet shop,"Access, Breakfast, Brunch, Delivery, Dinner, Drive-through, Happy hours, Kitchen, Lunch, Online operating hours, Pick-up, Takeaway, Hours for the elderly",
gcid:internist,Internist,"Breakfast, Delivery, Dinner, Drive-through, Lunch, Online operating hours, Pick-up, Hours for the elderly",
gcid:investment_bank,Investment bank,"Breakfast, Dinner, Drive-through, Lunch, Online operating hours, Hours for the elderly",
gcid:investment_company,Investment company,"Breakfast, Dinner, Drive-through, Lunch, Online operating hours, Hours for the elderly",
gcid:investment_service,Investment service,"Breakfast, Dinner, Drive-through, Lunch, Online operating hours, Hours for the elderly",
gcid:invitation_printing_service,Invitation printing service,"Access, Breakfast, Brunch, Delivery, Dinner, Drive-through, Happy hours, Kitchen, Lunch, Online operating hours, Pick-up, Takeaway, Hours for the elderly",
gcid:irish_goods_store,Irish goods store,"Access, Breakfast, Brunch, Delivery, Dinner, Drive-through, Happy hours, Kitchen, Lunch, Online operating hours, Pick-up, Takeaway, Hours for the elderly",
gcid:irish_pub,Irish pub,"Access, Breakfast, Brunch, Delivery, Dinner, Drive-through, Happy hours, Kitchen, Lunch, Online operating hours, Takeaway, Hours for the elderly",
gcid:irish_restaurant,Irish restaurant,"Access, Breakfast, Brunch, Delivery, Dinner, Drive-through, Happy hours, Kitchen, Lunch, Online operating hours, Takeaway, Hours for the elderly",
gcid:iron_ware_dealer,Iron ware dealer,"Access, Breakfast, Brunch, Delivery, Dinner, Drive-through, Happy hours, Kitchen, Lunch, Online operating hours, Pick-up, Takeaway, Hours for the elderly",
gcid:iron_works,Iron works,"Access, Breakfast, Brunch, Delivery, Dinner, Drive-through, Happy hours, Kitchen, Lunch, Online operating hours, Pick-up, Takeaway, Hours for the elderly",
gcid:irrigation_equipment_supplier,Irrigation equipment supplier,"Access, Breakfast, Brunch, Delivery, Dinner, Drive-through, Happy hours, Kitchen, Lunch, Online operating hours, Pick-up, Takeaway, Hours for the elderly",
gcid:israeli_restaurant,Israeli restaurant,"Access, Breakfast, Brunch, Delivery, Dinner, Drive-through, Happy hours, Kitchen, Lunch, Online operating hours, Takeaway, Hours for the elderly",
gcid:isuzu_dealer,Isuzu dealer,"Access, Breakfast, Brunch, Delivery, Dinner, Drive-through, Happy hours, Kitchen, Lunch, Online operating hours, Pick-up, Takeaway, Hours for the elderly",
gcid:italian_grocery_store,Italian grocery store,"Access, Breakfast, Brunch, Delivery, Dinner, Drive-through, Happy hours, Kitchen, Lunch, Online operating hours, Pick-up, Takeaway, Hours for the elderly",
gcid:italian_restaurant,Italian restaurant,"Access, Breakfast, Brunch, Delivery, Dinner, Drive-through, Happy hours, Kitchen, Lunch, Online operating hours, Takeaway, Hours for the elderly",
gcid:iut,Institute of technology,"Access, Breakfast, Brunch, Delivery, Dinner, Drive-through, Happy hours, Kitchen, Lunch, Online operating hours, Pick-up, Takeaway, Hours for the elderly",
gcid:iv_therapy_service,IV therapy service,"Breakfast, Delivery, Dinner, Drive-through, Lunch, Online operating hours, Pick-up, Hours for the elderly",
gcid:jaguar_dealer,Jaguar dealer,"Access, Breakfast, Brunch, Delivery, Dinner, Drive-through, Happy hours, Kitchen, Lunch, Online operating hours, Pick-up, Takeaway, Hours for the elderly",
gcid:jain_temple,Jain temple,"Access, Breakfast, Brunch, Delivery, Dinner, Kitchen, Lunch, Online operating hours, Pick-up, Takeaway, Hours for the elderly, Prayer",
gcid:jamaican_restaurant,Jamaican restaurant,"Access, Breakfast, Brunch, Delivery, Dinner, Drive-through, Happy hours, Kitchen, Lunch, Online operating hours, Takeaway, Hours for the elderly",
gcid:janitorial_equipment_supplier,Janitorial equipment supplier,"Access, Breakfast, Brunch, Delivery, Dinner, Drive-through, Happy hours, Kitchen, Lunch, Online operating hours, Pick-up, Takeaway, Hours for the elderly",
gcid:janitorial_service,Janitorial service,"Access, Breakfast, Brunch, Delivery, Dinner, Drive-through, Happy hours, Kitchen, Lunch, Online operating hours, Pick-up, Takeaway, Hours for the elderly","Fitness center & gym cleaning, General housekeeping, Laboratory cleaning, Medical institution cleaning, Move-out cleaning, Movie theater cleaning, Multi-tenant cleaning, Office cleaning, Post-construction cleaning, Post-event cleaning, School & campus cleaning, Stadium cleaning"
gcid:japanese_authentic_restaurant,Authentic Japanese restaurant,"Access, Breakfast, Brunch, Delivery, Dinner, Drive-through, Happy hours, Kitchen, Lunch, Online operating hours, Takeaway, Hours for the elderly",
gcid:japanese_cheap_sweets_shop,Japanese cheap sweets shop,"Access, Breakfast, Brunch, Delivery, Dinner, Drive-through, Happy hours, Kitchen, Lunch, Online operating hours, Pick-up, Takeaway, Hours for the elderly",
gcid:japanese_confectionery_shop,Japanese confectionery shop,"Access, Breakfast, Brunch, Delivery, Dinner, Drive-through, Happy hours, Kitchen, Lunch, Online operating hours, Pick-up, Takeaway, Hours for the elderly",
gcid:japanese_curry_restaurant,Japanese curry restaurant,"Access, Breakfast, Brunch, Delivery, Dinner, Drive-through, Happy hours, Kitchen, Lunch, Online operating hours, Takeaway, Hours for the elderly",
gcid:japanese_delicatessen,Japanese delicatessen,"Access, Breakfast, Brunch, Delivery, Dinner, Drive-through, Happy hours, Kitchen, Lunch, Online operating hours, Takeaway, Hours for the elderly",
gcid:japanese_grocery_store,Japanese grocery store,"Access, Breakfast, Brunch, Delivery, Dinner, Drive-through, Happy hours, Kitchen, Lunch, Online operating hours, Pick-up, Takeaway, Hours for the elderly",
gcid:japanese_high_quality_restaurant,Ryotei restaurant,"Access, Breakfast, Brunch, Delivery, Dinner, Drive-through, Happy hours, Kitchen, Lunch, Online operating hours, Takeaway, Hours for the elderly",
gcid:japanese_izakaya_restaurant,Izakaya restaurant,"Access, Breakfast, Brunch, Delivery, Dinner, Drive-through, Happy hours, Kitchen, Lunch, Online operating hours, Takeaway, Hours for the elderly",
gcid:japanese_language_instructor,Japanese language instructor,"Access, Breakfast, Brunch, Delivery, Dinner, Drive-through, Happy hours, Kitchen, Lunch, Online operating hours, Pick-up, Takeaway, Hours for the elderly",
gcid:japanese_regional_restaurant,Japanese regional restaurant,"Access, Breakfast, Brunch, Delivery, Dinner, Drive-through, Happy hours, Kitchen, Lunch, Online operating hours, Takeaway, Hours for the elderly",
gcid:japanese_restaurant,Japanese restaurant,"Access, Breakfast, Brunch, Delivery, Dinner, Drive-through, Happy hours, Kitchen, Lunch, Online operating hours, Takeaway, Hours for the elderly",
gcid:japanese_steakhouse,Japanese steakhouse,"Access, Breakfast, Brunch, Delivery, Dinner, Drive-through, Happy hours, Kitchen, Lunch, Online operating hours, Takeaway, Hours for the elderly",
gcid:japanese_sweets_restaurant,Japanese sweets restaurant,"Access, Breakfast, Brunch, Delivery, Dinner, Drive-through, Happy hours, Kitchen, Lunch, Online operating hours, Takeaway, Hours for the elderly",
gcid:japanized_western_food_restaurant,Japanized western restaurant,"Access, Breakfast, Brunch, Delivery, Dinner, Drive-through, Happy hours, Kitchen, Lunch, Online operating hours, Takeaway, Hours for the elderly",
gcid:javanese_restaurant,Javanese restaurant,"Access, Breakfast, Brunch, Delivery, Dinner, Drive-through, Happy hours, Kitchen, Lunch, Online operating hours, Takeaway, Hours for the elderly",
gcid:jazz_club,Jazz club,"Access, Breakfast, Brunch, Delivery, Dinner, Drive-through, Happy hours, Kitchen, Lunch, Online operating hours, Takeaway, Hours for the elderly",
gcid:jeep_dealer,Jeep dealer,"Access, Breakfast, Brunch, Delivery, Dinner, Drive-through, Happy hours, Kitchen, Lunch, Online operating hours, Pick-up, Takeaway, Hours for the elderly",
gcid:jehovahs_witness_church,Jehovah's Witness Kingdom Hall,"Access, Breakfast, Brunch, Delivery, Dinner, Kitchen, Lunch, Online operating hours, Pick-up, Takeaway, Hours for the elderly, Prayer, Worship service",
gcid:jeweler,Jeweler,"Access, Breakfast, Brunch, Delivery, Dinner, Drive-through, Happy hours, Kitchen, Lunch, Online operating hours, Pick-up, Takeaway, Hours for the elderly",
gcid:jewelry_appraiser,Jewelry appraiser,"Breakfast, Dinner, Drive-through, Lunch, Online operating hours, Hours for the elderly",
gcid:jewelry_buyer,Jewelry buyer,"Access, Breakfast, Brunch, Delivery, Dinner, Drive-through, Happy hours, Kitchen, Lunch, Online operating hours, Pick-up, Takeaway, Hours for the elderly",
gcid:jewelry_designer,Jewelry designer,"Access, Breakfast, Brunch, Delivery, Dinner, Drive-through, Happy hours, Kitchen, Lunch, Online operating hours, Pick-up, Takeaway, Hours for the elderly",
gcid:jewelry_engraver,Jewelry engraver,"Access, Breakfast, Brunch, Delivery, Dinner, Drive-through, Happy hours, Kitchen, Lunch, Online operating hours, Pick-up, Takeaway, Hours for the elderly",
gcid:jewelry_equipment_supplier,Jewelry equipment supplier,"Access, Breakfast, Brunch, Delivery, Dinner, Drive-through, Happy hours, Kitchen, Lunch, Online operating hours, Pick-up, Takeaway, Hours for the elderly",
gcid:jewelry_exporter,Jewelry exporter,"Access, Breakfast, Brunch, Delivery, Dinner, Drive-through, Happy hours, Kitchen, Lunch, Online operating hours, Pick-up, Takeaway, Hours for the elderly",
gcid:jewelry_manufacturer,Jewelry manufacturer,"Access, Breakfast, Brunch, Delivery, Dinner, Drive-through, Happy hours, Kitchen, Lunch, Online operating hours, Pick-up, Takeaway, Hours for the elderly",
gcid:jewelry_repair_service,Jewelry repair service,"Access, Breakfast, Brunch, Delivery, Dinner, Drive-through, Happy hours, Kitchen, Lunch, Online operating hours, Pick-up, Takeaway, Hours for the elderly",Stone setting
gcid:jewelry_store,Jewelry store,"Access, Breakfast, Brunch, Delivery, Dinner, Drive-through, Happy hours, Kitchen, Lunch, Online operating hours, Pick-up, Takeaway, Hours for the elderly",
gcid:jewish_restaurant,Jewish restaurant,"Access, Breakfast, Brunch, Delivery, Dinner, Drive-through, Happy hours, Kitchen, Lunch, Online operating hours, Takeaway, Hours for the elderly",
gcid:jiang_su_restaurant,Jiangsu restaurant,"Access, Breakfast, Brunch, Delivery, Dinner, Drive-through, Happy hours, Kitchen, Lunch, Online operating hours, Takeaway, Hours for the elderly",
gcid:joiner,Joiner,"Access, Breakfast, Brunch, Delivery, Dinner, Drive-through, Happy hours, Kitchen, Lunch, Online operating hours, Pick-up, Takeaway, Hours for the elderly",
gcid:judaica_store,Judaica store,"Access, Breakfast, Brunch, Delivery, Dinner, Drive-through, Happy hours, Kitchen, Lunch, Online operating hours, Pick-up, Takeaway, Hours for the elderly",
gcid:judicial_auction,Judicial auction,"Access, Breakfast, Brunch, Delivery, Dinner, Drive-through, Happy hours, Kitchen, Lunch, Online operating hours, Pick-up, Takeaway, Hours for the elderly",
gcid:judicial_scrivener,Judicial scrivener,"Access, Breakfast, Brunch, Delivery, Dinner, Drive-through, Happy hours, Kitchen, Lunch, Online operating hours, Pick-up, Takeaway, Hours for the elderly",
gcid:judo_club,Judo club,"Breakfast, Delivery, Dinner, Drive-through, Lunch, Online operating hours, Pick-up, Hours for the elderly",
gcid:judo_school,Judo school,"Breakfast, Delivery, Dinner, Drive-through, Lunch, Online operating hours, Pick-up, Hours for the elderly",
gcid:juice_shop,Juice shop,"Access, Breakfast, Brunch, Delivery, Dinner, Drive-through, Happy hours, Kitchen, Lunch, Online operating hours, Takeaway, Hours for the elderly",
gcid:jujitsu_school,Jujitsu school,"Breakfast, Delivery, Dinner, Drive-through, Lunch, Online operating hours, Pick-up, Hours for the elderly",
gcid:junior_college,Junior college,"Access, Breakfast, Brunch, Delivery, Dinner, Drive-through, Happy hours, Kitchen, Lunch, Online operating hours, Pick-up, Takeaway, Hours for the elderly",
gcid:junk_dealer,Junk dealer,"Access, Breakfast, Brunch, Delivery, Dinner, Drive-through, Happy hours, Kitchen, Lunch, Online operating hours, Pick-up, Takeaway, Hours for the elderly",
gcid:junk_removal_service,Junk removal service,"Access, Breakfast, Brunch, Delivery, Dinner, Drive-through, Happy hours, Kitchen, Lunch, Online operating hours, Pick-up, Takeaway, Hours for the elderly",
gcid:junkyard,Junkyard,"Access, Breakfast, Brunch, Delivery, Dinner, Drive-through, Happy hours, Kitchen, Lunch, Online operating hours, Pick-up, Takeaway, Hours for the elderly",
gcid:justice_department,Justice department,"Access, Breakfast, Brunch, Delivery, Dinner, Drive-through, Happy hours, Kitchen, Lunch, Online operating hours, Pick-up, Takeaway, Hours for the elderly",
gcid:jute_exporter,Jute exporter,"Access, Breakfast, Brunch, Delivery, Dinner, Drive-through, Happy hours, Kitchen, Lunch, Online operating hours, Pick-up, Takeaway, Hours for the elderly",
gcid:jute_mill,Jute mill,"Access, Breakfast, Brunch, Delivery, Dinner, Drive-through, Happy hours, Kitchen, Lunch, Online operating hours, Pick-up, Takeaway, Hours for the elderly",
gcid:juvenile_detention_center,Juvenile detention center,"Access, Breakfast, Brunch, Delivery, Dinner, Drive-through, Happy hours, Kitchen, Lunch, Online operating hours, Pick-up, Takeaway, Hours for the elderly",
gcid:k_12_school,K-12 school,"Access, Breakfast, Brunch, Delivery, Dinner, Drive-through, Happy hours, Kitchen, Lunch, Online operating hours, Pick-up, Takeaway, Hours for the elderly",
gcid:kabaddi_club,Kabaddi club,"Access, Breakfast, Brunch, Delivery, Dinner, Drive-through, Happy hours, Kitchen, Lunch, Online operating hours, Pick-up, Takeaway, Hours for the elderly",
gcid:kaiseki_restaurant,Kaiseki restaurant,"Access, Breakfast, Brunch, Delivery, Dinner, Drive-through, Happy hours, Kitchen, Lunch, Online operating hours, Takeaway, Hours for the elderly",
gcid:kalle_pache_restaurant,Kalle pache restaurant,"Access, Breakfast, Brunch, Delivery, Dinner, Drive-through, Happy hours, Kitchen, Lunch, Online operating hours, Takeaway, Hours for the elderly",
gcid:karaoke_bar,Karaoke bar,"Access, Breakfast, Brunch, Delivery, Dinner, Drive-through, Happy hours, Kitchen, Lunch, Online operating hours, Takeaway, Hours for the elderly",
gcid:karaoke_equipment_rental_service,Karaoke equipment rental service,"Access, Breakfast, Brunch, Delivery, Dinner, Drive-through, Happy hours, Kitchen, Lunch, Online operating hours, Pick-up, Takeaway, Hours for the elderly",
gcid:karaoke_event_service,Karaoke event service,"Access, Breakfast, Brunch, Delivery, Dinner, Drive-through, Happy hours, Kitchen, Lunch, Online operating hours, Pick-up, Takeaway, Hours for the elderly",
gcid:karate_club,Karate club,"Breakfast, Delivery, Dinner, Drive-through, Lunch, Online operating hours, Pick-up, Hours for the elderly",
gcid:karate_school,Karate school,"Breakfast, Delivery, Dinner, Drive-through, Lunch, Online operating hours, Pick-up, Hours for the elderly",
gcid:karma_dealer,Karma dealer,"Access, Breakfast, Brunch, Delivery, Dinner, Drive-through, Happy hours, Kitchen, Lunch, Online operating hours, Pick-up, Takeaway, Hours for the elderly",
gcid:karnataka_restaurant,Karnataka restaurant,"Access, Breakfast, Brunch, Delivery, Dinner, Drive-through, Happy hours, Kitchen, Lunch, Online operating hours, Takeaway, Hours for the elderly",
gcid:kashmiri_restaurant,Kashmiri restaurant,"Access, Breakfast, Brunch, Delivery, Dinner, Drive-through, Happy hours, Kitchen, Lunch, Online operating hours, Takeaway, Hours for the elderly",
gcid:kazakhstani_restaurant,Kazakhstani restaurant,"Access, Breakfast, Brunch, Delivery, Dinner, Drive-through, Happy hours, Kitchen, Lunch, Online operating hours, Takeaway, Hours for the elderly",
gcid:kebab_shop,Kebab shop,"Access, Breakfast, Brunch, Delivery, Dinner, Drive-through, Happy hours, Kitchen, Lunch, Online operating hours, Takeaway, Hours for the elderly",
gcid:kennel,Kennel,"Access, Breakfast, Brunch, Delivery, Dinner, Drive-through, Happy hours, Kitchen, Lunch, Online operating hours, Pick-up, Takeaway, Hours for the elderly","Cat boarding, Cat grooming, Cat sitting (in-home), Dog boarding, Dog boarding with training, Dog daycare, Dog grooming, Dog sitting (in-home), Dog training, Dog walking, Other pet boarding, Other pet daycare, Other pet grooming, Other pet sitting (in-home)"
gcid:kerala_restaurant,Kerala restaurant,"Access, Breakfast, Brunch, Delivery, Dinner, Drive-through, Happy hours, Kitchen, Lunch, Online operating hours, Takeaway, Hours for the elderly",
gcid:kerosene_supplier,Kerosene supplier,"Access, Breakfast, Brunch, Delivery, Dinner, Drive-through, Happy hours, Kitchen, Lunch, Online operating hours, Pick-up, Takeaway, Hours for the elderly",
gcid:key_duplication_service,Key duplication service,"Access, Breakfast, Brunch, Delivery, Dinner, Drive-through, Happy hours, Kitchen, Lunch, Online operating hours, Pick-up, Takeaway, Hours for the elderly","Building lockouts, Car digital & remote key reprogramming, Building key copying, Car key copying, Door lock & bolt hardware installation, New key fob creation, Lock rekeying, Repair hardware, Safe lock install, open & repair, Security door locks, Car lockouts, Window locks"
gcid:kia_dealer,Kia dealer,"Access, Breakfast, Brunch, Delivery, Dinner, Drive-through, Happy hours, Kitchen, Lunch, Online operating hours, Pick-up, Takeaway, Hours for the elderly",
gcid:kickboxing_school,Kickboxing school,"Breakfast, Delivery, Dinner, Drive-through, Lunch, Online operating hours, Pick-up, Hours for the elderly",
gcid:kilt_shop_and_hire,Kilt shop and hire,"Access, Breakfast, Brunch, Delivery, Dinner, Drive-through, Happy hours, Kitchen, Lunch, Online operating hours, Pick-up, Takeaway, Hours for the elderly",
gcid:kimono_store,Kimono store,"Access, Breakfast, Brunch, Delivery, Dinner, Drive-through, Happy hours, Kitchen, Lunch, Online operating hours, Pick-up, Takeaway, Hours for the elderly",
gcid:kindergarten,Kindergarten,"Access, Breakfast, Brunch, Delivery, Dinner, Drive-through, Happy hours, Kitchen, Lunch, Online operating hours, Pick-up, Takeaway, Hours for the elderly",
gcid:kinesiologist,Kinesiologist,"Breakfast, Delivery, Dinner, Drive-through, Lunch, Online operating hours, Pick-up, Hours for the elderly",
gcid:kinesiotherapist,Kinesiotherapist,"Breakfast, Delivery, Dinner, Drive-through, Lunch, Online operating hours, Pick-up, Hours for the elderly",
gcid:kiosk,Kiosk,"Access, Breakfast, Brunch, Delivery, Dinner, Drive-through, Happy hours, Kitchen, Lunch, Online operating hours, Pick-up, Takeaway, Hours for the elderly",
gcid:kitchen_furniture_store,Kitchen furniture store,"Access, Breakfast, Brunch, Delivery, Dinner, Drive-through, Happy hours, Kitchen, Lunch, Online operating hours, Pick-up, Takeaway, Hours for the elderly",
gcid:kitchen_remodeler,Kitchen remodeler,"Access, Breakfast, Brunch, Delivery, Dinner, Drive-through, Happy hours, Kitchen, Lunch, Online operating hours, Pick-up, Takeaway, Hours for the elderly","Furniture assembly, Gutter cleaning, Custom kitchen cabinet construction, Granite countertop installation, Granite countertop repair, Remodeling, Drywall installation, Fan installation, Install flooring, Tile work installation, Plumbing fixture installation, Interior structural repairs, Kitchen cabinet design, Kitchen cabinet door replacement, Kitchen cabinet installation, Kitchen cabinet refacing, Kitchen cabinet refinishing, Kitchen countertop installation, Kitchen countertop repair, Kitchen countertop replacement, Kitchen design, TV mounting, Outdoor kitchen remodeling, Paint indoors, Exterior painting, Drywall repair, Fan repair, Repair flooring, Repair water fixtures, Tile work replacement"
gcid:kitchen_supply_store,Kitchen supply store,"Access, Breakfast, Brunch, Delivery, Dinner, Drive-through, Happy hours, Kitchen, Lunch, Online operating hours, Pick-up, Takeaway, Hours for the elderly",
gcid:kite_shop,Kite shop,"Access, Breakfast, Brunch, Delivery, Dinner, Drive-through, Happy hours, Kitchen, Lunch, Online operating hours, Pick-up, Takeaway, Hours for the elderly",
gcid:knife_manufacturing,Knife manufacturer,"Access, Breakfast, Brunch, Delivery, Dinner, Drive-through, Happy hours, Kitchen, Lunch, Online operating hours, Pick-up, Takeaway, Hours for the elderly",
gcid:knife_store,Knife store,"Access, Breakfast, Brunch, Delivery, Dinner, Drive-through, Happy hours, Kitchen, Lunch, Online operating hours, Pick-up, Takeaway, Hours for the elderly",
gcid:knit_shop,Knit shop,"Access, Breakfast, Brunch, Delivery, Dinner, Drive-through, Happy hours, Kitchen, Lunch, Online operating hours, Pick-up, Takeaway, Hours for the elderly",
gcid:knitting_instructor,Knitting instructor,"Access, Breakfast, Brunch, Delivery, Dinner, Drive-through, Happy hours, Kitchen, Lunch, Online operating hours, Pick-up, Takeaway, Hours for the elderly",
gcid:knitwear_manufacturer,Knitwear manufacturer,"Access, Breakfast, Brunch, Delivery, Dinner, Drive-through, Happy hours, Kitchen, Lunch, Online operating hours, Pick-up, Takeaway, Hours for the elderly",
gcid:kofta_restaurant,Kofta restaurant,"Access, Breakfast, Brunch, Delivery, Dinner, Drive-through, Happy hours, Kitchen, Lunch, Online operating hours, Takeaway, Hours for the elderly",
gcid:konkani_restaurant,Konkani restaurant,"Access, Breakfast, Brunch, Delivery, Dinner, Drive-through, Happy hours, Kitchen, Lunch, Online operating hours, Takeaway, Hours for the elderly",
gcid:korean_barbecue_restaurant,Korean barbecue restaurant,"Access, Breakfast, Brunch, Delivery, Dinner, Drive-through, Happy hours, Kitchen, Lunch, Online operating hours, Takeaway, Hours for the elderly",
gcid:korean_beef_restaurant,Korean beef restaurant,"Access, Breakfast, Brunch, Delivery, Dinner, Drive-through, Happy hours, Kitchen, Lunch, Online operating hours, Takeaway, Hours for the elderly",
gcid:korean_church,Korean church,"Access, Breakfast, Brunch, Delivery, Dinner, Kitchen, Lunch, Online operating hours, Pick-up, Takeaway, Hours for the elderly, Prayer, Worship service",
gcid:korean_grocery_store,Korean grocery store,"Access, Breakfast, Brunch, Delivery, Dinner, Drive-through, Happy hours, Kitchen, Lunch, Online operating hours, Pick-up, Takeaway, Hours for the elderly",
gcid:korean_restaurant,Korean restaurant,"Access, Breakfast, Brunch, Delivery, Dinner, Drive-through, Happy hours, Kitchen, Lunch, Online operating hours, Takeaway, Hours for the elderly",
gcid:korean_rib_restaurant,Korean rib restaurant,"Access, Breakfast, Brunch, Delivery, Dinner, Drive-through, Happy hours, Kitchen, Lunch, Online operating hours, Takeaway, Hours for the elderly",
gcid:koshari_restaurant,Koshari restaurant,"Access, Breakfast, Brunch, Delivery, Dinner, Drive-through, Happy hours, Kitchen, Lunch, Online operating hours, Takeaway, Hours for the elderly",
gcid:kosher_grocery_store,Kosher grocery store,"Access, Breakfast, Brunch, Delivery, Dinner, Drive-through, Happy hours, Kitchen, Lunch, Online operating hours, Pick-up, Takeaway, Hours for the elderly",
gcid:kosher_restaurant,Kosher restaurant,"Access, Breakfast, Brunch, Delivery, Dinner, Drive-through, Happy hours, Kitchen, Lunch, Online operating hours, Takeaway, Hours for the elderly",
gcid:kung_fu_school,Kung fu school,"Breakfast, Delivery, Dinner, Drive-through, Lunch, Online operating hours, Pick-up, Hours for the elderly",
gcid:kushiyaki_restaurant,Kushiyaki restaurant,"Access, Breakfast, Brunch, Delivery, Dinner, Drive-through, Happy hours, Kitchen, Lunch, Online operating hours, Takeaway, Hours for the elderly",
gcid:kyoto_cuisine_restaurant,Kyoto style Japanese restaurant,"Access, Breakfast, Brunch, Delivery, Dinner, Drive-through, Happy hours, Kitchen, Lunch, Online operating hours, Takeaway, Hours for the elderly",
gcid:labor_relations_attorney,Labor relations attorney,"Access, Breakfast, Brunch, Delivery, Dinner, Drive-through, Happy hours, Kitchen, Lunch, Online operating hours, Pick-up, Takeaway, Hours for the elderly",
gcid:labor_union,Labor union,"Access, Breakfast, Brunch, Delivery, Dinner, Drive-through, Happy hours, Kitchen, Lunch, Online operating hours, Pick-up, Takeaway, Hours for the elderly",
gcid:laboratory,Laboratory,"Access, Breakfast, Brunch, Delivery, Dinner, Drive-through, Happy hours, Kitchen, Lunch, Online operating hours, Pick-up, Takeaway, Hours for the elderly",
gcid:laboratory_equipment_supplier,Laboratory equipment supplier,"Access, Breakfast, Brunch, Delivery, Dinner, Drive-through, Happy hours, Kitchen, Lunch, Online operating hours, Pick-up, Takeaway, Hours for the elderly",
gcid:lactation_service,Lactation service,"Breakfast, Delivery, Dinner, Drive-through, Lunch, Online operating hours, Pick-up, Hours for the elderly",
gcid:ladder_supplier,Ladder supplier,"Access, Breakfast, Brunch, Delivery, Dinner, Drive-through, Happy hours, Kitchen, Lunch, Online operating hours, Pick-up, Takeaway, Hours for the elderly",
gcid:lamborghini_dealer,Lamborghini dealer,"Access, Breakfast, Brunch, Delivery, Dinner, Drive-through, Happy hours, Kitchen, Lunch, Online operating hours, Pick-up, Takeaway, Hours for the elderly",
gcid:laminating_equipment_supplier,Laminating equipment supplier,"Access, Breakfast, Brunch, Delivery, Dinner, Drive-through, Happy hours, Kitchen, Lunch, Online operating hours, Pick-up, Takeaway, Hours for the elderly",
gcid:lamination_service,Lamination service,"Access, Breakfast, Brunch, Delivery, Dinner, Drive-through, Happy hours, Kitchen, Lunch, Online operating hours, Pick-up, Takeaway, Hours for the elderly",
gcid:lamp_repair_service,Lamp repair service,"Access, Breakfast, Brunch, Delivery, Dinner, Drive-through, Happy hours, Kitchen, Lunch, Online operating hours, Pick-up, Takeaway, Hours for the elderly",
gcid:lamp_shade_supplier,Lamp shade supplier,"Access, Breakfast, Brunch, Delivery, Dinner, Drive-through, Happy hours, Kitchen, Lunch, Online operating hours, Pick-up, Takeaway, Hours for the elderly",
gcid:lancia_dealer,Lancia dealer,"Access, Breakfast, Brunch, Delivery, Dinner, Drive-through, Happy hours, Kitchen, Lunch, Online operating hours, Pick-up, Takeaway, Hours for the elderly",
gcid:land_allotment,Land allotment,"Access, Breakfast, Brunch, Delivery, Dinner, Drive-through, Happy hours, Kitchen, Lunch, Online operating hours, Pick-up, Takeaway, Hours for the elderly",
gcid:land_planning_authority,Land planning authority,"Access, Breakfast, Brunch, Delivery, Dinner, Drive-through, Happy hours, Kitchen, Lunch, Online operating hours, Pick-up, Takeaway, Hours for the elderly",
gcid:land_reform_institute,Land reform institute,"Access, Breakfast, Brunch, Delivery, Dinner, Drive-through, Happy hours, Kitchen, Lunch, Online operating hours, Pick-up, Takeaway, Hours for the elderly",
gcid:land_rover_dealer,Land Rover dealer,"Access, Breakfast, Brunch, Delivery, Dinner, Drive-through, Happy hours, Kitchen, Lunch, Online operating hours, Pick-up, Takeaway, Hours for the elderly",
gcid:land_surveying_office,Land surveying office,"Access, Breakfast, Brunch, Delivery, Dinner, Drive-through, Happy hours, Kitchen, Lunch, Online operating hours, Pick-up, Takeaway, Hours for the elderly",
gcid:land_surveyor,Land surveyor,"Access, Breakfast, Brunch, Delivery, Dinner, Drive-through, Happy hours, Kitchen, Lunch, Online operating hours, Pick-up, Takeaway, Hours for the elderly",
gcid:landscape_architect,Landscape architect,"Access, Breakfast, Brunch, Delivery, Dinner, Drive-through, Happy hours, Kitchen, Lunch, Online operating hours, Pick-up, Takeaway, Hours for the elderly","Artificial turf installation, Backyard design, Concrete masonry, Driveway landscaping, Driveway or walkway paving, Garden decoration, Grading & resloping, Landscape design, Landscape installations, Landscaping maintenance, Lawn care, Outdoor step construction, Outdoor water feature design, Patio design, Retaining wall design, Grass seeding, Sod installation, Stone masonry, Walkway landscaping"
gcid:landscape_designer,Landscape designer,"Access, Breakfast, Brunch, Delivery, Dinner, Drive-through, Happy hours, Kitchen, Lunch, Online operating hours, Pick-up, Takeaway, Hours for the elderly","Artificial turf installation, Backyard landscaping, Concrete masonry, Custom landscape design, Desert landscaping, Drainage solutions, Driveway landscaping, Driveway or walkway paving, Garden decorating, Garden design, Garden landscaping, Gardening services, Grading & resloping, Landscape architecture services, Landscape design construction, Landscape installations, Lawn care, Outdoor step construction, Outdoor water feature design, Patio design, Pond maintenance, Retaining wall design, Grass seeding, Sod installation, Stone masonry, Turf management, Walkway landscaping, Yard designs, Yard drainage"
gcid:landscape_lighting_designer,Landscape lighting designer,"Access, Breakfast, Brunch, Delivery, Dinner, Drive-through, Happy hours, Kitchen, Lunch, Online operating hours, Pick-up, Takeaway, Hours for the elderly",
gcid:landscaper,Landscaper,"Access, Breakfast, Brunch, Delivery, Dinner, Drive-through, Happy hours, Kitchen, Lunch, Online operating hours, Pick-up, Takeaway, Hours for the elderly","Artificial turf installation, Concrete masonry, Desert landscaping, Driveway landscaping, Driveway or walkway paving, Garden decorating, Garden design, Gardening services, Grading & resloping, Green landscaping, Groundskeeping, Hardscaping, Hydroseeding, Landscape design, Landscape installations, Landscape management, Landscaping design, Landscaping maintenance, Lawn care, Lawn landscaping, Outdoor step construction, Outdoor water feature design, Pool landscaping, Retaining walls, Rock landscaping, Grass seeding, Sod installation, Stone landscaping, Stone masonry, Tree landscaping, Walkway landscaping, Yard drainage, Yard grading, Yard landscaping"
gcid:landscaping_supply_store,Landscaping supply store,"Access, Breakfast, Brunch, Delivery, Dinner, Drive-through, Happy hours, Kitchen, Lunch, Online operating hours, Pick-up, Takeaway, Hours for the elderly",
gcid:language_school,Language school,"Access, Breakfast, Brunch, Delivery, Dinner, Drive-through, Happy hours, Kitchen, Lunch, Online operating hours, Pick-up, Takeaway, Hours for the elderly","Adult lessons, Advanced classes, Beginner's classes, Group lessons, Intermediate classes, Private lessons, Youth classes"
gcid:laotian_restaurant,Laotian restaurant,"Access, Breakfast, Brunch, Delivery, Dinner, Drive-through, Happy hours, Kitchen, Lunch, Online operating hours, Takeaway, Hours for the elderly",
gcid:lapidary,Lapidary,"Access, Breakfast, Brunch, Delivery, Dinner, Drive-through, Happy hours, Kitchen, Lunch, Online operating hours, Pick-up, Takeaway, Hours for the elderly",
gcid:laser_cutting_service,Laser cutting service,"Access, Breakfast, Brunch, Delivery, Dinner, Drive-through, Happy hours, Kitchen, Lunch, Online operating hours, Pick-up, Takeaway, Hours for the elderly",
gcid:laser_equipment_supplier,Laser equipment supplier,"Access, Breakfast, Brunch, Delivery, Dinner, Drive-through, Happy hours, Kitchen, Lunch, Online operating hours, Pick-up, Takeaway, Hours for the elderly",
gcid:laser_hair_removal_service,Laser hair removal service,"Breakfast, Delivery, Dinner, Drive-through, Lunch, Online operating hours, Pick-up, Hours for the elderly","Acne laser treatments, Acne scar removal, Arm hair removal, Back hair removal, Bikini hair removal, Cellulite reduction, Chest hair removal, Cold wax hair removal, Cosmetic dermatology, Dermaplaning, Diode laser hair removal, Ear hair removal, Electrolysis, Epilgreen hair removal, Eyebrow hair removal, Facial hair removal, Female body hair removal, Foot hair removal, Intimate area hair removal, IPL hair removal, Laser hair removal, Laser therapy, Leg hair removal, Lip hair removal, Male body hair removal, Neck hair removal, Radiofrequency treatments, Stomach hair removal, Sun spot treatments, Underarm hair removal"
gcid:laser_tag_center,Laser tag center,"Access, Breakfast, Brunch, Delivery, Dinner, Drive-through, Happy hours, Kitchen, Lunch, Online operating hours, Pick-up, Takeaway, Hours for the elderly",
gcid:lasik_surgeon,Lasik surgeon,"Breakfast, Delivery, Dinner, Drive-through, Lunch, Online operating hours, Pick-up, Hours for the elderly",
gcid:latin_american_restaurant,Latin American restaurant,"Access, Breakfast, Brunch, Delivery, Dinner, Drive-through, Happy hours, Kitchen, Lunch, Online operating hours, Takeaway, Hours for the elderly",
gcid:laundromat,Laundromat,"Access, Breakfast, Brunch, Delivery, Dinner, Drive-through, Happy hours, Kitchen, Lunch, Online operating hours, Pick-up, Takeaway, Hours for the elderly",
gcid:laundry,Laundry,"Access, Breakfast, Brunch, Delivery, Dinner, Drive-through, Happy hours, Kitchen, Lunch, Online operating hours, Pick-up, Takeaway, Hours for the elderly","Clothing alterations & repairs, Baby clothes cleaning, General bedding cleaning, Clothes dyeing, Laundry pick-up, Delivery, Drapery & window cover cleaning, Dry cleaning, General clothes drying, Ironing, Leather & suede cleaning, Party gown cleaning, Special care fabric cleaning, Laundry wash & fold, Wedding gown preservation"
gcid:laundry_service,Laundry service,"Access, Breakfast, Brunch, Delivery, Dinner, Drive-through, Happy hours, Kitchen, Lunch, Online operating hours, Pick-up, Takeaway, Hours for the elderly","Clothing alterations & repairs, General bedding cleaning, Laundry pick-up, Comforter cleaning, Delivery, Drapery & window cover cleaning, Dry cleaning, General clothes drying, Leather & suede cleaning, Special care fabric cleaning, Laundry wash & fold, Wedding gown preservation"
gcid:law_book_store,Law book store,"Access, Breakfast, Brunch, Delivery, Dinner, Drive-through, Happy hours, Kitchen, Lunch, Online operating hours, Pick-up, Takeaway, Hours for the elderly",
gcid:law_firm,Law firm,"Access, Breakfast, Brunch, Delivery, Dinner, Drive-through, Happy hours, Kitchen, Lunch, Online operating hours, Pick-up, Takeaway, Hours for the elderly","Civil rights litigation, Consumer advocacy litigation, Corporate litigation, Criminal defense litigation, Debt settlement, Disability benefits litigation, Entertainment law, Government litigation, Insurance litigation, Intellectual property litigation, International law, Landlord & tenant litigation, Legal consulting, Legal malpractice litigation, Lemon law litigation, Maritime litigation, Nonprofit litigation, Power of attorney, Probate litigation, Property damage litigation, Property dispute litigation, Small business litigation, Trust & estates litigation, Water litigation, Will writing"
gcid:law_library,Law library,"Access, Breakfast, Brunch, Delivery, Dinner, Drive-through, Happy hours, Kitchen, Lunch, Online operating hours, Pick-up, Takeaway, Hours for the elderly",
gcid:law_school,Law school,"Access, Breakfast, Brunch, Delivery, Dinner, Drive-through, Happy hours, Kitchen, Lunch, Online operating hours, Pick-up, Takeaway, Hours for the elderly",
gcid:lawn_bowls_club,Lawn bowls club,"Access, Breakfast, Brunch, Delivery, Dinner, Drive-through, Happy hours, Kitchen, Lunch, Online operating hours, Pick-up, Takeaway, Hours for the elderly",
gcid:lawn_care_service,Lawn care service,"Access, Breakfast, Brunch, Delivery, Dinner, Drive-through, Happy hours, Kitchen, Lunch, Online operating hours, Pick-up, Takeaway, Hours for the elderly","Fencing installation, Irrigation system repair & maintenance, Landscape design, Lawn mowing & maintenance, Lawn pest control, Mulching, Grass seeding, Sod installation, Weed control, Yard work"
gcid:lawn_equipment_rental_service,Lawn equipment rental service,"Access, Breakfast, Brunch, Delivery, Dinner, Drive-through, Happy hours, Kitchen, Lunch, Online operating hours, Pick-up, Takeaway, Hours for the elderly",
gcid:lawn_irrigation_equipment_supplier,Lawn irrigation equipment supplier,"Access, Breakfast, Brunch, Delivery, Dinner, Drive-through, Happy hours, Kitchen, Lunch, Online operating hours, Pick-up, Takeaway, Hours for the elderly",
gcid:lawn_mower_repair_service,Lawn mower repair service,"Access, Breakfast, Brunch, Delivery, Dinner, Drive-through, Happy hours, Kitchen, Lunch, Online operating hours, Pick-up, Takeaway, Hours for the elderly","Aerator repair, Carburetor cleaning, Edger repair, Engine repair, Generator repair, Hand-held tune-up & repair, Lawn mower cleaning, Lawn mower tune-up & repair, Oil change, Sharpening, Snow blower repair, Tiller repair, Transmission repair, Trimmer repair"
gcid:lawn_mower_store,Lawn mower store,"Access, Breakfast, Brunch, Delivery, Dinner, Drive-through, Happy hours, Kitchen, Lunch, Online operating hours, Pick-up, Takeaway, Hours for the elderly",
gcid:lawn_sprinkler_system_contractor,Lawn sprinkler system contractor,"Access, Breakfast, Brunch, Delivery, Dinner, Drive-through, Happy hours, Kitchen, Lunch, Online operating hours, Pick-up, Takeaway, Hours for the elderly","Irrigation system repair & maintenance, Lawn mowing & maintenance, Lawn pest control, Mulching, Grass seeding, Sod installation, Weed control, Yard work"
gcid:lawyer,Lawyer,"Access, Breakfast, Brunch, Delivery, Dinner, Drive-through, Happy hours, Kitchen, Lunch, Online operating hours, Pick-up, Takeaway, Hours for the elderly","Civil rights litigation, Disability benefits litigation, Eviction litigation, Landlord & tenant litigation, Traffic ticket litigation, Will writing, Workers' compensation litigation"
gcid:lawyers_association,Lawyers association,"Access, Breakfast, Brunch, Delivery, Dinner, Drive-through, Happy hours, Kitchen, Lunch, Online operating hours, Pick-up, Takeaway, Hours for the elderly",
gcid:leagues_club,Leagues club,"Access, Breakfast, Brunch, Delivery, Dinner, Drive-through, Happy hours, Kitchen, Lunch, Online operating hours, Pick-up, Takeaway, Hours for the elderly",
gcid:learner_driver_training_area,Learner driver training area,"Access, Breakfast, Brunch, Delivery, Dinner, Drive-through, Happy hours, Kitchen, Lunch, Online operating hours, Pick-up, Takeaway, Hours for the elderly",
gcid:learning_center,Learning center,"Access, Breakfast, Brunch, Delivery, Dinner, Drive-through, Happy hours, Kitchen, Lunch, Online operating hours, Pick-up, Takeaway, Hours for the elderly",Adult lessons
gcid:leasing_service,Leasing service,"Breakfast, Dinner, Drive-through, Lunch, Online operating hours, Hours for the elderly",
gcid:leather_cleaning_service,Leather cleaning service,"Access, Breakfast, Brunch, Delivery, Dinner, Drive-through, Happy hours, Kitchen, Lunch, Online operating hours, Pick-up, Takeaway, Hours for the elderly",
gcid:leather_coats_store,Leather coats store,"Access, Breakfast, Brunch, Delivery, Dinner, Drive-through, Happy hours, Kitchen, Lunch, Online operating hours, Pick-up, Takeaway, Hours for the elderly",
gcid:leather_exporter,Leather exporter,"Access, Breakfast, Brunch, Delivery, Dinner, Drive-through, Happy hours, Kitchen, Lunch, Online operating hours, Pick-up, Takeaway, Hours for the elderly",
gcid:leather_goods_manufacturer,Leather goods manufacturer,"Access, Breakfast, Brunch, Delivery, Dinner, Drive-through, Happy hours, Kitchen, Lunch, Online operating hours, Pick-up, Takeaway, Hours for the elderly",
gcid:leather_goods_store,Leather goods store,"Access, Breakfast, Brunch, Delivery, Dinner, Drive-through, Happy hours, Kitchen, Lunch, Online operating hours, Pick-up, Takeaway, Hours for the elderly",
gcid:leather_goods_supplier,Leather goods supplier,"Access, Breakfast, Brunch, Delivery, Dinner, Drive-through, Happy hours, Kitchen, Lunch, Online operating hours, Pick-up, Takeaway, Hours for the elderly",
gcid:leather_goods_wholesaler,Leather goods wholesaler,"Access, Breakfast, Brunch, Delivery, Dinner, Drive-through, Happy hours, Kitchen, Lunch, Online operating hours, Pick-up, Takeaway, Hours for the elderly",
gcid:leather_repair_service,Leather repair service,"Access, Breakfast, Brunch, Delivery, Dinner, Drive-through, Happy hours, Kitchen, Lunch, Online operating hours, Pick-up, Takeaway, Hours for the elderly",
gcid:leather_wholesaler,Leather wholesaler,"Access, Breakfast, Brunch, Delivery, Dinner, Drive-through, Happy hours, Kitchen, Lunch, Online operating hours, Pick-up, Takeaway, Hours for the elderly",
gcid:lebanese_restaurant,Lebanese restaurant,"Access, Breakfast, Brunch, Delivery, Dinner, Drive-through, Happy hours, Kitchen, Lunch, Online operating hours, Takeaway, Hours for the elderly",
gcid:lechon_restaurant,Lechon restaurant,"Access, Breakfast, Brunch, Delivery, Dinner, Drive-through, Happy hours, Kitchen, Lunch, Online operating hours, Takeaway, Hours for the elderly",
gcid:legal_affairs_bureau,Legal affairs bureau,"Access, Breakfast, Brunch, Delivery, Dinner, Drive-through, Happy hours, Kitchen, Lunch, Online operating hours, Pick-up, Takeaway, Hours for the elderly",
gcid:legal_services,Legal services,"Access, Breakfast, Brunch, Delivery, Dinner, Drive-through, Happy hours, Kitchen, Lunch, Online operating hours, Pick-up, Takeaway, Hours for the elderly","Appellate advocacy, Bankruptcy representation, Business transactions, Case assessments, Civil litigation, Contracts & agreements litigation, Corporate litigation, Criminal defense litigation, Criminal litigation, Disability benefits litigation, Divorce litigation, Education litigation, Employment litigation, Entertainment litigation, Environment litigation, Labor litigation, Legal advice, Legal malpractice litigation, Lemon law litigation, Litigation, Mediation, Notary services, Power of attorney, Pro bono representation, Real estate litigation, Real estate title services, Legal settlements, Small claims representation, Will writing"
gcid:leisurecentre,Leisure center,"Access, Breakfast, Brunch, Delivery, Dinner, Drive-through, Happy hours, Kitchen, Lunch, Online operating hours, Pick-up, Takeaway, Hours for the elderly",
gcid:lesbian_bar,Lesbian bar,"Access, Breakfast, Brunch, Delivery, Dinner, Drive-through, Happy hours, Kitchen, Lunch, Online operating hours, Takeaway, Hours for the elderly",
gcid:lexus_dealer,Lexus dealer,"Access, Breakfast, Brunch, Delivery, Dinner, Drive-through, Happy hours, Kitchen, Lunch, Online operating hours, Pick-up, Takeaway, Hours for the elderly",
gcid:library,Library,"Access, Breakfast, Brunch, Delivery, Dinner, Drive-through, Happy hours, Kitchen, Lunch, Online operating hours, Pick-up, Takeaway, Hours for the elderly",Space rental
gcid:license_bureau,License bureau,"Access, Breakfast, Brunch, Delivery, Dinner, Drive-through, Happy hours, Kitchen, Lunch, Online operating hours, Pick-up, Takeaway, Hours for the elderly",
gcid:license_plate_frames_supplier,License plate frames supplier,"Access, Breakfast, Brunch, Delivery, Dinner, Drive-through, Happy hours, Kitchen, Lunch, Online operating hours, Pick-up, Takeaway, Hours for the elderly",
gcid:lido,Lido,"Access, Breakfast, Brunch, Delivery, Dinner, Drive-through, Happy hours, Kitchen, Lunch, Online operating hours, Pick-up, Takeaway, Hours for the elderly",
gcid:life_coach,Life coach,"Breakfast, Delivery, Dinner, Drive-through, Lunch, Online operating hours, Pick-up, Hours for the elderly","Career counseling, Corporate team building, Executive coaching, Group coaching, Health & wellness counseling, Leadership coaching, Meditation exercises, Mentoring, Personal counseling, Relationship coaching"
gcid:life_insurance_agency,Life insurance agency,"Access, Breakfast, Brunch, Delivery, Dinner, Drive-through, Happy hours, Kitchen, Lunch, Online operating hours, Pick-up, Takeaway, Hours for the elderly","Accidental death coverage plans, Customized policies, Group life insurance, Health cover plans, Health insurance, Loan cover plans, Online registration, Retirement plans, Savings cover plans, Serious illness cover plans, Term life insurance, Universal life insurance, Whole life insurance"
gcid:light_bulb_supplier,Light bulb supplier,"Access, Breakfast, Brunch, Delivery, Dinner, Drive-through, Happy hours, Kitchen, Lunch, Online operating hours, Pick-up, Takeaway, Hours for the elderly",
gcid:lighting_consultant,Lighting consultant,"Access, Breakfast, Brunch, Delivery, Dinner, Drive-through, Happy hours, Kitchen, Lunch, Online operating hours, Pick-up, Takeaway, Hours for the elderly",
gcid:lighting_contractor,Lighting contractor,"Access, Breakfast, Brunch, Delivery, Dinner, Drive-through, Happy hours, Kitchen, Lunch, Online operating hours, Pick-up, Takeaway, Hours for the elderly",
gcid:lighting_manufacturer,Lighting manufacturer,"Access, Breakfast, Brunch, Delivery, Dinner, Drive-through, Happy hours, Kitchen, Lunch, Online operating hours, Pick-up, Takeaway, Hours for the elderly",
gcid:lighting_store,Lighting store,"Access, Breakfast, Brunch, Delivery, Dinner, Drive-through, Happy hours, Kitchen, Lunch, Online operating hours, Pick-up, Takeaway, Hours for the elderly",
gcid:lighting_wholesaler,Lighting products wholesaler,"Access, Breakfast, Brunch, Delivery, Dinner, Drive-through, Happy hours, Kitchen, Lunch, Online operating hours, Pick-up, Takeaway, Hours for the elderly",
gcid:ligurian_restaurant,Ligurian restaurant,"Access, Breakfast, Brunch, Delivery, Dinner, Drive-through, Happy hours, Kitchen, Lunch, Online operating hours, Takeaway, Hours for the elderly",
gcid:limousine_service,Limousine service,"Access, Breakfast, Brunch, Delivery, Dinner, Drive-through, Happy hours, Kitchen, Lunch, Online operating hours, Pick-up, Takeaway, Hours for the elderly",
gcid:lincoln_mercury_dealer,Lincoln dealer,"Access, Breakfast, Brunch, Delivery, Dinner, Drive-through, Happy hours, Kitchen, Lunch, Online operating hours, Pick-up, Takeaway, Hours for the elderly",
gcid:line_marking_service,Line marking service,"Access, Breakfast, Brunch, Delivery, Dinner, Drive-through, Happy hours, Kitchen, Lunch, Online operating hours, Pick-up, Takeaway, Hours for the elderly",
gcid:linens_store,Linens store,"Access, Breakfast, Brunch, Delivery, Dinner, Drive-through, Happy hours, Kitchen, Lunch, Online operating hours, Pick-up, Takeaway, Hours for the elderly",
gcid:lingerie_manufacturer,Lingerie manufacturer,"Access, Breakfast, Brunch, Delivery, Dinner, Drive-through, Happy hours, Kitchen, Lunch, Online operating hours, Pick-up, Takeaway, Hours for the elderly",
gcid:lingerie_store,Lingerie store,"Access, Breakfast, Brunch, Delivery, Dinner, Drive-through, Happy hours, Kitchen, Lunch, Online operating hours, Pick-up, Takeaway, Hours for the elderly",
gcid:lingerie_wholesaler,Lingerie wholesaler,"Access, Breakfast, Brunch, Delivery, Dinner, Drive-through, Happy hours, Kitchen, Lunch, Online operating hours, Pick-up, Takeaway, Hours for the elderly",
gcid:linoleum_store,Linoleum store,"Access, Breakfast, Brunch, Delivery, Dinner, Drive-through, Happy hours, Kitchen, Lunch, Online operating hours, Pick-up, Takeaway, Hours for the elderly",
gcid:liquidator,Liquidator,"Breakfast, Dinner, Drive-through, Lunch, Online operating hours, Hours for the elderly",
gcid:liquor_store,Liquor store,"Access, Breakfast, Brunch, Delivery, Dinner, Drive-through, Happy hours, Kitchen, Lunch, Online operating hours, Pick-up, Takeaway, Hours for the elderly",
gcid:literacy_program,Literacy program,"Access, Breakfast, Brunch, Delivery, Dinner, Drive-through, Happy hours, Kitchen, Lunch, Online operating hours, Pick-up, Takeaway, Hours for the elderly",
gcid:lithuanian_restaurant,Lithuanian restaurant,"Access, Breakfast, Brunch, Delivery, Dinner, Drive-through, Happy hours, Kitchen, Lunch, Online operating hours, Takeaway, Hours for the elderly",
gcid:little_league_club,Little league club,"Access, Breakfast, Brunch, Delivery, Dinner, Drive-through, Happy hours, Kitchen, Lunch, Online operating hours, Pick-up, Takeaway, Hours for the elderly",
gcid:little_league_field,Little league field,"Access, Breakfast, Brunch, Delivery, Dinner, Drive-through, Happy hours, Kitchen, Lunch, Online operating hours, Pick-up, Takeaway, Hours for the elderly",
gcid:live_music_bar,Live music bar,"Access, Breakfast, Brunch, Delivery, Dinner, Drive-through, Happy hours, Kitchen, Lunch, Online operating hours, Takeaway, Hours for the elderly",
gcid:live_music_venue,Live music venue,"Access, Breakfast, Brunch, Delivery, Dinner, Drive-through, Happy hours, Kitchen, Lunch, Online operating hours, Pick-up, Takeaway, Hours for the elderly",
gcid:livery_company,Livery company,"Access, Breakfast, Brunch, Delivery, Dinner, Drive-through, Happy hours, Kitchen, Lunch, Online operating hours, Pick-up, Takeaway, Hours for the elderly",
gcid:livestock_auction_house,Livestock auction house,"Access, Breakfast, Brunch, Delivery, Dinner, Drive-through, Happy hours, Kitchen, Lunch, Online operating hours, Pick-up, Takeaway, Hours for the elderly",
gcid:livestock_breeder,Livestock breeder,"Access, Breakfast, Brunch, Delivery, Dinner, Drive-through, Happy hours, Kitchen, Lunch, Online operating hours, Pick-up, Takeaway, Hours for the elderly",
gcid:livestock_dealer,Livestock dealer,"Access, Breakfast, Brunch, Delivery, Dinner, Drive-through, Happy hours, Kitchen, Lunch, Online operating hours, Pick-up, Takeaway, Hours for the elderly",
gcid:livestock_producer,Livestock producer,"Access, Breakfast, Brunch, Delivery, Dinner, Drive-through, Happy hours, Kitchen, Lunch, Online operating hours, Pick-up, Takeaway, Hours for the elderly",
gcid:loan_agency,Loan agency,"Breakfast, Dinner, Drive-through, Lunch, Online operating hours, Hours for the elderly","Business loans, Cash for gift cards, Flex loans, Installment loans, Line of credit, Microloans, Payday loans, Signature loans, Title loans"
gcid:local_government_office,Local government office,"Access, Breakfast, Brunch, Delivery, Dinner, Drive-through, Happy hours, Kitchen, Lunch, Online operating hours, Pick-up, Takeaway, Hours for the elderly",
gcid:local_history_museum,Local history museum,"Access, Breakfast, Brunch, Delivery, Dinner, Drive-through, Happy hours, Kitchen, Lunch, Online operating hours, Pick-up, Takeaway, Hours for the elderly",
gcid:local_medical_services,Local medical services,"Breakfast, Delivery, Dinner, Drive-through, Lunch, Online operating hours, Pick-up, Hours for the elderly",
gcid:lock_store,Lock Store,"Access, Breakfast, Brunch, Delivery, Dinner, Drive-through, Happy hours, Kitchen, Lunch, Online operating hours, Pick-up, Takeaway, Hours for the elderly",
gcid:locks_supplier,Locks supplier,"Access, Breakfast, Brunch, Delivery, Dinner, Drive-through, Happy hours, Kitchen, Lunch, Online operating hours, Pick-up, Takeaway, Hours for the elderly",
gcid:locksmith,Locksmith,"Access, Breakfast, Brunch, Delivery, Dinner, Drive-through, Happy hours, Kitchen, Lunch, Online operating hours, Pick-up, Takeaway, Hours for the elderly","Building lockouts, Car digital & remote key reprogramming, Coded key copying, Building key copying, Car key copying, Delivery, Door lock & bolt hardware repair, General repairs, Door lock & bolt hardware installation, Installation, Electronic lock installation, Knife sharpening, General lock installation, Magnetic key copying, Multipoint key copying, New key fob creation, Pantographic key copying, Lock rekeying, Repair hardware, Safe lock install, open & repair, Security door locks, Tubular key copying, Car lockouts, Window locks, Standard key copying"
gcid:loctician_service,Loctician service,"Access, Breakfast, Brunch, Delivery, Dinner, Drive-through, Happy hours, Kitchen, Lunch, Online operating hours, Pick-up, Takeaway, Hours for the elderly",
gcid:lodge,Lodge,"Access, Breakfast, Brunch, Delivery, Dinner, Drive-through, Happy hours, Kitchen, Lunch, Online operating hours, Pick-up, Takeaway, Hours for the elderly",
gcid:log_cabins,Log cabins,"Access, Breakfast, Brunch, Delivery, Dinner, Drive-through, Happy hours, Kitchen, Lunch, Online operating hours, Pick-up, Takeaway, Hours for the elderly",
gcid:log_home_builder,Log home builder,"Access, Breakfast, Brunch, Delivery, Dinner, Drive-through, Happy hours, Kitchen, Lunch, Online operating hours, Pick-up, Takeaway, Hours for the elderly","Architectural consultation, Custom log homes, General repairs & maintenance, Log home construction, Log home design, Log home package kit, Log railings, On-site reassembly, Pre-designed log homes"
gcid:logging_contractor,Logging contractor,"Access, Breakfast, Brunch, Delivery, Dinner, Drive-through, Happy hours, Kitchen, Lunch, Online operating hours, Pick-up, Takeaway, Hours for the elderly",
gcid:logistics_service,Logistics service,"Access, Breakfast, Brunch, Delivery, Dinner, Drive-through, Happy hours, Kitchen, Lunch, Online operating hours, Pick-up, Takeaway, Hours for the elderly",
gcid:lombardian_restaurant,Lombardian restaurant,"Access, Breakfast, Brunch, Delivery, Dinner, Drive-through, Happy hours, Kitchen, Lunch, Online operating hours, Takeaway, Hours for the elderly",
gcid:longarm_quilting_service,Longarm quilting service,"Access, Breakfast, Brunch, Delivery, Dinner, Drive-through, Happy hours, Kitchen, Lunch, Online operating hours, Pick-up, Takeaway, Hours for the elderly",
gcid:loss_adjuster,Loss adjuster,"Access, Breakfast, Brunch, Delivery, Dinner, Drive-through, Happy hours, Kitchen, Lunch, Online operating hours, Pick-up, Takeaway, Hours for the elderly",
gcid:lost_property_office,Lost property office,"Access, Breakfast, Brunch, Delivery, Dinner, Drive-through, Happy hours, Kitchen, Lunch, Online operating hours, Pick-up, Takeaway, Hours for the elderly",
gcid:lottery_retailer,Lottery retailer,"Access, Breakfast, Brunch, Delivery, Dinner, Drive-through, Happy hours, Kitchen, Lunch, Online operating hours, Pick-up, Takeaway, Hours for the elderly",
gcid:lottery_shop,Lottery shop,"Access, Breakfast, Brunch, Delivery, Dinner, Drive-through, Happy hours, Kitchen, Lunch, Online operating hours, Pick-up, Takeaway, Hours for the elderly",
gcid:lounge,Lounge bar,"Access, Breakfast, Brunch, Delivery, Dinner, Drive-through, Happy hours, Kitchen, Lunch, Online operating hours, Takeaway, Hours for the elderly",
gcid:love_hotel,Love hotel,"Access, Breakfast, Brunch, Delivery, Dinner, Drive-through, Happy hours, Kitchen, Lunch, Online operating hours, Pick-up, Takeaway, Hours for the elderly",
gcid:low_income_housing_program,Low income housing program,"Access, Breakfast, Brunch, Delivery, Dinner, Drive-through, Happy hours, Kitchen, Lunch, Online operating hours, Pick-up, Takeaway, Hours for the elderly",
gcid:lpg_conversion,LPG conversion,"Access, Breakfast, Brunch, Delivery, Dinner, Drive-through, Happy hours, Kitchen, Lunch, Online operating hours, Pick-up, Takeaway, Hours for the elderly",
gcid:luggage_repair_service,Luggage repair service,"Access, Breakfast, Brunch, Delivery, Dinner, Drive-through, Happy hours, Kitchen, Lunch, Online operating hours, Pick-up, Takeaway, Hours for the elderly",
gcid:luggage_storage_facility,Luggage storage facility,"Access, Breakfast, Brunch, Delivery, Dinner, Drive-through, Happy hours, Kitchen, Lunch, Online operating hours, Pick-up, Takeaway, Hours for the elderly",
gcid:luggage_store,Luggage store,"Access, Breakfast, Brunch, Delivery, Dinner, Drive-through, Happy hours, Kitchen, Lunch, Online operating hours, Pick-up, Takeaway, Hours for the elderly",
gcid:luggage_wholesaler,Luggage wholesaler,"Access, Breakfast, Brunch, Delivery, Dinner, Drive-through, Happy hours, Kitchen, Lunch, Online operating hours, Pick-up, Takeaway, Hours for the elderly",
gcid:lumber_store,Lumber store,"Access, Breakfast, Brunch, Delivery, Dinner, Drive-through, Happy hours, Kitchen, Lunch, Online operating hours, Pick-up, Takeaway, Hours for the elderly",
gcid:lunch_restaurant,Lunch restaurant,"Access, Breakfast, Brunch, Delivery, Dinner, Drive-through, Happy hours, Kitchen, Lunch, Online operating hours, Takeaway, Hours for the elderly",
gcid:lutheran_church,Lutheran church,"Access, Breakfast, Brunch, Delivery, Dinner, Kitchen, Lunch, Online operating hours, Pick-up, Takeaway, Hours for the elderly, Prayer, Worship service",
gcid:lyceum,Lyceum,"Access, Breakfast, Brunch, Delivery, Dinner, Drive-through, Happy hours, Kitchen, Lunch, Online operating hours, Pick-up, Takeaway, Hours for the elderly",
gcid:lymph_drainage,Lymph drainage therapist,"Breakfast, Delivery, Dinner, Drive-through, Lunch, Online operating hours, Pick-up, Hours for the elderly",
gcid:machine_construction,Machine construction,"Access, Breakfast, Brunch, Delivery, Dinner, Drive-through, Happy hours, Kitchen, Lunch, Online operating hours, Pick-up, Takeaway, Hours for the elderly",
gcid:machine_knife_supplier,Machine knife supplier,"Access, Breakfast, Brunch, Delivery, Dinner, Drive-through, Happy hours, Kitchen, Lunch, Online operating hours, Pick-up, Takeaway, Hours for the elderly",
gcid:machine_maintenance,Machine maintenance service,"Access, Breakfast, Brunch, Delivery, Dinner, Drive-through, Happy hours, Kitchen, Lunch, Online operating hours, Pick-up, Takeaway, Hours for the elderly",
gcid:machine_repair_service,Machine repair service,"Access, Breakfast, Brunch, Delivery, Dinner, Drive-through, Happy hours, Kitchen, Lunch, Online operating hours, Pick-up, Takeaway, Hours for the elderly",
gcid:machine_shop,Machine shop,"Access, Breakfast, Brunch, Delivery, Dinner, Drive-through, Happy hours, Kitchen, Lunch, Online operating hours, Pick-up, Takeaway, Hours for the elderly",
gcid:machine_workshop,Machine workshop,"Access, Breakfast, Brunch, Delivery, Dinner, Drive-through, Happy hours, Kitchen, Lunch, Online operating hours, Pick-up, Takeaway, Hours for the elderly",
gcid:machinery_parts_manufacturer,Machinery parts manufacturer,"Access, Breakfast, Brunch, Delivery, Dinner, Drive-through, Happy hours, Kitchen, Lunch, Online operating hours, Pick-up, Takeaway, Hours for the elderly",
gcid:machining_manufacturer,Machining manufacturer,"Access, Breakfast, Brunch, Delivery, Dinner, Drive-through, Happy hours, Kitchen, Lunch, Online operating hours, Pick-up, Takeaway, Hours for the elderly",
gcid:macrobiotic_restaurant,Macrobiotic restaurant,"Access, Breakfast, Brunch, Delivery, Dinner, Drive-through, Happy hours, Kitchen, Lunch, Online operating hours, Takeaway, Hours for the elderly",
gcid:madrilian_restaurant,Madrilian restaurant,"Access, Breakfast, Brunch, Delivery, Dinner, Drive-through, Happy hours, Kitchen, Lunch, Online operating hours, Takeaway, Hours for the elderly",
gcid:magazine_store,Magazine store,"Access, Breakfast, Brunch, Delivery, Dinner, Drive-through, Happy hours, Kitchen, Lunch, Online operating hours, Pick-up, Takeaway, Hours for the elderly",
gcid:magic_store,Magic store,"Access, Breakfast, Brunch, Delivery, Dinner, Drive-through, Happy hours, Kitchen, Lunch, Online operating hours, Pick-up, Takeaway, Hours for the elderly",
gcid:magician,Magician,"Access, Breakfast, Brunch, Delivery, Dinner, Drive-through, Happy hours, Kitchen, Lunch, Online operating hours, Pick-up, Takeaway, Hours for the elderly",
gcid:mah_jong_house,Mahjong house,"Access, Breakfast, Brunch, Delivery, Dinner, Drive-through, Happy hours, Kitchen, Lunch, Online operating hours, Pick-up, Takeaway, Hours for the elderly",
gcid:mailbox_rental_service,Mailbox rental service,"Access, Breakfast, Brunch, Delivery, Dinner, Drive-through, Happy hours, Kitchen, Lunch, Online operating hours, Pick-up, Takeaway, Hours for the elderly",
gcid:mailbox_supplier,Mailbox supplier,"Access, Breakfast, Brunch, Delivery, Dinner, Drive-through, Happy hours, Kitchen, Lunch, Online operating hours, Pick-up, Takeaway, Hours for the elderly",
gcid:mailing_machine_supplier,Mailing machine supplier,"Access, Breakfast, Brunch, Delivery, Dinner, Drive-through, Happy hours, Kitchen, Lunch, Online operating hours, Pick-up, Takeaway, Hours for the elderly",
gcid:mailing_service,Mailing service,"Access, Breakfast, Brunch, Delivery, Dinner, Drive-through, Happy hours, Kitchen, Lunch, Online operating hours, Pick-up, Takeaway, Hours for the elderly",
gcid:main_customs_office,Main customs office,"Access, Breakfast, Brunch, Delivery, Dinner, Drive-through, Happy hours, Kitchen, Lunch, Online operating hours, Pick-up, Takeaway, Hours for the elderly",
gcid:majorcan_restaurant,Majorcan restaurant,"Access, Breakfast, Brunch, Delivery, Dinner, Drive-through, Happy hours, Kitchen, Lunch, Online operating hours, Takeaway, Hours for the elderly",
gcid:makerspace,Makerspace,"Access, Breakfast, Brunch, Delivery, Dinner, Drive-through, Happy hours, Kitchen, Lunch, Online operating hours, Pick-up, Takeaway, Hours for the elderly",
gcid:makeup_artist,Make-up artist,"Access, Breakfast, Brunch, Delivery, Dinner, Drive-through, Happy hours, Kitchen, Lunch, Online operating hours, Pick-up, Takeaway, Hours for the elderly","Accessory consulting, Airbrush makeup, Beauty makeovers, Body art, Body waxing, Bridal makeup, Brow shaping, Clean makeup, Clinical makeup, Eyebrow threading, Eyelash enhancements, Eyelash extensions, Face painting, Fashion show makeup, Hairstyling, Hair treatments, Permanent lip makeup, Makeovers, Makeup classes, Men's makeup, Microneedling, Performance makeup, Permanent makeup, Photography makeup, Private lessons, Private makeup lessons, Special occasion makeup, Spray tanning, Tattoo coverage, Television makeup, Theater & costume makeup"
gcid:malaysian_restaurant,Malaysian restaurant,"Access, Breakfast, Brunch, Delivery, Dinner, Drive-through, Happy hours, Kitchen, Lunch, Online operating hours, Takeaway, Hours for the elderly",
gcid:maltese_restaurant,Maltese restaurant,"Access, Breakfast, Brunch, Delivery, Dinner, Drive-through, Happy hours, Kitchen, Lunch, Online operating hours, Takeaway, Hours for the elderly",
gcid:mammography_service,Mammography service,"Breakfast, Delivery, Dinner, Drive-through, Lunch, Online operating hours, Pick-up, Hours for the elderly",
gcid:manado_restaurant,Manado restaurant,"Access, Breakfast, Brunch, Delivery, Dinner, Drive-through, Happy hours, Kitchen, Lunch, Online operating hours, Takeaway, Hours for the elderly",
gcid:management_school,Management school,"Access, Breakfast, Brunch, Delivery, Dinner, Drive-through, Happy hours, Kitchen, Lunch, Online operating hours, Pick-up, Takeaway, Hours for the elderly",
gcid:mandarin_restaurant,Mandarin restaurant,"Access, Breakfast, Brunch, Delivery, Dinner, Drive-through, Happy hours, Kitchen, Lunch, Online operating hours, Takeaway, Hours for the elderly",
gcid:manor_house,Manor house,"Access, Breakfast, Brunch, Delivery, Dinner, Drive-through, Happy hours, Kitchen, Lunch, Online operating hours, Pick-up, Takeaway, Hours for the elderly",
gcid:manufactured_home_transporter,Manufactured home transporter,"Access, Breakfast, Brunch, Delivery, Dinner, Drive-through, Happy hours, Kitchen, Lunch, Online operating hours, Pick-up, Takeaway, Hours for the elderly",
gcid:manufacturer,Manufacturer,"Access, Breakfast, Brunch, Delivery, Dinner, Drive-through, Happy hours, Kitchen, Lunch, Online operating hours, Pick-up, Takeaway, Hours for the elderly",
gcid:maori_organization,Maori organization,"Access, Breakfast, Brunch, Delivery, Dinner, Drive-through, Happy hours, Kitchen, Lunch, Online operating hours, Pick-up, Takeaway, Hours for the elderly",
gcid:map_store,Map store,"Access, Breakfast, Brunch, Delivery, Dinner, Drive-through, Happy hours, Kitchen, Lunch, Online operating hours, Pick-up, Takeaway, Hours for the elderly",
gcid:mapping_service,Mapping service,"Access, Breakfast, Brunch, Delivery, Dinner, Drive-through, Happy hours, Kitchen, Lunch, Online operating hours, Pick-up, Takeaway, Hours for the elderly",
gcid:marae,Marae,"Access, Breakfast, Brunch, Delivery, Dinner, Drive-through, Happy hours, Kitchen, Lunch, Online operating hours, Pick-up, Takeaway, Hours for the elderly",
gcid:marathi_restaurant,Marathi restaurant,"Access, Breakfast, Brunch, Delivery, Dinner, Drive-through, Happy hours, Kitchen, Lunch, Online operating hours, Takeaway, Hours for the elderly",
gcid:marble_contractor,Marble contractor,"Access, Breakfast, Brunch, Delivery, Dinner, Drive-through, Happy hours, Kitchen, Lunch, Online operating hours, Pick-up, Takeaway, Hours for the elderly","Bathroom countertop installation & repair, Bathroom wall panel installation & repair, Countertop design, Countertops, Custom marble fabrication, Fireplace facade installation & repair, Marble fireplace installation & repair, Flooring, General repairs & installation, Granite cleaning, Granite countertop installation, Granite countertop repair, Kitchen countertop installation, Kitchen countertop repair, Kitchen countertop replacement, Kitchen wall panel, Laminate countertop installation & repair, Marble cleaning & restoration, Marble countertop installation & repair, Marble floor installation, Marble floor repair, Marble polishing, Marble remodeling, Marble restoration, Marble shower door installation & repair, Marble vanity installation & repair, Quartz countertop installation & repair, Marble sink installation & repair, Stone slab countertop installation & repair, Tile countertop installation & repair"
gcid:marble_supplier,Marble supplier,"Access, Breakfast, Brunch, Delivery, Dinner, Drive-through, Happy hours, Kitchen, Lunch, Online operating hours, Pick-up, Takeaway, Hours for the elderly",Delivery
gcid:marche_restaurant,Marche restaurant,"Access, Breakfast, Brunch, Delivery, Dinner, Drive-through, Happy hours, Kitchen, Lunch, Online operating hours, Takeaway, Hours for the elderly",
gcid:marina,Marina,"Access, Breakfast, Brunch, Delivery, Dinner, Drive-through, Happy hours, Kitchen, Lunch, Online operating hours, Pick-up, Takeaway, Hours for the elderly",
gcid:marine_engineer,Marine engineer,"Access, Breakfast, Brunch, Delivery, Dinner, Drive-through, Happy hours, Kitchen, Lunch, Online operating hours, Pick-up, Takeaway, Hours for the elderly",
gcid:marine_self_defense_force,Marine self defense force,"Access, Breakfast, Brunch, Delivery, Dinner, Drive-through, Happy hours, Kitchen, Lunch, Online operating hours, Pick-up, Takeaway, Hours for the elderly",
gcid:marine_supply_store,Marine supply store,"Access, Breakfast, Brunch, Delivery, Dinner, Drive-through, Happy hours, Kitchen, Lunch, Online operating hours, Pick-up, Takeaway, Hours for the elderly",
gcid:marine_surveyor,Marine surveyor,"Access, Breakfast, Brunch, Delivery, Dinner, Drive-through, Happy hours, Kitchen, Lunch, Online operating hours, Pick-up, Takeaway, Hours for the elderly",
gcid:maritime_museum,Maritime museum,"Access, Breakfast, Brunch, Delivery, Dinner, Drive-through, Happy hours, Kitchen, Lunch, Online operating hours, Pick-up, Takeaway, Hours for the elderly",
gcid:market,Market,"Access, Breakfast, Brunch, Delivery, Dinner, Drive-through, Happy hours, Kitchen, Lunch, Online operating hours, Pick-up, Takeaway, Hours for the elderly",
gcid:market_researcher,Market researcher,"Access, Breakfast, Brunch, Delivery, Dinner, Drive-through, Happy hours, Kitchen, Lunch, Online operating hours, Pick-up, Takeaway, Hours for the elderly",
gcid:marketing_agency,Marketing agency,"Access, Breakfast, Brunch, Delivery, Dinner, Drive-through, Happy hours, Kitchen, Lunch, Online operating hours, Pick-up, Takeaway, Hours for the elderly",Telemarketing
gcid:marketing_consultant,Marketing consultant,"Access, Breakfast, Brunch, Delivery, Dinner, Drive-through, Happy hours, Kitchen, Lunch, Online operating hours, Pick-up, Takeaway, Hours for the elderly",Telemarketing
gcid:markmens_clubhouse,Marksmen's clubhouse,"Access, Breakfast, Brunch, Delivery, Dinner, Drive-through, Happy hours, Kitchen, Lunch, Online operating hours, Pick-up, Takeaway, Hours for the elderly",
gcid:marquee_hire,Marquee hire service,"Access, Breakfast, Brunch, Delivery, Dinner, Drive-through, Happy hours, Kitchen, Lunch, Online operating hours, Pick-up, Takeaway, Hours for the elderly",
gcid:marriage_celebrant,Marriage celebrant,"Access, Breakfast, Brunch, Delivery, Dinner, Drive-through, Happy hours, Kitchen, Lunch, Online operating hours, Pick-up, Takeaway, Hours for the elderly",
gcid:marriage_counselor,Marriage or relationship counselor,"Breakfast, Delivery, Dinner, Drive-through, Lunch, Online operating hours, Pick-up, Hours for the elderly",Domestic violence
gcid:marriage_license_bureau,Marriage license bureau,"Access, Breakfast, Brunch, Delivery, Dinner, Drive-through, Happy hours, Kitchen, Lunch, Online operating hours, Pick-up, Takeaway, Hours for the elderly",
gcid:martial_arts_club,Martial arts club,"Breakfast, Delivery, Dinner, Drive-through, Lunch, Online operating hours, Pick-up, Hours for the elderly",
gcid:martial_arts_school,Martial arts school,"Breakfast, Delivery, Dinner, Drive-through, Lunch, Online operating hours, Pick-up, Hours for the elderly","Boxing, Jiu-jitsu, Judo, Karate, Kickboxing, Kung fu, Mma, Muay thai, Taekwondo, Tai chi, Wrestling"
gcid:martial_arts_supply_store,Martial arts supply store,"Breakfast, Delivery, Dinner, Drive-through, Lunch, Online operating hours, Pick-up, Hours for the elderly",
gcid:maserati_dealer,Maserati dealer,"Access, Breakfast, Brunch, Delivery, Dinner, Drive-through, Happy hours, Kitchen, Lunch, Online operating hours, Pick-up, Takeaway, Hours for the elderly",
gcid:masonic_building,Masonic center,"Access, Breakfast, Brunch, Delivery, Dinner, Drive-through, Happy hours, Kitchen, Lunch, Online operating hours, Pick-up, Takeaway, Hours for the elderly",
gcid:masonry_contractor,Masonry contractor,"Access, Breakfast, Brunch, Delivery, Dinner, Drive-through, Happy hours, Kitchen, Lunch, Online operating hours, Pick-up, Takeaway, Hours for the elderly","Brick & block work, Color change, Cracks, settlement, & leaks, Custom masonry, Historic stuccos & renders, Masonry cleaning, Masonry repair & maintenance, Mortar analysis & matching, New construction services, Paint stripping, Remodeling, Repointing, Stone masonry, Veneers"
gcid:masonry_supply_store,Masonry supply store,"Access, Breakfast, Brunch, Delivery, Dinner, Drive-through, Happy hours, Kitchen, Lunch, Online operating hours, Pick-up, Takeaway, Hours for the elderly",
gcid:massage_parlor,Massage parlor,"Access, Breakfast, Brunch, Delivery, Dinner, Drive-through, Happy hours, Kitchen, Lunch, Online operating hours, Pick-up, Takeaway, Hours for the elderly",
gcid:massage_school,Massage school,"Access, Breakfast, Brunch, Delivery, Dinner, Drive-through, Happy hours, Kitchen, Lunch, Online operating hours, Pick-up, Takeaway, Hours for the elderly","Advanced neuromuscular therapy, Chair massage, Clinical therapies, Continuing education, Deep tissue massage, Energetics, Hydrotherapy training, Lymphatic massage, Massage theory, Massage therapy training, Prenatal/infant massage, Reflexology, Sports massage, Swedish massage"
gcid:massage_spa,Massage spa,"Access, Breakfast, Brunch, Delivery, Dinner, Drive-through, Happy hours, Kitchen, Lunch, Online operating hours, Pick-up, Takeaway, Hours for the elderly","Body waxing, Hairstyling, Manicures, Pedicures, Skin treatments, Tanning"
gcid:massage_supply_store,Massage supply store,"Access, Breakfast, Brunch, Delivery, Dinner, Drive-through, Happy hours, Kitchen, Lunch, Online operating hours, Pick-up, Takeaway, Hours for the elderly",
gcid:massage_therapist,Massage therapist,"Access, Breakfast, Brunch, Delivery, Dinner, Drive-through, Happy hours, Kitchen, Lunch, Online operating hours, Pick-up, Takeaway, Hours for the elderly",
gcid:match_box_manufacturer,Match box manufacturer,"Access, Breakfast, Brunch, Delivery, Dinner, Drive-through, Happy hours, Kitchen, Lunch, Online operating hours, Pick-up, Takeaway, Hours for the elderly",
gcid:material_handling_equipment_supplier,Material handling equipment supplier,"Access, Breakfast, Brunch, Delivery, Dinner, Drive-through, Happy hours, Kitchen, Lunch, Online operating hours, Pick-up, Takeaway, Hours for the elderly",
gcid:maternity_hospital,Maternity hospital,"Breakfast, Delivery, Dinner, Drive-through, Lunch, Online operating hours, Pick-up, Hours for the elderly",
gcid:maternity_store,Maternity store,"Access, Breakfast, Brunch, Delivery, Dinner, Drive-through, Happy hours, Kitchen, Lunch, Online operating hours, Pick-up, Takeaway, Hours for the elderly",
gcid:mathematics_school,Mathematics school,"Access, Breakfast, Brunch, Delivery, Dinner, Drive-through, Happy hours, Kitchen, Lunch, Online operating hours, Pick-up, Takeaway, Hours for the elderly",
gcid:mattress_store,Mattress store,"Access, Breakfast, Brunch, Delivery, Dinner, Drive-through, Happy hours, Kitchen, Lunch, Online operating hours, Pick-up, Takeaway, Hours for the elderly",
gcid:mausoleum_builder,Mausoleum builder,"Access, Breakfast, Brunch, Delivery, Dinner, Drive-through, Happy hours, Kitchen, Lunch, Online operating hours, Pick-up, Takeaway, Hours for the elderly",
gcid:maybach_dealer,Maybach dealer,"Access, Breakfast, Brunch, Delivery, Dinner, Drive-through, Happy hours, Kitchen, Lunch, Online operating hours, Pick-up, Takeaway, Hours for the elderly",
gcid:mazda_dealer,Mazda dealer,"Access, Breakfast, Brunch, Delivery, Dinner, Drive-through, Happy hours, Kitchen, Lunch, Online operating hours, Pick-up, Takeaway, Hours for the elderly",
gcid:mclaren_dealer,McLaren dealer,"Access, Breakfast, Brunch, Delivery, Dinner, Drive-through, Happy hours, Kitchen, Lunch, Online operating hours, Pick-up, Takeaway, Hours for the elderly",
gcid:meal_delivery,Meal delivery,"Access, Breakfast, Brunch, Delivery, Dinner, Drive-through, Happy hours, Kitchen, Lunch, Online operating hours, Takeaway, Hours for the elderly",
gcid:meal_takeaway,Takeout restaurant,"Access, Breakfast, Brunch, Delivery, Dinner, Drive-through, Happy hours, Kitchen, Lunch, Online operating hours, Takeaway, Hours for the elderly",
gcid:measuring_instruments_supplier,Measuring instruments supplier,"Access, Breakfast, Brunch, Delivery, Dinner, Drive-through, Happy hours, Kitchen, Lunch, Online operating hours, Pick-up, Takeaway, Hours for the elderly",
gcid:meat_packer,Meat packer,"Access, Breakfast, Brunch, Delivery, Dinner, Drive-through, Happy hours, Kitchen, Lunch, Online operating hours, Pick-up, Takeaway, Hours for the elderly",
gcid:meat_processor,Meat processor,"Access, Breakfast, Brunch, Delivery, Dinner, Drive-through, Happy hours, Kitchen, Lunch, Online operating hours, Pick-up, Takeaway, Hours for the elderly",
gcid:meat_products,Meat products store,"Access, Breakfast, Brunch, Delivery, Dinner, Drive-through, Happy hours, Kitchen, Lunch, Online operating hours, Pick-up, Takeaway, Hours for the elderly",
gcid:meat_restaurant,Meat dish restaurant,"Access, Breakfast, Brunch, Delivery, Dinner, Drive-through, Happy hours, Kitchen, Lunch, Online operating hours, Takeaway, Hours for the elderly",
gcid:meat_wholesaler,Meat wholesaler,"Access, Breakfast, Brunch, Delivery, Dinner, Drive-through, Happy hours, Kitchen, Lunch, Online operating hours, Pick-up, Takeaway, Hours for the elderly",
gcid:mechanic,Mechanic,"Access, Breakfast, Brunch, Delivery, Dinner, Drive-through, Happy hours, Kitchen, Lunch, Online operating hours, Pick-up, Takeaway, Hours for the elderly","Air & cabin filter replacement, Battery, Body & Trim, Brake service & repair, Brakes, Air conditioning, Electrical, Auto engine diagnostic, Exhaust, Oil change, Steering & suspension repair, Tires, Transmission, Wheel alignment"
gcid:mechanical_contractor,Mechanical contractor,"Access, Breakfast, Brunch, Delivery, Dinner, Drive-through, Happy hours, Kitchen, Lunch, Online operating hours, Pick-up, Takeaway, Hours for the elderly",
gcid:mechanical_engineer,Mechanical engineer,"Access, Breakfast, Brunch, Delivery, Dinner, Drive-through, Happy hours, Kitchen, Lunch, Online operating hours, Pick-up, Takeaway, Hours for the elderly","Consultation, Design, Project management"
gcid:mechanical_plant,Mechanical plant,"Access, Breakfast, Brunch, Delivery, Dinner, Drive-through, Happy hours, Kitchen, Lunch, Online operating hours, Pick-up, Takeaway, Hours for the elderly",
gcid:media_and_information_sciences_faculty,Faculty of media and information science,"Access, Breakfast, Brunch, Delivery, Dinner, Drive-through, Happy hours, Kitchen, Lunch, Online operating hours, Pick-up, Takeaway, Hours for the elderly",
gcid:media_company,Media company,"Access, Breakfast, Brunch, Delivery, Dinner, Drive-through, Happy hours, Kitchen, Lunch, Online operating hours, Pick-up, Takeaway, Hours for the elderly",
gcid:media_consultant,Media consultant,"Access, Breakfast, Brunch, Delivery, Dinner, Drive-through, Happy hours, Kitchen, Lunch, Online operating hours, Pick-up, Takeaway, Hours for the elderly",
gcid:media_house,Media house,"Access, Breakfast, Brunch, Delivery, Dinner, Drive-through, Happy hours, Kitchen, Lunch, Online operating hours, Pick-up, Takeaway, Hours for the elderly",
gcid:mediation_service,Mediation service,"Access, Breakfast, Brunch, Delivery, Dinner, Drive-through, Happy hours, Kitchen, Lunch, Online operating hours, Pick-up, Takeaway, Hours for the elderly",
gcid:medical_billing_service,Medical billing service,"Breakfast, Dinner, Drive-through, Lunch, Online operating hours, Hours for the elderly",
gcid:medical_book_store,Medical book store,"Access, Breakfast, Brunch, Delivery, Dinner, Drive-through, Happy hours, Kitchen, Lunch, Online operating hours, Pick-up, Takeaway, Hours for the elderly",
gcid:medical_center,Medical Center,"Breakfast, Delivery, Dinner, Drive-through, Lunch, Online operating hours, Pick-up, Hours for the elderly",
gcid:medical_certificate_service,Medical certificate service,"Breakfast, Delivery, Dinner, Drive-through, Lunch, Online operating hours, Pick-up, Hours for the elderly",
gcid:medical_clinic,Medical clinic,"Breakfast, Delivery, Dinner, Drive-through, Lunch, Online operating hours, Pick-up, Hours for the elderly",
gcid:medical_diagnostic_imaging_center,Medical diagnostic imaging center,"Breakfast, Delivery, Dinner, Drive-through, Lunch, Online operating hours, Pick-up, Hours for the elderly",
gcid:medical_equipment_manufacturer,Medical equipment manufacturer,"Access, Breakfast, Brunch, Delivery, Dinner, Drive-through, Happy hours, Kitchen, Lunch, Online operating hours, Pick-up, Takeaway, Hours for the elderly",
gcid:medical_equipment_supplier,Medical equipment supplier,"Breakfast, Delivery, Dinner, Drive-through, Lunch, Online operating hours, Pick-up, Hours for the elderly",
gcid:medical_examiner,Medical examiner,"Breakfast, Delivery, Dinner, Drive-through, Lunch, Online operating hours, Pick-up, Hours for the elderly",
gcid:medical_geneticist,Medical geneticist,"Breakfast, Delivery, Dinner, Drive-through, Lunch, Online operating hours, Pick-up, Hours for the elderly",
gcid:medical_group,Medical group,"Breakfast, Delivery, Dinner, Drive-through, Lunch, Online operating hours, Pick-up, Hours for the elderly",
gcid:medical_lab,Medical laboratory,"Breakfast, Delivery, Dinner, Drive-through, Lunch, Online operating hours, Pick-up, Hours for the elderly",
gcid:medical_lawyer,Medical lawyer,"Access, Breakfast, Brunch, Delivery, Dinner, Drive-through, Happy hours, Kitchen, Lunch, Online operating hours, Pick-up, Takeaway, Hours for the elderly",
gcid:medical_office,Medical office,"Breakfast, Delivery, Dinner, Drive-through, Lunch, Online operating hours, Pick-up, Hours for the elderly",
gcid:medical_school,Medical school,"Breakfast, Delivery, Dinner, Drive-through, Lunch, Online operating hours, Pick-up, Hours for the elderly",
gcid:medical_spa,Medical spa,"Breakfast, Delivery, Dinner, Drive-through, Lunch, Online operating hours, Pick-up, Hours for the elderly","B-12 injections, BBL photo facial, Body contouring, BOTOX treatments, Cellulite reduction, Chemical peels, CoolSculpting treatments, Cosmetic surgery, Cryotherapy, Dermaplaning, Dysport treatment, EmSculpt treatments, HydraFacial, IPL photo facial, IV therapy, JUVÉDERM treatments, Laser hair removal, Lip fillers, Liposuction, Massages, Microneedling, PRP facial, Sculptra treatments, Spider vein treatments, Ultherapy, Vampire facial, Vitalize Peel"
gcid:medical_supply_store,Medical supply store,"Breakfast, Delivery, Dinner, Drive-through, Lunch, Online operating hours, Pick-up, Hours for the elderly",Delivery
gcid:medical_technology_manufacturer,Medical technology manufacturer,"Breakfast, Delivery, Dinner, Drive-through, Lunch, Online operating hours, Pick-up, Hours for the elderly",
gcid:medical_transcription_service,Medical transcription service,"Breakfast, Delivery, Dinner, Drive-through, Lunch, Online operating hours, Pick-up, Hours for the elderly",
gcid:medicine_exporter,Medicine exporter,"Access, Breakfast, Brunch, Delivery, Dinner, Drive-through, Happy hours, Kitchen, Lunch, Online operating hours, Pick-up, Takeaway, Hours for the elderly",
gcid:meditation_center,Meditation center,"Breakfast, Delivery, Dinner, Drive-through, Lunch, Online operating hours, Pick-up, Hours for the elderly","Transcendental meditation, Yoga meditation, Zen meditation"
gcid:meditation_instructor,Meditation instructor,"Breakfast, Delivery, Dinner, Drive-through, Lunch, Online operating hours, Pick-up, Hours for the elderly","Body scan meditation, Body scan or progressive relaxation, Breath awareness meditation, Focused meditation, Guided meditation, Loving kindness meditation, Mantra meditation, Mindfulness meditation, Movement meditation, Self-inquiry meditation, Spiritual meditation, Transcendental meditation, Yoga meditation, Zen meditation"
gcid:mediterranean_restaurant,Mediterranean restaurant,"Access, Breakfast, Brunch, Delivery, Dinner, Drive-through, Happy hours, Kitchen, Lunch, Online operating hours, Takeaway, Hours for the elderly",
gcid:meeting_planning_service,Meeting planning service,"Access, Breakfast, Brunch, Delivery, Dinner, Drive-through, Happy hours, Kitchen, Lunch, Online operating hours, Pick-up, Takeaway, Hours for the elderly",
gcid:mehandi_class,Mehandi class,"Access, Breakfast, Brunch, Delivery, Dinner, Drive-through, Happy hours, Kitchen, Lunch, Online operating hours, Pick-up, Takeaway, Hours for the elderly",
gcid:mehndi_designer,Mehndi designer,"Access, Breakfast, Brunch, Delivery, Dinner, Drive-through, Happy hours, Kitchen, Lunch, Online operating hours, Pick-up, Takeaway, Hours for the elderly","Bridal henna, Henna designs"
gcid:memorial,Memorial,"Access, Breakfast, Brunch, Delivery, Dinner, Drive-through, Happy hours, Kitchen, Lunch, Online operating hours, Pick-up, Takeaway, Hours for the elderly",
gcid:memorial_estate,Memorial estate,"Access, Breakfast, Brunch, Delivery, Dinner, Drive-through, Happy hours, Kitchen, Lunch, Online operating hours, Pick-up, Takeaway, Hours for the elderly",
gcid:memorial_park,Memorial park,"Access, Breakfast, Brunch, Delivery, Dinner, Drive-through, Happy hours, Kitchen, Lunch, Online operating hours, Pick-up, Takeaway, Hours for the elderly",
gcid:mennonite_church,Mennonite church,"Access, Breakfast, Brunch, Delivery, Dinner, Kitchen, Lunch, Online operating hours, Pick-up, Takeaway, Hours for the elderly, Prayer, Worship service",
gcid:mens_clothing_store,Men's clothing store,"Access, Breakfast, Brunch, Delivery, Dinner, Drive-through, Happy hours, Kitchen, Lunch, Online operating hours, Pick-up, Takeaway, Hours for the elderly",
gcid:mens_health_physician,Men's health physician,"Breakfast, Delivery, Dinner, Drive-through, Lunch, Online operating hours, Pick-up, Hours for the elderly",
gcid:mens_tailor,Men's tailor,"Access, Breakfast, Brunch, Delivery, Dinner, Drive-through, Happy hours, Kitchen, Lunch, Online operating hours, Pick-up, Takeaway, Hours for the elderly","Alterations, Blouse alterations, Kids' clothing alterations, Coat & jacket alterations, Custom made clothing, Drapery & curtains alterations, Dress alterations, General embroidery, Formal wear tailoring, Men's clothing alterations, Pants alterations, Shirt tailoring, Suit tailoring, Uniform tailoring, Wedding gown alterations, Women's clothing alterations"
gcid:mental_health_clinic,Mental health clinic,"Breakfast, Delivery, Dinner, Drive-through, Lunch, Online operating hours, Pick-up, Hours for the elderly",
gcid:mental_health_service,Mental health service,"Breakfast, Delivery, Dinner, Drive-through, Lunch, Online operating hours, Pick-up, Hours for the elderly",
gcid:mercantile_development,Mercantile development,"Breakfast, Dinner, Drive-through, Lunch, Online operating hours, Hours for the elderly",
gcid:mercedes_benz_dealer,Mercedes-Benz dealer,"Access, Breakfast, Brunch, Delivery, Dinner, Drive-through, Happy hours, Kitchen, Lunch, Online operating hours, Pick-up, Takeaway, Hours for the elderly",
gcid:messianic_synagogue,Messianic synagogue,"Access, Breakfast, Brunch, Delivery, Dinner, Kitchen, Lunch, Online operating hours, Pick-up, Takeaway, Hours for the elderly, Prayer",
gcid:metal_construction_company,Metal construction company,"Access, Breakfast, Brunch, Delivery, Dinner, Drive-through, Happy hours, Kitchen, Lunch, Online operating hours, Pick-up, Takeaway, Hours for the elderly","Building components, Building modeling, Consulting, Custom fabrication, Demolition, Dismantling, Garage design & building, General contracting, General repairs & installation, Metal building erection, New construction services, Remodeling, Safety inspection, Structural construction assistance"
gcid:metal_detecting_equipment_supplier,Metal detecting equipment supplier,"Access, Breakfast, Brunch, Delivery, Dinner, Drive-through, Happy hours, Kitchen, Lunch, Online operating hours, Pick-up, Takeaway, Hours for the elderly",
gcid:metal_fabricator,Metal fabricator,"Access, Breakfast, Brunch, Delivery, Dinner, Drive-through, Happy hours, Kitchen, Lunch, Online operating hours, Pick-up, Takeaway, Hours for the elderly",
gcid:metal_finisher,Metal finisher,"Access, Breakfast, Brunch, Delivery, Dinner, Drive-through, Happy hours, Kitchen, Lunch, Online operating hours, Pick-up, Takeaway, Hours for the elderly",
gcid:metal_heat_treating_service,Metal heat treating service,"Access, Breakfast, Brunch, Delivery, Dinner, Drive-through, Happy hours, Kitchen, Lunch, Online operating hours, Pick-up, Takeaway, Hours for the elderly",
gcid:metal_industry_suppliers,Metal industry suppliers,"Access, Breakfast, Brunch, Delivery, Dinner, Drive-through, Happy hours, Kitchen, Lunch, Online operating hours, Pick-up, Takeaway, Hours for the elderly",
gcid:metal_machinery_supplier,Metal machinery supplier,"Access, Breakfast, Brunch, Delivery, Dinner, Drive-through, Happy hours, Kitchen, Lunch, Online operating hours, Pick-up, Takeaway, Hours for the elderly",
gcid:metal_polishing_service,Metal polishing service,"Access, Breakfast, Brunch, Delivery, Dinner, Drive-through, Happy hours, Kitchen, Lunch, Online operating hours, Pick-up, Takeaway, Hours for the elderly",
gcid:metal_processing_company,Metal processing company,"Access, Breakfast, Brunch, Delivery, Dinner, Drive-through, Happy hours, Kitchen, Lunch, Online operating hours, Pick-up, Takeaway, Hours for the elderly",
gcid:metal_stamping_service,Metal stamping service,"Access, Breakfast, Brunch, Delivery, Dinner, Drive-through, Happy hours, Kitchen, Lunch, Online operating hours, Pick-up, Takeaway, Hours for the elderly",
gcid:metal_supplier,Metal supplier,"Access, Breakfast, Brunch, Delivery, Dinner, Drive-through, Happy hours, Kitchen, Lunch, Online operating hours, Pick-up, Takeaway, Hours for the elderly",
gcid:metal_working_shop,Metal working shop,"Access, Breakfast, Brunch, Delivery, Dinner, Drive-through, Happy hours, Kitchen, Lunch, Online operating hours, Pick-up, Takeaway, Hours for the elderly",
gcid:metal_workshop,Metal workshop,"Access, Breakfast, Brunch, Delivery, Dinner, Drive-through, Happy hours, Kitchen, Lunch, Online operating hours, Pick-up, Takeaway, Hours for the elderly",
gcid:metallurgy_company,Metallurgy company,"Access, Breakfast, Brunch, Delivery, Dinner, Drive-through, Happy hours, Kitchen, Lunch, Online operating hours, Pick-up, Takeaway, Hours for the elderly",
gcid:metalware_dealer,Metalware dealer,"Access, Breakfast, Brunch, Delivery, Dinner, Drive-through, Happy hours, Kitchen, Lunch, Online operating hours, Pick-up, Takeaway, Hours for the elderly",
gcid:metalware_producer,Metalware producer,"Access, Breakfast, Brunch, Delivery, Dinner, Drive-through, Happy hours, Kitchen, Lunch, Online operating hours, Pick-up, Takeaway, Hours for the elderly",
gcid:metaphysical_supply_store,Metaphysical supply store,"Access, Breakfast, Brunch, Delivery, Dinner, Drive-through, Happy hours, Kitchen, Lunch, Online operating hours, Pick-up, Takeaway, Hours for the elderly",
gcid:methodist_church,Methodist church,"Access, Breakfast, Brunch, Delivery, Dinner, Kitchen, Lunch, Online operating hours, Pick-up, Takeaway, Hours for the elderly, Prayer, Worship service",
gcid:metropolitan_train_company,Metropolitan train company,"Access, Breakfast, Brunch, Delivery, Dinner, Drive-through, Happy hours, Kitchen, Lunch, Online operating hours, Pick-up, Takeaway, Hours for the elderly",
gcid:mexican_goods_store,Mexican goods store,"Access, Breakfast, Brunch, Delivery, Dinner, Drive-through, Happy hours, Kitchen, Lunch, Online operating hours, Pick-up, Takeaway, Hours for the elderly",
gcid:mexican_grocery_store,Mexican grocery store,"Access, Breakfast, Brunch, Delivery, Dinner, Drive-through, Happy hours, Kitchen, Lunch, Online operating hours, Pick-up, Takeaway, Hours for the elderly",
gcid:mexican_restaurant,Mexican restaurant,"Access, Breakfast, Brunch, Delivery, Dinner, Drive-through, Happy hours, Kitchen, Lunch, Online operating hours, Takeaway, Hours for the elderly",
gcid:mexican_torta_restaurant,Mexican torta restaurant,"Access, Breakfast, Brunch, Delivery, Dinner, Drive-through, Happy hours, Kitchen, Lunch, Online operating hours, Takeaway, Hours for the elderly",
gcid:meyhane,Meyhane,"Access, Breakfast, Brunch, Delivery, Dinner, Drive-through, Happy hours, Kitchen, Lunch, Online operating hours, Takeaway, Hours for the elderly",
gcid:mg_dealer,MG dealer,"Access, Breakfast, Brunch, Delivery, Dinner, Drive-through, Happy hours, Kitchen, Lunch, Online operating hours, Pick-up, Takeaway, Hours for the elderly",
gcid:microwave_oven_repair_service,Microwave oven repair service,"Access, Breakfast, Brunch, Delivery, Dinner, Drive-through, Happy hours, Kitchen, Lunch, Online operating hours, Pick-up, Takeaway, Hours for the elderly","Dishwasher repair, Dryer repair, Freezer repair, Microwave repair, Oven repair, Refrigerator repair, Refrigerator/freezer repair, Stove & cooktop repair, Stove, cooktop & oven repair, Washing machine repair, Washer/dryer repair"
gcid:mid_atlantic_us_restaurant,Mid-Atlantic restaurant (US),"Access, Breakfast, Brunch, Delivery, Dinner, Drive-through, Happy hours, Kitchen, Lunch, Online operating hours, Takeaway, Hours for the elderly",
gcid:middle_eastern_restaurant,Middle Eastern restaurant,"Access, Breakfast, Brunch, Delivery, Dinner, Drive-through, Happy hours, Kitchen, Lunch, Online operating hours, Takeaway, Hours for the elderly",
gcid:middle_school,Middle school,"Access, Breakfast, Brunch, Delivery, Dinner, Drive-through, Happy hours, Kitchen, Lunch, Online operating hours, Pick-up, Takeaway, Hours for the elderly",
gcid:midwife,Midwife,"Breakfast, Delivery, Dinner, Drive-through, Lunch, Online operating hours, Pick-up, Hours for the elderly",
gcid:militar_archive,Military archive,"Access, Breakfast, Brunch, Delivery, Dinner, Drive-through, Happy hours, Kitchen, Lunch, Online operating hours, Pick-up, Takeaway, Hours for the elderly",
gcid:militar_residence,Military residence,"Access, Breakfast, Brunch, Delivery, Dinner, Drive-through, Happy hours, Kitchen, Lunch, Online operating hours, Pick-up, Takeaway, Hours for the elderly",
gcid:military_barrack,Military barracks,"Access, Breakfast, Brunch, Delivery, Dinner, Drive-through, Happy hours, Kitchen, Lunch, Online operating hours, Pick-up, Takeaway, Hours for the elderly",
gcid:military_base,Military base,"Access, Breakfast, Brunch, Delivery, Dinner, Drive-through, Happy hours, Kitchen, Lunch, Online operating hours, Pick-up, Takeaway, Hours for the elderly",
gcid:military_board,Military board,"Access, Breakfast, Brunch, Delivery, Dinner, Drive-through, Happy hours, Kitchen, Lunch, Online operating hours, Pick-up, Takeaway, Hours for the elderly",
gcid:military_cemetery,Military cemetery,"Access, Breakfast, Brunch, Delivery, Dinner, Drive-through, Happy hours, Kitchen, Lunch, Online operating hours, Pick-up, Takeaway, Hours for the elderly",
gcid:military_hospital,Military hospital,"Breakfast, Delivery, Dinner, Drive-through, Lunch, Online operating hours, Pick-up, Hours for the elderly",
gcid:military_recruiting_office,Military recruiting office,"Access, Breakfast, Brunch, Delivery, Dinner, Drive-through, Happy hours, Kitchen, Lunch, Online operating hours, Pick-up, Takeaway, Hours for the elderly",
gcid:military_school,Military school,"Access, Breakfast, Brunch, Delivery, Dinner, Drive-through, Happy hours, Kitchen, Lunch, Online operating hours, Pick-up, Takeaway, Hours for the elderly",
gcid:military_town,Military town,"Access, Breakfast, Brunch, Delivery, Dinner, Drive-through, Happy hours, Kitchen, Lunch, Online operating hours, Pick-up, Takeaway, Hours for the elderly",
gcid:milk_delivery_service,Milk delivery service,"Access, Breakfast, Brunch, Delivery, Dinner, Drive-through, Happy hours, Kitchen, Lunch, Online operating hours, Pick-up, Takeaway, Hours for the elderly",
gcid:mill,Mill,"Access, Breakfast, Brunch, Delivery, Dinner, Drive-through, Happy hours, Kitchen, Lunch, Online operating hours, Pick-up, Takeaway, Hours for the elderly",
gcid:millwork_shop,Millwork shop,"Access, Breakfast, Brunch, Delivery, Dinner, Drive-through, Happy hours, Kitchen, Lunch, Online operating hours, Pick-up, Takeaway, Hours for the elderly",
gcid:mine,Mine,"Access, Breakfast, Brunch, Delivery, Dinner, Drive-through, Happy hours, Kitchen, Lunch, Online operating hours, Pick-up, Takeaway, Hours for the elderly",
gcid:mineral_water_company,Mineral water company,"Access, Breakfast, Brunch, Delivery, Dinner, Drive-through, Happy hours, Kitchen, Lunch, Online operating hours, Pick-up, Takeaway, Hours for the elderly",
gcid:mineral_water_wholesale,Mineral water wholesaler,"Access, Breakfast, Brunch, Delivery, Dinner, Drive-through, Happy hours, Kitchen, Lunch, Online operating hours, Pick-up, Takeaway, Hours for the elderly",
gcid:mini_dealer,MINI dealer,"Access, Breakfast, Brunch, Delivery, Dinner, Drive-through, Happy hours, Kitchen, Lunch, Online operating hours, Pick-up, Takeaway, Hours for the elderly",
gcid:miniature_golf_course,Miniature golf course,"Access, Breakfast, Brunch, Delivery, Dinner, Drive-through, Happy hours, Kitchen, Lunch, Online operating hours, Pick-up, Takeaway, Hours for the elderly",
gcid:miniatures_store,Miniatures store,"Access, Breakfast, Brunch, Delivery, Dinner, Drive-through, Happy hours, Kitchen, Lunch, Online operating hours, Pick-up, Takeaway, Hours for the elderly",
gcid:minibus_taxi_service,Minibus taxi service,"Access, Breakfast, Brunch, Delivery, Dinner, Drive-through, Happy hours, Kitchen, Lunch, Online operating hours, Pick-up, Takeaway, Hours for the elderly",
gcid:mining_company,Mining company,"Access, Breakfast, Brunch, Delivery, Dinner, Drive-through, Happy hours, Kitchen, Lunch, Online operating hours, Pick-up, Takeaway, Hours for the elderly",
gcid:mining_consultant,Mining consultant,"Access, Breakfast, Brunch, Delivery, Dinner, Drive-through, Happy hours, Kitchen, Lunch, Online operating hours, Pick-up, Takeaway, Hours for the elderly",
gcid:mining_engineer,Mining engineer,"Access, Breakfast, Brunch, Delivery, Dinner, Drive-through, Happy hours, Kitchen, Lunch, Online operating hours, Pick-up, Takeaway, Hours for the elderly",
gcid:mining_equipment,Mining equipment,"Access, Breakfast, Brunch, Delivery, Dinner, Drive-through, Happy hours, Kitchen, Lunch, Online operating hours, Pick-up, Takeaway, Hours for the elderly",
gcid:ministry_of_education,Ministry of Education,"Access, Breakfast, Brunch, Delivery, Dinner, Drive-through, Happy hours, Kitchen, Lunch, Online operating hours, Pick-up, Takeaway, Hours for the elderly",
gcid:mirror_shop,Mirror shop,"Access, Breakfast, Brunch, Delivery, Dinner, Drive-through, Happy hours, Kitchen, Lunch, Online operating hours, Pick-up, Takeaway, Hours for the elderly",
gcid:miso_cutlet_restaurant,Miso cutlet restaurant,"Access, Breakfast, Brunch, Delivery, Dinner, Drive-through, Happy hours, Kitchen, Lunch, Online operating hours, Takeaway, Hours for the elderly",
gcid:missing_persons_organization,Missing persons organization,"Access, Breakfast, Brunch, Delivery, Dinner, Drive-through, Happy hours, Kitchen, Lunch, Online operating hours, Pick-up, Takeaway, Hours for the elderly",
gcid:mission,Mission,"Access, Breakfast, Brunch, Delivery, Dinner, Kitchen, Lunch, Online operating hours, Pick-up, Takeaway, Hours for the elderly, Prayer",
gcid:mitsubishi_dealer,Mitsubishi dealer,"Access, Breakfast, Brunch, Delivery, Dinner, Drive-through, Happy hours, Kitchen, Lunch, Online operating hours, Pick-up, Takeaway, Hours for the elderly",
gcid:mobile_catering,Mobile caterer,"Access, Breakfast, Brunch, Delivery, Dinner, Drive-through, Happy hours, Kitchen, Lunch, Online operating hours, Pick-up, Takeaway, Hours for the elderly",
gcid:mobile_disco,Mobile disco service,"Access, Breakfast, Brunch, Delivery, Dinner, Drive-through, Happy hours, Kitchen, Lunch, Online operating hours, Pick-up, Takeaway, Hours for the elderly",
gcid:mobile_home_dealer,Mobile home dealer,"Access, Breakfast, Brunch, Delivery, Dinner, Drive-through, Happy hours, Kitchen, Lunch, Online operating hours, Pick-up, Takeaway, Hours for the elderly",
gcid:mobile_home_park,Mobile home park,"Access, Breakfast, Brunch, Delivery, Dinner, Drive-through, Happy hours, Kitchen, Lunch, Online operating hours, Pick-up, Takeaway, Hours for the elderly",
gcid:mobile_home_rental_agency,Mobile home rental agency,"Access, Breakfast, Brunch, Delivery, Dinner, Drive-through, Happy hours, Kitchen, Lunch, Online operating hours, Pick-up, Takeaway, Hours for the elderly","Bill paying, General repairs & maintenance, Location consulting, Online rental application, Private tours, Rv rentals, Tenant representation, Virtual property tours"
gcid:mobile_home_supply_store,Mobile home supply store,"Access, Breakfast, Brunch, Delivery, Dinner, Drive-through, Happy hours, Kitchen, Lunch, Online operating hours, Pick-up, Takeaway, Hours for the elderly",
gcid:mobile_money_agent,Mobile money agent,"Breakfast, Dinner, Drive-through, Lunch, Online operating hours, Hours for the elderly",
gcid:mobile_network_operator,Mobile network operator,"Access, Breakfast, Brunch, Delivery, Dinner, Drive-through, Happy hours, Kitchen, Lunch, Online operating hours, Pick-up, Takeaway, Hours for the elderly",
gcid:mobile_phone_repair_shop,Mobile phone repair shop,"Access, Breakfast, Brunch, Delivery, Dinner, Drive-through, Happy hours, Kitchen, Lunch, Online operating hours, Pick-up, Takeaway, Hours for the elderly","Battery replacement, Button repair, Camera repair, Case repair, Charge port repair, Diagnostic scan, Microphone/speaker repair, Power button repair, Screen repair/replacement, Software problems, Speaker repair, Tablet repair, Water damage repair"
gcid:mobility_equipment_supplier,Mobility equipment supplier,"Access, Breakfast, Brunch, Delivery, Dinner, Drive-through, Happy hours, Kitchen, Lunch, Online operating hours, Pick-up, Takeaway, Hours for the elderly",
gcid:model_car_play_area,Model car play area,"Access, Breakfast, Brunch, Delivery, Dinner, Drive-through, Happy hours, Kitchen, Lunch, Online operating hours, Pick-up, Takeaway, Hours for the elderly",
gcid:model_design_company,Model design company,"Access, Breakfast, Brunch, Delivery, Dinner, Drive-through, Happy hours, Kitchen, Lunch, Online operating hours, Pick-up, Takeaway, Hours for the elderly",
gcid:model_portfolio_studio,Model portfolio studio,"Access, Breakfast, Brunch, Delivery, Dinner, Drive-through, Happy hours, Kitchen, Lunch, Online operating hours, Pick-up, Takeaway, Hours for the elderly",
gcid:model_train_store,Model train store,"Access, Breakfast, Brunch, Delivery, Dinner, Drive-through, Happy hours, Kitchen, Lunch, Online operating hours, Pick-up, Takeaway, Hours for the elderly",
gcid:modeling_agency,Modeling agency,"Access, Breakfast, Brunch, Delivery, Dinner, Drive-through, Happy hours, Kitchen, Lunch, Online operating hours, Pick-up, Takeaway, Hours for the elderly",
gcid:modeling_school,Modeling school,"Access, Breakfast, Brunch, Delivery, Dinner, Drive-through, Happy hours, Kitchen, Lunch, Online operating hours, Pick-up, Takeaway, Hours for the elderly",
gcid:modern_art_museum,Modern art museum,"Access, Breakfast, Brunch, Delivery, Dinner, Drive-through, Happy hours, Kitchen, Lunch, Online operating hours, Pick-up, Takeaway, Hours for the elderly",
gcid:modern_british_restaurant,Modern British restaurant,"Access, Breakfast, Brunch, Delivery, Dinner, Drive-through, Happy hours, Kitchen, Lunch, Online operating hours, Takeaway, Hours for the elderly",
gcid:modern_european_restaurant,Modern European restaurant,"Access, Breakfast, Brunch, Delivery, Dinner, Drive-through, Happy hours, Kitchen, Lunch, Online operating hours, Takeaway, Hours for the elderly",
gcid:modern_french_restaurant,Modern French restaurant,"Access, Breakfast, Brunch, Delivery, Dinner, Drive-through, Happy hours, Kitchen, Lunch, Online operating hours, Takeaway, Hours for the elderly",
gcid:modern_indian_restaurant,Modern Indian restaurant,"Access, Breakfast, Brunch, Delivery, Dinner, Drive-through, Happy hours, Kitchen, Lunch, Online operating hours, Takeaway, Hours for the elderly",
gcid:modular_home_builder,Modular home builder,"Access, Breakfast, Brunch, Delivery, Dinner, Drive-through, Happy hours, Kitchen, Lunch, Online operating hours, Pick-up, Takeaway, Hours for the elderly",
gcid:modular_home_dealer,Modular home dealer,"Access, Breakfast, Brunch, Delivery, Dinner, Drive-through, Happy hours, Kitchen, Lunch, Online operating hours, Pick-up, Takeaway, Hours for the elderly",
gcid:mohel,Mohel,"Breakfast, Delivery, Dinner, Drive-through, Lunch, Online operating hours, Pick-up, Hours for the elderly",
gcid:mold_maker,Mold maker,"Access, Breakfast, Brunch, Delivery, Dinner, Drive-through, Happy hours, Kitchen, Lunch, Online operating hours, Pick-up, Takeaway, Hours for the elderly",
gcid:molding_supplier,Molding supplier,"Access, Breakfast, Brunch, Delivery, Dinner, Drive-through, Happy hours, Kitchen, Lunch, Online operating hours, Pick-up, Takeaway, Hours for the elderly",
gcid:momo_restaurant,Momo restaurant,"Access, Breakfast, Brunch, Delivery, Dinner, Drive-through, Happy hours, Kitchen, Lunch, Online operating hours, Takeaway, Hours for the elderly",
gcid:monastery,Monastery,"Access, Breakfast, Brunch, Delivery, Dinner, Kitchen, Lunch, Online operating hours, Pick-up, Takeaway, Hours for the elderly, Prayer",
gcid:money_order_service,Money order service,"Breakfast, Dinner, Drive-through, Lunch, Online operating hours, Hours for the elderly",
gcid:money_transfer_service,Money transfer service,"Breakfast, Dinner, Drive-through, Lunch, Online operating hours, Hours for the elderly",
gcid:mongolian_barbecue_restaurant,Mongolian barbecue restaurant,"Access, Breakfast, Brunch, Delivery, Dinner, Drive-through, Happy hours, Kitchen, Lunch, Online operating hours, Takeaway, Hours for the elderly",
gcid:monja_restaurant,Monjayaki restaurant,"Access, Breakfast, Brunch, Delivery, Dinner, Drive-through, Happy hours, Kitchen, Lunch, Online operating hours, Takeaway, Hours for the elderly",
gcid:monogramming_service,Monogramming service,"Access, Breakfast, Brunch, Delivery, Dinner, Drive-through, Happy hours, Kitchen, Lunch, Online operating hours, Pick-up, Takeaway, Hours for the elderly",
gcid:montessori_preschool,Montessori preschool,"Access, Breakfast, Brunch, Delivery, Dinner, Drive-through, Happy hours, Kitchen, Lunch, Online operating hours, Pick-up, Takeaway, Hours for the elderly",
gcid:montessori_school,Montessori school,"Access, Breakfast, Brunch, Delivery, Dinner, Drive-through, Happy hours, Kitchen, Lunch, Online operating hours, Pick-up, Takeaway, Hours for the elderly",Summer camps
gcid:monument_maker,Monument maker,"Access, Breakfast, Brunch, Delivery, Dinner, Drive-through, Happy hours, Kitchen, Lunch, Online operating hours, Pick-up, Takeaway, Hours for the elderly",
gcid:moped_dealer,Moped dealer,"Access, Breakfast, Brunch, Delivery, Dinner, Drive-through, Happy hours, Kitchen, Lunch, Online operating hours, Pick-up, Takeaway, Hours for the elderly",
gcid:moravian_church,Moravian church,"Access, Breakfast, Brunch, Delivery, Dinner, Kitchen, Lunch, Online operating hours, Pick-up, Takeaway, Hours for the elderly, Prayer, Worship service",
gcid:mordern_izakaya_restaurants,Modern izakaya restaurant,"Access, Breakfast, Brunch, Delivery, Dinner, Drive-through, Happy hours, Kitchen, Lunch, Online operating hours, Takeaway, Hours for the elderly",
gcid:moroccan_restaurant,Moroccan restaurant,"Access, Breakfast, Brunch, Delivery, Dinner, Drive-through, Happy hours, Kitchen, Lunch, Online operating hours, Takeaway, Hours for the elderly",
gcid:mortgage_broker,Mortgage broker,"Breakfast, Dinner, Drive-through, Lunch, Online operating hours, Hours for the elderly","Home purchasing assistance, Mortgage loan application assistance, Mortgage loan shopping assistance, Property closing assistance, Mortgage rate shopping assistance, Mortgage refinancing assistance, Reverse mortgage loan assistance"
gcid:mortgage_lender,Mortgage lender,"Breakfast, Dinner, Drive-through, Lunch, Online operating hours, Hours for the elderly",
gcid:mortuary,Mortuary,"Access, Breakfast, Brunch, Delivery, Dinner, Drive-through, Happy hours, Kitchen, Lunch, Online operating hours, Pick-up, Takeaway, Hours for the elderly",
gcid:mosque,Mosque,"Access, Breakfast, Brunch, Delivery, Dinner, Kitchen, Lunch, Online operating hours, Pick-up, Takeaway, Hours for the elderly, Prayer, Jummah",
gcid:motel,Motel,"Access, Breakfast, Brunch, Delivery, Dinner, Drive-through, Happy hours, Kitchen, Lunch, Online operating hours, Pick-up, Takeaway, Hours for the elderly",
gcid:motor_scooter_dealer,Motor scooter dealer,"Access, Breakfast, Brunch, Delivery, Dinner, Drive-through, Happy hours, Kitchen, Lunch, Online operating hours, Pick-up, Takeaway, Hours for the elderly",
gcid:motor_scooter_repair_shop,Motor scooter repair shop,"Access, Breakfast, Brunch, Delivery, Dinner, Drive-through, Happy hours, Kitchen, Lunch, Online operating hours, Pick-up, Takeaway, Hours for the elderly",
gcid:motor_vehicle_dealer,Motor vehicle dealer,"Access, Breakfast, Brunch, Delivery, Dinner, Drive-through, Happy hours, Kitchen, Lunch, Online operating hours, Pick-up, Takeaway, Hours for the elderly",
gcid:motorcycle_breaker,Motorcycle breaker and dismantler,"Access, Breakfast, Brunch, Delivery, Dinner, Drive-through, Happy hours, Kitchen, Lunch, Online operating hours, Pick-up, Takeaway, Hours for the elderly",
gcid:motorcycle_dealer,Motorcycle dealer,"Access, Breakfast, Brunch, Delivery, Dinner, Drive-through, Happy hours, Kitchen, Lunch, Online operating hours, Pick-up, Takeaway, Hours for the elderly",
gcid:motorcycle_driving_school,Motorcycle driving school,"Access, Breakfast, Brunch, Delivery, Dinner, Drive-through, Happy hours, Kitchen, Lunch, Online operating hours, Pick-up, Takeaway, Hours for the elderly",
gcid:motorcycle_insurance_agency,Motorcycle insurance agency,"Access, Breakfast, Brunch, Delivery, Dinner, Drive-through, Happy hours, Kitchen, Lunch, Online operating hours, Pick-up, Takeaway, Hours for the elderly",
gcid:motorcycle_parts_store,Motorcycle parts store,"Access, Breakfast, Brunch, Delivery, Dinner, Drive-through, Happy hours, Kitchen, Lunch, Online operating hours, Pick-up, Takeaway, Hours for the elderly",
gcid:motorcycle_rental_agency,Motorcycle rental agency,"Access, Breakfast, Brunch, Delivery, Dinner, Drive-through, Happy hours, Kitchen, Lunch, Online operating hours, Pick-up, Takeaway, Hours for the elderly",
gcid:motorcycle_repair_shop,Motorcycle repair shop,"Access, Breakfast, Brunch, Delivery, Dinner, Drive-through, Happy hours, Kitchen, Lunch, Online operating hours, Pick-up, Takeaway, Hours for the elderly","Auto detailing, Battery, Brake service & repair, Carburetor cleaning, Delivery, Electrical repair, Engine repair, Oil change, Steering & suspension repair, Tires, Wheel alignment"
gcid:motorcycle_shop,Motorcycle shop,"Access, Breakfast, Brunch, Delivery, Dinner, Drive-through, Happy hours, Kitchen, Lunch, Online operating hours, Pick-up, Takeaway, Hours for the elderly","Financing, General repairs, Technical support"
gcid:motoring_club,Motoring club,"Access, Breakfast, Brunch, Delivery, Dinner, Drive-through, Happy hours, Kitchen, Lunch, Online operating hours, Pick-up, Takeaway, Hours for the elderly",
gcid:motorsports_store,Motorsports store,"Access, Breakfast, Brunch, Delivery, Dinner, Drive-through, Happy hours, Kitchen, Lunch, Online operating hours, Pick-up, Takeaway, Hours for the elderly",
gcid:mountain_cable_car,Mountain cable car,"Access, Breakfast, Brunch, Delivery, Dinner, Drive-through, Happy hours, Kitchen, Lunch, Online operating hours, Pick-up, Takeaway, Hours for the elderly",
gcid:mountain_hut,Mountain cabin,"Access, Breakfast, Brunch, Delivery, Dinner, Drive-through, Happy hours, Kitchen, Lunch, Online operating hours, Pick-up, Takeaway, Hours for the elderly",
gcid:mountaineering_class,Mountaineering class,"Access, Breakfast, Brunch, Delivery, Dinner, Drive-through, Happy hours, Kitchen, Lunch, Online operating hours, Pick-up, Takeaway, Hours for the elderly",
gcid:movie_rental_kiosk,Movie rental kiosk,"Access, Breakfast, Brunch, Delivery, Dinner, Drive-through, Happy hours, Kitchen, Lunch, Online operating hours, Pick-up, Takeaway, Hours for the elderly",
gcid:movie_rental_store,Movie rental store,"Access, Breakfast, Brunch, Delivery, Dinner, Drive-through, Happy hours, Kitchen, Lunch, Online operating hours, Pick-up, Takeaway, Hours for the elderly",
gcid:movie_studio,Movie studio,"Access, Breakfast, Brunch, Delivery, Dinner, Drive-through, Happy hours, Kitchen, Lunch, Online operating hours, Pick-up, Takeaway, Hours for the elderly",
gcid:movie_theater,Movie theater,"Access, Breakfast, Brunch, Delivery, Dinner, Drive-through, Happy hours, Kitchen, Lunch, Online operating hours, Pick-up, Takeaway, Hours for the elderly",
gcid:moving_and_storage_service,Moving and storage service,"Access, Breakfast, Brunch, Delivery, Dinner, Drive-through, Happy hours, Kitchen, Lunch, Online operating hours, Pick-up, Takeaway, Hours for the elderly","In-state moving, Local moving, Long-distance moving, Moving-related junk removal, Moving-related storage, Interstate moving, Oversized-item moving, Moving-related packing, Senior moving, Vehicle transport"
gcid:moving_company,Moving service,"Access, Breakfast, Brunch, Delivery, Dinner, Drive-through, Happy hours, Kitchen, Lunch, Online operating hours, Pick-up, Takeaway, Hours for the elderly","Furniture assembly, Furniture storage, Furniture disassembly, In-state moving, International moving, Local moving, Object-related moving assistance, Business & corporate-related moving, Moving-related junk removal, Moving-related storage, Interstate moving, Oversized-item moving, Moving-related packing, Senior moving, Shared moving services, Small furniture moving, Vehicle transport, Warehouse storage services"
gcid:moving_supply_store,Moving supply store,"Access, Breakfast, Brunch, Delivery, Dinner, Drive-through, Happy hours, Kitchen, Lunch, Online operating hours, Pick-up, Takeaway, Hours for the elderly",
gcid:mri_center,MRI center,"Breakfast, Delivery, Dinner, Drive-through, Lunch, Online operating hours, Pick-up, Hours for the elderly",
gcid:muay_thai_boxing_gym,Muay Thai boxing gym,"Breakfast, Delivery, Dinner, Drive-through, Lunch, Online operating hours, Pick-up, Hours for the elderly",
gcid:muffler_shop,Muffler shop,"Access, Breakfast, Brunch, Delivery, Dinner, Drive-through, Happy hours, Kitchen, Lunch, Online operating hours, Pick-up, Takeaway, Hours for the elderly","Air & cabin filter replacement, Battery, Body & Trim, Brakes, Air conditioning, Electrical, Auto engine diagnostic, Exhaust, Oil change, Steering & suspension repair, Tires, Transmission"
gcid:mughlai_restaurant,Mughlai restaurant,"Access, Breakfast, Brunch, Delivery, Dinner, Drive-through, Happy hours, Kitchen, Lunch, Online operating hours, Takeaway, Hours for the elderly",
gcid:mulch_supplier,Mulch supplier,"Access, Breakfast, Brunch, Delivery, Dinner, Drive-through, Happy hours, Kitchen, Lunch, Online operating hours, Pick-up, Takeaway, Hours for the elderly",
gcid:multimedia_and_electronic_book_publisher,Multimedia and electronic book publisher,"Access, Breakfast, Brunch, Delivery, Dinner, Drive-through, Happy hours, Kitchen, Lunch, Online operating hours, Pick-up, Takeaway, Hours for the elderly",
gcid:municipal_administration_office,Municipal administration office,"Access, Breakfast, Brunch, Delivery, Dinner, Drive-through, Happy hours, Kitchen, Lunch, Online operating hours, Pick-up, Takeaway, Hours for the elderly",
gcid:municipal_department_of_tourism,Municipal Department of Tourism,"Access, Breakfast, Brunch, Delivery, Dinner, Drive-through, Happy hours, Kitchen, Lunch, Online operating hours, Pick-up, Takeaway, Hours for the elderly",
gcid:municipal_guard,Municipal Guard,"Access, Breakfast, Brunch, Delivery, Dinner, Drive-through, Happy hours, Kitchen, Lunch, Online operating hours, Pick-up, Takeaway, Hours for the elderly",
gcid:murtabak_restaurant,Murtabak restaurant,"Access, Breakfast, Brunch, Delivery, Dinner, Drive-through, Happy hours, Kitchen, Lunch, Online operating hours, Takeaway, Hours for the elderly",
gcid:musalla,Musalla,"Access, Breakfast, Brunch, Delivery, Dinner, Kitchen, Lunch, Online operating hours, Pick-up, Takeaway, Hours for the elderly, Prayer",
gcid:museum,Museum,"Access, Breakfast, Brunch, Delivery, Dinner, Drive-through, Happy hours, Kitchen, Lunch, Online operating hours, Pick-up, Takeaway, Hours for the elderly",
gcid:museum_of_space_history,Museum of space history,"Access, Breakfast, Brunch, Delivery, Dinner, Drive-through, Happy hours, Kitchen, Lunch, Online operating hours, Pick-up, Takeaway, Hours for the elderly",
gcid:museum_of_zoology,Museum of zoology,"Access, Breakfast, Brunch, Delivery, Dinner, Drive-through, Happy hours, Kitchen, Lunch, Online operating hours, Pick-up, Takeaway, Hours for the elderly",
gcid:music_box_store,Music box store,"Access, Breakfast, Brunch, Delivery, Dinner, Drive-through, Happy hours, Kitchen, Lunch, Online operating hours, Pick-up, Takeaway, Hours for the elderly",
gcid:music_college,Music college,"Access, Breakfast, Brunch, Delivery, Dinner, Drive-through, Happy hours, Kitchen, Lunch, Online operating hours, Pick-up, Takeaway, Hours for the elderly",
gcid:music_conservatory,Music conservatory,"Access, Breakfast, Brunch, Delivery, Dinner, Drive-through, Happy hours, Kitchen, Lunch, Online operating hours, Pick-up, Takeaway, Hours for the elderly",
gcid:music_instructor,Music instructor,"Access, Breakfast, Brunch, Delivery, Dinner, Drive-through, Happy hours, Kitchen, Lunch, Online operating hours, Pick-up, Takeaway, Hours for the elderly","Adult lessons, Advanced classes, Beginner's classes, Group lessons, Private lessons"
gcid:music_management_and_promotion,Music management and promotion,"Access, Breakfast, Brunch, Delivery, Dinner, Drive-through, Happy hours, Kitchen, Lunch, Online operating hours, Pick-up, Takeaway, Hours for the elderly",
gcid:music_producer,Music producer,"Access, Breakfast, Brunch, Delivery, Dinner, Drive-through, Happy hours, Kitchen, Lunch, Online operating hours, Pick-up, Takeaway, Hours for the elderly",
gcid:music_publisher,Music publisher,"Access, Breakfast, Brunch, Delivery, Dinner, Drive-through, Happy hours, Kitchen, Lunch, Online operating hours, Pick-up, Takeaway, Hours for the elderly",
gcid:music_school,Music school,"Access, Breakfast, Brunch, Delivery, Dinner, Drive-through, Happy hours, Kitchen, Lunch, Online operating hours, Pick-up, Takeaway, Hours for the elderly","Adult lessons, Advanced classes, Beginner's classes, Emcee & DJ services, Intermediate classes, Private lessons, Youth classes"
gcid:music_store,Music store,"Access, Breakfast, Brunch, Delivery, Dinner, Drive-through, Happy hours, Kitchen, Lunch, Online operating hours, Pick-up, Takeaway, Hours for the elderly",
gcid:musical_club,Musical club,"Access, Breakfast, Brunch, Delivery, Dinner, Drive-through, Happy hours, Kitchen, Lunch, Online operating hours, Pick-up, Takeaway, Hours for the elderly",
gcid:musical_instrument_manufacturer,Musical instrument manufacturer,"Access, Breakfast, Brunch, Delivery, Dinner, Drive-through, Happy hours, Kitchen, Lunch, Online operating hours, Pick-up, Takeaway, Hours for the elderly",
gcid:musical_instrument_rental_service,Musical instrument rental service,"Access, Breakfast, Brunch, Delivery, Dinner, Drive-through, Happy hours, Kitchen, Lunch, Online operating hours, Pick-up, Takeaway, Hours for the elderly",
gcid:musical_instrument_repair_shop,Musical instrument repair shop,"Access, Breakfast, Brunch, Delivery, Dinner, Drive-through, Happy hours, Kitchen, Lunch, Online operating hours, Pick-up, Takeaway, Hours for the elderly",
gcid:musical_instrument_store,Musical instrument store,"Access, Breakfast, Brunch, Delivery, Dinner, Drive-through, Happy hours, Kitchen, Lunch, Online operating hours, Pick-up, Takeaway, Hours for the elderly",
gcid:musician,Musician,"Access, Breakfast, Brunch, Delivery, Dinner, Drive-through, Happy hours, Kitchen, Lunch, Online operating hours, Pick-up, Takeaway, Hours for the elderly","Classical, Country, Emcee & DJ services, Guitarist, Jazz, Pianist, Pop/contemporary, Private events, R&b, Rap/hip-hop, Rock, Singer, Strings groups, Woodwind groups"
gcid:musician_and_composer,Musician and composer,"Access, Breakfast, Brunch, Delivery, Dinner, Drive-through, Happy hours, Kitchen, Lunch, Online operating hours, Pick-up, Takeaway, Hours for the elderly",
gcid:mutton_barbecue_restaurant,Mutton barbecue restaurant,"Access, Breakfast, Brunch, Delivery, Dinner, Drive-through, Happy hours, Kitchen, Lunch, Online operating hours, Takeaway, Hours for the elderly",
gcid:nail_salon,Nail salon,"Access, Breakfast, Brunch, Delivery, Dinner, Drive-through, Happy hours, Kitchen, Lunch, Online operating hours, Pick-up, Takeaway, Hours for the elderly","Acrylic nails, Back massages, Brazilian waxing, Callus removal, Kids' manicures, Dip powder, Exfoliation, Eyelash extensions, Foot massages, French manicures, Gel manicures, Hand & foot massages, Men's manicures, Manicures, Nail cut & filing, Nail decals, Nail designs, Nail extensions, Nail painting, Nail polish changes, Synthetic nail removal, Nail repair, Pedicures, Polish removal, Sculpted nails, Spa services, Stiletto nails, Waterless pedicures, Waxing"
gcid:nanotechnology_engineer,Nanotechnology engineering service,"Access, Breakfast, Brunch, Delivery, Dinner, Drive-through, Happy hours, Kitchen, Lunch, Online operating hours, Pick-up, Takeaway, Hours for the elderly",
gcid:nasi_goreng_restaurant,Nasi goreng restaurant,"Access, Breakfast, Brunch, Delivery, Dinner, Drive-through, Happy hours, Kitchen, Lunch, Online operating hours, Takeaway, Hours for the elderly",
gcid:nasi_restaurant,Nasi restaurant,"Access, Breakfast, Brunch, Delivery, Dinner, Drive-through, Happy hours, Kitchen, Lunch, Online operating hours, Takeaway, Hours for the elderly",
gcid:nasi_uduk_restaurant,Nasi uduk restaurant,"Access, Breakfast, Brunch, Delivery, Dinner, Drive-through, Happy hours, Kitchen, Lunch, Online operating hours, Takeaway, Hours for the elderly",
gcid:national_forest,National forest,"Access, Breakfast, Brunch, Delivery, Dinner, Drive-through, Happy hours, Kitchen, Lunch, Online operating hours, Pick-up, Takeaway, Hours for the elderly",
gcid:national_library,National library,"Access, Breakfast, Brunch, Delivery, Dinner, Drive-through, Happy hours, Kitchen, Lunch, Online operating hours, Pick-up, Takeaway, Hours for the elderly",
gcid:national_museum,National museum,"Access, Breakfast, Brunch, Delivery, Dinner, Drive-through, Happy hours, Kitchen, Lunch, Online operating hours, Pick-up, Takeaway, Hours for the elderly",
gcid:national_park,National park,"Access, Breakfast, Brunch, Delivery, Dinner, Drive-through, Happy hours, Kitchen, Lunch, Online operating hours, Pick-up, Takeaway, Hours for the elderly",
gcid:national_reserve,National reserve,"Access, Breakfast, Brunch, Delivery, Dinner, Drive-through, Happy hours, Kitchen, Lunch, Online operating hours, Pick-up, Takeaway, Hours for the elderly",
gcid:native_american_goods_store,Native american goods store,"Access, Breakfast, Brunch, Delivery, Dinner, Drive-through, Happy hours, Kitchen, Lunch, Online operating hours, Pick-up, Takeaway, Hours for the elderly",
gcid:native_american_restaurant,Native American restaurant,"Access, Breakfast, Brunch, Delivery, Dinner, Drive-through, Happy hours, Kitchen, Lunch, Online operating hours, Takeaway, Hours for the elderly",
gcid:natural_foods_store,Natural goods store,"Access, Breakfast, Brunch, Delivery, Dinner, Drive-through, Happy hours, Kitchen, Lunch, Online operating hours, Pick-up, Takeaway, Hours for the elderly",
gcid:natural_history_museum,Natural history museum,"Access, Breakfast, Brunch, Delivery, Dinner, Drive-through, Happy hours, Kitchen, Lunch, Online operating hours, Pick-up, Takeaway, Hours for the elderly",
gcid:natural_rock_climbing_area,Natural rock climbing area,"Access, Breakfast, Brunch, Delivery, Dinner, Drive-through, Happy hours, Kitchen, Lunch, Online operating hours, Pick-up, Takeaway, Hours for the elderly",
gcid:natural_stone_exporter,Natural stone exporter,"Access, Breakfast, Brunch, Delivery, Dinner, Drive-through, Happy hours, Kitchen, Lunch, Online operating hours, Pick-up, Takeaway, Hours for the elderly",
gcid:natural_stone_supplier,Natural stone supplier,"Access, Breakfast, Brunch, Delivery, Dinner, Drive-through, Happy hours, Kitchen, Lunch, Online operating hours, Pick-up, Takeaway, Hours for the elderly",
gcid:natural_stone_wholesaler,Natural stone wholesaler,"Access, Breakfast, Brunch, Delivery, Dinner, Drive-through, Happy hours, Kitchen, Lunch, Online operating hours, Pick-up, Takeaway, Hours for the elderly",
gcid:nature_preserve,Nature preserve,"Access, Breakfast, Brunch, Delivery, Dinner, Drive-through, Happy hours, Kitchen, Lunch, Online operating hours, Pick-up, Takeaway, Hours for the elderly",
gcid:naturopathic_practitioner,Naturopathic practitioner,"Breakfast, Delivery, Dinner, Drive-through, Lunch, Online operating hours, Pick-up, Hours for the elderly",
gcid:naval_base,Naval base,"Access, Breakfast, Brunch, Delivery, Dinner, Drive-through, Happy hours, Kitchen, Lunch, Online operating hours, Pick-up, Takeaway, Hours for the elderly",
gcid:navarraise_restaurant,Navarraise restaurant,"Access, Breakfast, Brunch, Delivery, Dinner, Drive-through, Happy hours, Kitchen, Lunch, Online operating hours, Takeaway, Hours for the elderly",
gcid:neapolitan_restaurant,Neapolitan restaurant,"Access, Breakfast, Brunch, Delivery, Dinner, Drive-through, Happy hours, Kitchen, Lunch, Online operating hours, Takeaway, Hours for the elderly",
gcid:needlework_shop,Needlework shop,"Access, Breakfast, Brunch, Delivery, Dinner, Drive-through, Happy hours, Kitchen, Lunch, Online operating hours, Pick-up, Takeaway, Hours for the elderly",
gcid:neon_sign_shop,Neon sign shop,"Access, Breakfast, Brunch, Delivery, Dinner, Drive-through, Happy hours, Kitchen, Lunch, Online operating hours, Pick-up, Takeaway, Hours for the elderly",
gcid:neonatal_physician,Neonatal physician,"Breakfast, Delivery, Dinner, Drive-through, Lunch, Online operating hours, Pick-up, Hours for the elderly",
gcid:nepalese_restaurant,Nepalese restaurant,"Access, Breakfast, Brunch, Delivery, Dinner, Drive-through, Happy hours, Kitchen, Lunch, Online operating hours, Takeaway, Hours for the elderly",
gcid:nephrologist,Nephrologist,"Breakfast, Delivery, Dinner, Drive-through, Lunch, Online operating hours, Pick-up, Hours for the elderly",
gcid:netball_club,Netball club,"Access, Breakfast, Brunch, Delivery, Dinner, Drive-through, Happy hours, Kitchen, Lunch, Online operating hours, Pick-up, Takeaway, Hours for the elderly",
gcid:neurologist,Neurologist,"Breakfast, Delivery, Dinner, Drive-through, Lunch, Online operating hours, Pick-up, Hours for the elderly",
gcid:neurophysiologist,Neurophysiologist,"Breakfast, Delivery, Dinner, Drive-through, Lunch, Online operating hours, Pick-up, Hours for the elderly",
gcid:neuropsychologist,Neuropsychologist,"Breakfast, Delivery, Dinner, Drive-through, Lunch, Online operating hours, Pick-up, Hours for the elderly",
gcid:neurosurgeon,Neurosurgeon,"Breakfast, Delivery, Dinner, Drive-through, Lunch, Online operating hours, Pick-up, Hours for the elderly",
gcid:new_age_church,New Age church,"Access, Breakfast, Brunch, Delivery, Dinner, Kitchen, Lunch, Online operating hours, Pick-up, Takeaway, Hours for the elderly, Prayer, Worship service",
gcid:new_england_restaurant,New England restaurant,"Access, Breakfast, Brunch, Delivery, Dinner, Drive-through, Happy hours, Kitchen, Lunch, Online operating hours, Takeaway, Hours for the elderly",
gcid:new_us_american_restaurant,New American restaurant,"Access, Breakfast, Brunch, Delivery, Dinner, Drive-through, Happy hours, Kitchen, Lunch, Online operating hours, Takeaway, Hours for the elderly",
gcid:new_zealand_restaurant,New Zealand restaurant,"Access, Breakfast, Brunch, Delivery, Dinner, Drive-through, Happy hours, Kitchen, Lunch, Online operating hours, Takeaway, Hours for the elderly",
gcid:news_service,News service,"Access, Breakfast, Brunch, Delivery, Dinner, Drive-through, Happy hours, Kitchen, Lunch, Online operating hours, Pick-up, Takeaway, Hours for the elderly",
gcid:newspaper_distribution,Newspaper distribution service,"Access, Breakfast, Brunch, Delivery, Dinner, Drive-through, Happy hours, Kitchen, Lunch, Online operating hours, Pick-up, Takeaway, Hours for the elderly",
gcid:newspaper_publisher,Newspaper publisher,"Access, Breakfast, Brunch, Delivery, Dinner, Drive-through, Happy hours, Kitchen, Lunch, Online operating hours, Pick-up, Takeaway, Hours for the elderly",
gcid:newsstand,Newsstand,"Access, Breakfast, Brunch, Delivery, Dinner, Drive-through, Happy hours, Kitchen, Lunch, Online operating hours, Pick-up, Takeaway, Hours for the elderly",
gcid:nicaraguan_restaurant,Nicaraguan restaurant,"Access, Breakfast, Brunch, Delivery, Dinner, Drive-through, Happy hours, Kitchen, Lunch, Online operating hours, Takeaway, Hours for the elderly",
gcid:night_club,Night club,"Access, Breakfast, Brunch, Delivery, Dinner, Drive-through, Happy hours, Kitchen, Lunch, Online operating hours, Pick-up, Takeaway, Hours for the elderly",
gcid:night_market,Night market,"Access, Breakfast, Brunch, Delivery, Dinner, Drive-through, Happy hours, Kitchen, Lunch, Online operating hours, Pick-up, Takeaway, Hours for the elderly",
gcid:nissan_dealer,Nissan dealer,"Access, Breakfast, Brunch, Delivery, Dinner, Drive-through, Happy hours, Kitchen, Lunch, Online operating hours, Pick-up, Takeaway, Hours for the elderly",
gcid:non_denominational_church,Non-denominational church,"Access, Breakfast, Brunch, Delivery, Dinner, Kitchen, Lunch, Online operating hours, Pick-up, Takeaway, Hours for the elderly, Prayer, Worship service",
gcid:non_governmental_organization,Non-governmental organization,"Access, Breakfast, Brunch, Delivery, Dinner, Drive-through, Happy hours, Kitchen, Lunch, Online operating hours, Pick-up, Takeaway, Hours for the elderly",
gcid:non_profit_organization,Non-profit organization,"Access, Breakfast, Brunch, Delivery, Dinner, Drive-through, Happy hours, Kitchen, Lunch, Online operating hours, Pick-up, Takeaway, Hours for the elderly",
gcid:non_smoking_holiday_home,Non smoking holiday home,"Access, Breakfast, Brunch, Delivery, Dinner, Drive-through, Happy hours, Kitchen, Lunch, Online operating hours, Pick-up, Takeaway, Hours for the elderly",
gcid:non_vegetarian_restaurant,Non vegetarian restaurant,"Access, Breakfast, Brunch, Delivery, Dinner, Drive-through, Happy hours, Kitchen, Lunch, Online operating hours, Takeaway, Hours for the elderly",
gcid:noodle_shop,Noodle shop,"Access, Breakfast, Brunch, Delivery, Dinner, Drive-through, Happy hours, Kitchen, Lunch, Online operating hours, Takeaway, Hours for the elderly",
gcid:north_african_restaurant,North African restaurant,"Access, Breakfast, Brunch, Delivery, Dinner, Drive-through, Happy hours, Kitchen, Lunch, Online operating hours, Takeaway, Hours for the elderly",
gcid:north_eastern_indian_restaurant,North Eastern Indian restaurant,"Access, Breakfast, Brunch, Delivery, Dinner, Drive-through, Happy hours, Kitchen, Lunch, Online operating hours, Takeaway, Hours for the elderly",
gcid:north_indian_restaurant,North Indian restaurant,"Access, Breakfast, Brunch, Delivery, Dinner, Drive-through, Happy hours, Kitchen, Lunch, Online operating hours, Takeaway, Hours for the elderly",
gcid:northern_italian_restaurant,Northern Italian restaurant,"Access, Breakfast, Brunch, Delivery, Dinner, Drive-through, Happy hours, Kitchen, Lunch, Online operating hours, Takeaway, Hours for the elderly",
gcid:norwegian_restaurant,Norwegian restaurant,"Access, Breakfast, Brunch, Delivery, Dinner, Drive-through, Happy hours, Kitchen, Lunch, Online operating hours, Takeaway, Hours for the elderly",
gcid:notaries_association,Notaries association,"Access, Breakfast, Brunch, Delivery, Dinner, Drive-through, Happy hours, Kitchen, Lunch, Online operating hours, Pick-up, Takeaway, Hours for the elderly",
gcid:notary_public,Notary public,"Breakfast, Dinner, Drive-through, Lunch, Online operating hours, Hours for the elderly","Acknowledgment statement notarization, Adoption document notarization, Affidavit & oath notarization, Apostille certificate notarization, Document authenticity certification, Auto loan purchase notarization, Certified copy services, Child custody document notarization, Contract notarization, Deed notarization, Degree & qualification certification, Demand for payment notarization, Divorce document notarization, E-notary services, General notarization, International document notarization, Jurat notary acknowledgments, Legal certificate notarization, Loan notarization, Notary legalization services, General notary document preparation, Passport certification, Power of attorney document notarization, Property & escrow document notarization, Property registration notarization, Shipping document notarization, Notary signing services, Solicitor services, Translation certification, Wills & trusts notarization"
gcid:notions_store,Notions store,"Access, Breakfast, Brunch, Delivery, Dinner, Drive-through, Happy hours, Kitchen, Lunch, Online operating hours, Pick-up, Takeaway, Hours for the elderly",
gcid:novelties_wholesaler,Novelties wholesaler,"Access, Breakfast, Brunch, Delivery, Dinner, Drive-through, Happy hours, Kitchen, Lunch, Online operating hours, Pick-up, Takeaway, Hours for the elderly",
gcid:novelty_store,Novelty store,"Access, Breakfast, Brunch, Delivery, Dinner, Drive-through, Happy hours, Kitchen, Lunch, Online operating hours, Pick-up, Takeaway, Hours for the elderly",
gcid:nuclear_engineer,Nuclear engineering service,"Access, Breakfast, Brunch, Delivery, Dinner, Drive-through, Happy hours, Kitchen, Lunch, Online operating hours, Pick-up, Takeaway, Hours for the elderly",
gcid:nuclear_power_company,Nuclear power company,"Access, Breakfast, Brunch, Delivery, Dinner, Drive-through, Happy hours, Kitchen, Lunch, Online operating hours, Pick-up, Takeaway, Hours for the elderly",
gcid:nuclear_power_plant,Nuclear power plant,"Access, Breakfast, Brunch, Delivery, Dinner, Drive-through, Happy hours, Kitchen, Lunch, Online operating hours, Pick-up, Takeaway, Hours for the elderly",
gcid:nudist_club,Nudist club,"Access, Breakfast, Brunch, Delivery, Dinner, Drive-through, Happy hours, Kitchen, Lunch, Online operating hours, Pick-up, Takeaway, Hours for the elderly",
gcid:nudist_park,Nudist park,"Access, Breakfast, Brunch, Delivery, Dinner, Drive-through, Happy hours, Kitchen, Lunch, Online operating hours, Pick-up, Takeaway, Hours for the elderly",
gcid:nuevo_latino_restaurant,Nuevo Latino restaurant,"Access, Breakfast, Brunch, Delivery, Dinner, Drive-through, Happy hours, Kitchen, Lunch, Online operating hours, Takeaway, Hours for the elderly",
gcid:numerologist,Numerologist,"Access, Breakfast, Brunch, Delivery, Dinner, Drive-through, Happy hours, Kitchen, Lunch, Online operating hours, Pick-up, Takeaway, Hours for the elderly",
gcid:nunnery,Convent,"Access, Breakfast, Brunch, Delivery, Dinner, Kitchen, Lunch, Online operating hours, Pick-up, Takeaway, Hours for the elderly, Prayer",
gcid:nurse_practitioner,Nurse practitioner,"Breakfast, Delivery, Dinner, Drive-through, Lunch, Online operating hours, Pick-up, Hours for the elderly",
gcid:nursery_school,Nursery school,"Access, Breakfast, Brunch, Delivery, Dinner, Drive-through, Happy hours, Kitchen, Lunch, Online operating hours, Pick-up, Takeaway, Hours for the elderly",
gcid:nursing_agency,Nursing agency,"Breakfast, Delivery, Dinner, Drive-through, Lunch, Online operating hours, Pick-up, Hours for the elderly",
gcid:nursing_association,Nursing association,"Access, Breakfast, Brunch, Delivery, Dinner, Drive-through, Happy hours, Kitchen, Lunch, Online operating hours, Pick-up, Takeaway, Hours for the elderly",
gcid:nursing_home,Nursing home,"Breakfast, Delivery, Dinner, Drive-through, Lunch, Online operating hours, Pick-up, Hours for the elderly",
gcid:nursing_practice,Nursing practice,"Breakfast, Delivery, Dinner, Drive-through, Lunch, Online operating hours, Pick-up, Hours for the elderly",
gcid:nursing_school,Nursing school,"Breakfast, Delivery, Dinner, Drive-through, Lunch, Online operating hours, Pick-up, Hours for the elderly",
gcid:nut_store,Nut store,"Access, Breakfast, Brunch, Delivery, Dinner, Drive-through, Happy hours, Kitchen, Lunch, Online operating hours, Pick-up, Takeaway, Hours for the elderly",
gcid:nutritionist,Nutritionist,"Breakfast, Delivery, Dinner, Drive-through, Lunch, Online operating hours, Pick-up, Hours for the elderly",
gcid:nyonya_restaurant,Nyonya restaurant,"Access, Breakfast, Brunch, Delivery, Dinner, Drive-through, Happy hours, Kitchen, Lunch, Online operating hours, Takeaway, Hours for the elderly",
gcid:oaxacan_restaurant,Oaxacan restaurant,"Access, Breakfast, Brunch, Delivery, Dinner, Drive-through, Happy hours, Kitchen, Lunch, Online operating hours, Takeaway, Hours for the elderly",
gcid:obanzai_cuisine,Obanzai restaurant,"Access, Breakfast, Brunch, Delivery, Dinner, Drive-through, Happy hours, Kitchen, Lunch, Online operating hours, Takeaway, Hours for the elderly",
gcid:observation_deck,Observation deck,"Access, Breakfast, Brunch, Delivery, Dinner, Drive-through, Happy hours, Kitchen, Lunch, Online operating hours, Pick-up, Takeaway, Hours for the elderly",
gcid:observatory,Observatory,"Access, Breakfast, Brunch, Delivery, Dinner, Drive-through, Happy hours, Kitchen, Lunch, Online operating hours, Pick-up, Takeaway, Hours for the elderly",
gcid:obstetrics_gynecology_clinic,Women's health clinic,"Breakfast, Delivery, Dinner, Drive-through, Lunch, Online operating hours, Pick-up, Hours for the elderly",
gcid:occupational_health_service,Occupational health service,"Breakfast, Delivery, Dinner, Drive-through, Lunch, Online operating hours, Pick-up, Hours for the elderly",
gcid:occupational_medical_physician,Occupational medical physician,"Breakfast, Delivery, Dinner, Drive-through, Lunch, Online operating hours, Pick-up, Hours for the elderly",
gcid:occupational_safety_and_health,Occupational safety and health,"Access, Breakfast, Brunch, Delivery, Dinner, Drive-through, Happy hours, Kitchen, Lunch, Online operating hours, Pick-up, Takeaway, Hours for the elderly",
gcid:occupational_therapist,Occupational therapist,"Breakfast, Delivery, Dinner, Drive-through, Lunch, Online operating hours, Pick-up, Hours for the elderly",
gcid:oden_restaurant,Oden restaurant,"Access, Breakfast, Brunch, Delivery, Dinner, Drive-through, Happy hours, Kitchen, Lunch, Online operating hours, Takeaway, Hours for the elderly",
gcid:odia_restaurant,Odia restaurant,"Access, Breakfast, Brunch, Delivery, Dinner, Drive-through, Happy hours, Kitchen, Lunch, Online operating hours, Takeaway, Hours for the elderly",
gcid:off_road_race_track,Off-road racing venue,"Access, Breakfast, Brunch, Delivery, Dinner, Drive-through, Happy hours, Kitchen, Lunch, Online operating hours, Pick-up, Takeaway, Hours for the elderly",
gcid:off_roading_area,Off roading area,"Access, Breakfast, Brunch, Delivery, Dinner, Drive-through, Happy hours, Kitchen, Lunch, Online operating hours, Pick-up, Takeaway, Hours for the elderly",
gcid:off_track_betting_shop,Off track betting shop,"Access, Breakfast, Brunch, Delivery, Dinner, Drive-through, Happy hours, Kitchen, Lunch, Online operating hours, Pick-up, Takeaway, Hours for the elderly",
gcid:offal_pot_cooking,Offal pot cooking restaurant,"Access, Breakfast, Brunch, Delivery, Dinner, Drive-through, Happy hours, Kitchen, Lunch, Online operating hours, Takeaway, Hours for the elderly",
gcid:office_accessories_wholesaler,Office accessories wholesaler,"Access, Breakfast, Brunch, Delivery, Dinner, Drive-through, Happy hours, Kitchen, Lunch, Online operating hours, Pick-up, Takeaway, Hours for the elderly",
gcid:office_equipment_rental_service,Office equipment rental service,"Access, Breakfast, Brunch, Delivery, Dinner, Drive-through, Happy hours, Kitchen, Lunch, Online operating hours, Pick-up, Takeaway, Hours for the elderly",
gcid:office_equipment_repair_service,Office equipment repair service,"Access, Breakfast, Brunch, Delivery, Dinner, Drive-through, Happy hours, Kitchen, Lunch, Online operating hours, Pick-up, Takeaway, Hours for the elderly",
gcid:office_equipment_supplier,Office equipment supplier,"Access, Breakfast, Brunch, Delivery, Dinner, Drive-through, Happy hours, Kitchen, Lunch, Online operating hours, Pick-up, Takeaway, Hours for the elderly",
gcid:office_furniture_store,Office furniture store,"Access, Breakfast, Brunch, Delivery, Dinner, Drive-through, Happy hours, Kitchen, Lunch, Online operating hours, Pick-up, Takeaway, Hours for the elderly",
gcid:office_refurbishment_service,Office refurbishment service,"Access, Breakfast, Brunch, Delivery, Dinner, Drive-through, Happy hours, Kitchen, Lunch, Online operating hours, Pick-up, Takeaway, Hours for the elderly",
gcid:office_space_rental_agency,Office space rental agency,"Access, Breakfast, Brunch, Delivery, Dinner, Drive-through, Happy hours, Kitchen, Lunch, Online operating hours, Pick-up, Takeaway, Hours for the elderly","Executive suite rentals, Flex office rentals, Large office rentals, Multi-office rentals, Private office rentals, Shared-office-space rental, Small office rentals, Virtual office rentals"
gcid:office_supply_store,Office supply store,"Access, Breakfast, Brunch, Delivery, Dinner, Drive-through, Happy hours, Kitchen, Lunch, Online operating hours, Pick-up, Takeaway, Hours for the elderly",
gcid:office_supply_wholesaler,Office supply wholesaler,"Access, Breakfast, Brunch, Delivery, Dinner, Drive-through, Happy hours, Kitchen, Lunch, Online operating hours, Pick-up, Takeaway, Hours for the elderly",
gcid:oil_and_gas_exploration_service,Oil and gas exploration service,"Access, Breakfast, Brunch, Delivery, Dinner, Drive-through, Happy hours, Kitchen, Lunch, Online operating hours, Pick-up, Takeaway, Hours for the elderly",
gcid:oil_change_service,Oil change service,"Access, Breakfast, Brunch, Delivery, Dinner, Drive-through, Happy hours, Kitchen, Lunch, Online operating hours, Pick-up, Takeaway, Hours for the elderly","Air & cabin filter replacement, Battery, Body & Trim, Brakes, Air conditioning, Electrical, Auto engine diagnostic, Exhaust, Oil change, Steering & suspension repair, Tires, Transmission"
gcid:oil_company,Oil & natural gas company,"Access, Breakfast, Brunch, Delivery, Dinner, Drive-through, Happy hours, Kitchen, Lunch, Online operating hours, Pick-up, Takeaway, Hours for the elderly",
gcid:oil_field_equipment_supplier,Oil field equipment supplier,"Access, Breakfast, Brunch, Delivery, Dinner, Drive-through, Happy hours, Kitchen, Lunch, Online operating hours, Pick-up, Takeaway, Hours for the elderly",
gcid:oil_recycling_and_disposal,Oil recycling and disposal service,"Access, Breakfast, Brunch, Delivery, Dinner, Drive-through, Happy hours, Kitchen, Lunch, Online operating hours, Pick-up, Takeaway, Hours for the elderly",
gcid:oil_refinery,Oil refinery,"Access, Breakfast, Brunch, Delivery, Dinner, Drive-through, Happy hours, Kitchen, Lunch, Online operating hours, Pick-up, Takeaway, Hours for the elderly",
gcid:oilfield,Oilfield,"Access, Breakfast, Brunch, Delivery, Dinner, Drive-through, Happy hours, Kitchen, Lunch, Online operating hours, Pick-up, Takeaway, Hours for the elderly",
gcid:okonomiyaki_restaurant,Okonomiyaki restaurant,"Access, Breakfast, Brunch, Delivery, Dinner, Drive-through, Happy hours, Kitchen, Lunch, Online operating hours, Takeaway, Hours for the elderly",
gcid:oldsmobile_dealer,Oldsmobile dealer,"Access, Breakfast, Brunch, Delivery, Dinner, Drive-through, Happy hours, Kitchen, Lunch, Online operating hours, Pick-up, Takeaway, Hours for the elderly",
gcid:olive_oil_bottling_company,Olive oil bottling company,"Access, Breakfast, Brunch, Delivery, Dinner, Drive-through, Happy hours, Kitchen, Lunch, Online operating hours, Pick-up, Takeaway, Hours for the elderly",
gcid:olive_oil_cooperative,Olive oil cooperative,"Access, Breakfast, Brunch, Delivery, Dinner, Drive-through, Happy hours, Kitchen, Lunch, Online operating hours, Pick-up, Takeaway, Hours for the elderly",
gcid:olive_oil_manufacturer,Olive oil manufacturer,"Access, Breakfast, Brunch, Delivery, Dinner, Drive-through, Happy hours, Kitchen, Lunch, Online operating hours, Pick-up, Takeaway, Hours for the elderly",
gcid:oncologist,Oncologist,"Breakfast, Delivery, Dinner, Drive-through, Lunch, Online operating hours, Pick-up, Hours for the elderly",
gcid:onsen,Onsen,"Access, Breakfast, Brunch, Delivery, Dinner, Drive-through, Happy hours, Kitchen, Lunch, Online operating hours, Pick-up, Takeaway, Hours for the elderly",
gcid:opel_dealer,Opel dealer,"Access, Breakfast, Brunch, Delivery, Dinner, Drive-through, Happy hours, Kitchen, Lunch, Online operating hours, Pick-up, Takeaway, Hours for the elderly",
gcid:open_air_museum,Open air museum,"Access, Breakfast, Brunch, Delivery, Dinner, Drive-through, Happy hours, Kitchen, Lunch, Online operating hours, Pick-up, Takeaway, Hours for the elderly",
gcid:open_university,Open university,"Access, Breakfast, Brunch, Delivery, Dinner, Drive-through, Happy hours, Kitchen, Lunch, Online operating hours, Pick-up, Takeaway, Hours for the elderly",
gcid:opera_company,Opera company,"Access, Breakfast, Brunch, Delivery, Dinner, Drive-through, Happy hours, Kitchen, Lunch, Online operating hours, Pick-up, Takeaway, Hours for the elderly",
gcid:opera_house,Opera house,"Access, Breakfast, Brunch, Delivery, Dinner, Drive-through, Happy hours, Kitchen, Lunch, Online operating hours, Pick-up, Takeaway, Hours for the elderly",
gcid:ophthalmologist,Ophthalmologist,"Breakfast, Delivery, Dinner, Drive-through, Lunch, Online operating hours, Pick-up, Hours for the elderly",
gcid:ophthalmology_clinic,Ophthalmology clinic,"Breakfast, Delivery, Dinner, Drive-through, Lunch, Online operating hours, Pick-up, Hours for the elderly",
gcid:optical_instrument_repair_service,Optical instrument repair service,"Access, Breakfast, Brunch, Delivery, Dinner, Drive-through, Happy hours, Kitchen, Lunch, Online operating hours, Pick-up, Takeaway, Hours for the elderly",
gcid:optical_products_manufacturer,Optical products manufacturer,"Access, Breakfast, Brunch, Delivery, Dinner, Drive-through, Happy hours, Kitchen, Lunch, Online operating hours, Pick-up, Takeaway, Hours for the elderly",
gcid:optical_wholesaler,Optical wholesaler,"Access, Breakfast, Brunch, Delivery, Dinner, Drive-through, Happy hours, Kitchen, Lunch, Online operating hours, Pick-up, Takeaway, Hours for the elderly",
gcid:optician,Optician,"Breakfast, Delivery, Dinner, Drive-through, Lunch, Online operating hours, Pick-up, Hours for the elderly","Financing, General repairs"
gcid:optometrist,Optometrist,"Breakfast, Delivery, Dinner, Drive-through, Lunch, Online operating hours, Pick-up, Hours for the elderly",
gcid:oral_maxillofacial_surgeon,Oral and maxillofacial surgeon,"Breakfast, Delivery, Dinner, Drive-through, Lunch, Online operating hours, Pick-up, Hours for the elderly",
gcid:oral_surgeon,Oral surgeon,"Breakfast, Delivery, Dinner, Drive-through, Lunch, Online operating hours, Pick-up, Hours for the elderly",
gcid:orchard,Orchard,"Access, Breakfast, Brunch, Delivery, Dinner, Drive-through, Happy hours, Kitchen, Lunch, Online operating hours, Pick-up, Takeaway, Hours for the elderly",
gcid:orchestra,Orchestra,"Access, Breakfast, Brunch, Delivery, Dinner, Drive-through, Happy hours, Kitchen, Lunch, Online operating hours, Pick-up, Takeaway, Hours for the elderly",
gcid:orchid_farm,Orchid farm,"Access, Breakfast, Brunch, Delivery, Dinner, Drive-through, Happy hours, Kitchen, Lunch, Online operating hours, Pick-up, Takeaway, Hours for the elderly",
gcid:orchid_grower,Orchid grower,"Access, Breakfast, Brunch, Delivery, Dinner, Drive-through, Happy hours, Kitchen, Lunch, Online operating hours, Pick-up, Takeaway, Hours for the elderly",
gcid:organ_donation_and_tissue_bank,Organ donation and tissue bank,"Breakfast, Delivery, Dinner, Drive-through, Lunch, Online operating hours, Pick-up, Hours for the elderly",
gcid:organic_drug_store,Organic drug store,"Access, Breakfast, Brunch, Delivery, Dinner, Drive-through, Happy hours, Kitchen, Lunch, Online operating hours, Pick-up, Takeaway, Hours for the elderly",
gcid:organic_farm,Organic farm,"Access, Breakfast, Brunch, Delivery, Dinner, Drive-through, Happy hours, Kitchen, Lunch, Online operating hours, Pick-up, Takeaway, Hours for the elderly",
gcid:organic_food_store,Organic food store,"Access, Breakfast, Brunch, Delivery, Dinner, Drive-through, Happy hours, Kitchen, Lunch, Online operating hours, Pick-up, Takeaway, Hours for the elderly",
gcid:organic_restaurant,Organic restaurant,"Access, Breakfast, Brunch, Delivery, Dinner, Drive-through, Happy hours, Kitchen, Lunch, Online operating hours, Takeaway, Hours for the elderly",
gcid:organic_store,Organic shop,"Access, Breakfast, Brunch, Delivery, Dinner, Drive-through, Happy hours, Kitchen, Lunch, Online operating hours, Pick-up, Takeaway, Hours for the elderly",
gcid:oriental_goods_store,Oriental goods store,"Access, Breakfast, Brunch, Delivery, Dinner, Drive-through, Happy hours, Kitchen, Lunch, Online operating hours, Pick-up, Takeaway, Hours for the elderly",
gcid:oriental_medicine_clinic,Oriental medicine clinic,"Breakfast, Delivery, Dinner, Drive-through, Lunch, Online operating hours, Pick-up, Hours for the elderly",
gcid:oriental_medicine_store,Oriental medicine store,"Breakfast, Delivery, Dinner, Drive-through, Lunch, Online operating hours, Pick-up, Hours for the elderly",
gcid:oriental_rug_store,Oriental rug store,"Access, Breakfast, Brunch, Delivery, Dinner, Drive-through, Happy hours, Kitchen, Lunch, Online operating hours, Pick-up, Takeaway, Hours for the elderly",
gcid:orphanage,Orphanage,"Access, Breakfast, Brunch, Delivery, Dinner, Drive-through, Happy hours, Kitchen, Lunch, Online operating hours, Pick-up, Takeaway, Hours for the elderly",
gcid:orthodontist,Orthodontist,"Breakfast, Delivery, Dinner, Drive-through, Lunch, Online operating hours, Pick-up, Hours for the elderly",
gcid:orthodox_church,Orthodox church,"Access, Breakfast, Brunch, Delivery, Dinner, Kitchen, Lunch, Online operating hours, Pick-up, Takeaway, Hours for the elderly, Prayer, Worship service",
gcid:orthodox_synagogue,Orthodox synagogue,"Access, Breakfast, Brunch, Delivery, Dinner, Kitchen, Lunch, Online operating hours, Pick-up, Takeaway, Hours for the elderly, Prayer, Shabbat service",
gcid:orthopedic_clinic,Orthopedic clinic,"Breakfast, Delivery, Dinner, Drive-through, Lunch, Online operating hours, Pick-up, Hours for the elderly",Consultation
gcid:orthopedic_shoe_store,Orthopedic shoe store,"Breakfast, Delivery, Dinner, Drive-through, Lunch, Online operating hours, Pick-up, Hours for the elderly",
gcid:orthopedic_supplies_store,Orthopedic supplies store,"Breakfast, Delivery, Dinner, Drive-through, Lunch, Online operating hours, Pick-up, Hours for the elderly",
gcid:orthopedic_surgeon,Orthopedic surgeon,"Breakfast, Delivery, Dinner, Drive-through, Lunch, Online operating hours, Pick-up, Hours for the elderly",
gcid:orthoptist,Orthoptist,"Breakfast, Delivery, Dinner, Drive-through, Lunch, Online operating hours, Pick-up, Hours for the elderly",
gcid:orthotics_and_prosthetics_service,Orthotics & prosthetics service,"Breakfast, Delivery, Dinner, Drive-through, Lunch, Online operating hours, Pick-up, Hours for the elderly",
gcid:osteopath,Osteopath,"Breakfast, Delivery, Dinner, Drive-through, Lunch, Online operating hours, Pick-up, Hours for the elderly",
gcid:otolaryngologist,Otolaryngologist,"Breakfast, Delivery, Dinner, Drive-through, Lunch, Online operating hours, Pick-up, Hours for the elderly",
gcid:otolaryngology_clinic,Otolaryngology clinic,"Breakfast, Delivery, Dinner, Drive-through, Lunch, Online operating hours, Pick-up, Hours for the elderly",
gcid:outboard_motor_store,Outboard motor store,"Access, Breakfast, Brunch, Delivery, Dinner, Drive-through, Happy hours, Kitchen, Lunch, Online operating hours, Pick-up, Takeaway, Hours for the elderly",
gcid:outdoor_activity_organizer,Outdoor activity organiser,"Access, Breakfast, Brunch, Delivery, Dinner, Drive-through, Happy hours, Kitchen, Lunch, Online operating hours, Pick-up, Takeaway, Hours for the elderly","Climbing event planning, Corporate activity planning, Cycling, Fishing event planning, Fitness event planning, Gear rental, Group activity planning, Hiking event planning, Paddle boarding event planning, Photography, Private activity planning, Running activity planning, Shooting event planning, Snowsport activity planning, Team building event planning"
gcid:outdoor_bath,Outdoor bath,"Access, Breakfast, Brunch, Delivery, Dinner, Drive-through, Happy hours, Kitchen, Lunch, Online operating hours, Pick-up, Takeaway, Hours for the elderly",
gcid:outdoor_clothing_and_equipment_shop,Outdoor clothing and equipment shop,"Access, Breakfast, Brunch, Delivery, Dinner, Drive-through, Happy hours, Kitchen, Lunch, Online operating hours, Pick-up, Takeaway, Hours for the elderly",
gcid:outdoor_equestrian_facility,Outdoor equestrian facility,"Access, Breakfast, Brunch, Delivery, Dinner, Drive-through, Happy hours, Kitchen, Lunch, Online operating hours, Pick-up, Takeaway, Hours for the elderly",
gcid:outdoor_furniture_store,Outdoor furniture store,"Access, Breakfast, Brunch, Delivery, Dinner, Drive-through, Happy hours, Kitchen, Lunch, Online operating hours, Pick-up, Takeaway, Hours for the elderly",
gcid:outdoor_movie_theatre,Outdoor movie theater,"Access, Breakfast, Brunch, Delivery, Dinner, Drive-through, Happy hours, Kitchen, Lunch, Online operating hours, Pick-up, Takeaway, Hours for the elderly",
gcid:outdoor_sports_store,Outdoor sports store,"Access, Breakfast, Brunch, Delivery, Dinner, Drive-through, Happy hours, Kitchen, Lunch, Online operating hours, Pick-up, Takeaway, Hours for the elderly",
gcid:outdoor_swimming_pool,Outdoor swimming pool,"Access, Breakfast, Brunch, Delivery, Dinner, Drive-through, Happy hours, Kitchen, Lunch, Online operating hours, Pick-up, Takeaway, Hours for the elderly",
gcid:outerwear_store,Outerwear store,"Access, Breakfast, Brunch, Delivery, Dinner, Drive-through, Happy hours, Kitchen, Lunch, Online operating hours, Pick-up, Takeaway, Hours for the elderly",
gcid:outlet_mall,Outlet mall,"Access, Breakfast, Brunch, Delivery, Dinner, Drive-through, Happy hours, Kitchen, Lunch, Online operating hours, Pick-up, Takeaway, Hours for the elderly",
gcid:outlet_store,Outlet store,"Access, Breakfast, Brunch, Delivery, Dinner, Drive-through, Happy hours, Kitchen, Lunch, Online operating hours, Pick-up, Takeaway, Hours for the elderly",
gcid:oxygen_cocktail_spot,Oxygen cocktail spot,"Access, Breakfast, Brunch, Delivery, Dinner, Drive-through, Happy hours, Kitchen, Lunch, Online operating hours, Pick-up, Takeaway, Hours for the elderly",
gcid:oxygen_equipment_supplier,Oxygen equipment supplier,"Breakfast, Delivery, Dinner, Drive-through, Lunch, Online operating hours, Pick-up, Hours for the elderly",
gcid:oyster_bar_restaurant,Oyster bar restaurant,"Access, Breakfast, Brunch, Delivery, Dinner, Drive-through, Happy hours, Kitchen, Lunch, Online operating hours, Takeaway, Hours for the elderly",
gcid:oyster_supplier,Oyster supplier,"Access, Breakfast, Brunch, Delivery, Dinner, Drive-through, Happy hours, Kitchen, Lunch, Online operating hours, Pick-up, Takeaway, Hours for the elderly",
gcid:paan_shop,Paan shop,"Access, Breakfast, Brunch, Delivery, Dinner, Drive-through, Happy hours, Kitchen, Lunch, Online operating hours, Pick-up, Takeaway, Hours for the elderly",
gcid:pachinko,Pachinko parlor,"Access, Breakfast, Brunch, Delivery, Dinner, Drive-through, Happy hours, Kitchen, Lunch, Online operating hours, Pick-up, Takeaway, Hours for the elderly",
gcid:pacific_rim_restaurant,Pacific Rim restaurant,"Access, Breakfast, Brunch, Delivery, Dinner, Drive-through, Happy hours, Kitchen, Lunch, Online operating hours, Takeaway, Hours for the elderly",
gcid:package_locker,Package locker,"Access, Breakfast, Brunch, Delivery, Dinner, Drive-through, Happy hours, Kitchen, Lunch, Online operating hours, Pick-up, Takeaway, Hours for the elderly",
gcid:packaging_company,Packaging company,"Access, Breakfast, Brunch, Delivery, Dinner, Drive-through, Happy hours, Kitchen, Lunch, Online operating hours, Pick-up, Takeaway, Hours for the elderly",
gcid:packaging_contractors_and_services,Packaging contractors and services,"Access, Breakfast, Brunch, Delivery, Dinner, Drive-through, Happy hours, Kitchen, Lunch, Online operating hours, Pick-up, Takeaway, Hours for the elderly",
gcid:packaging_supply_store,Packaging supply store,"Access, Breakfast, Brunch, Delivery, Dinner, Drive-through, Happy hours, Kitchen, Lunch, Online operating hours, Pick-up, Takeaway, Hours for the elderly",
gcid:padang_restaurant,Padang restaurant,"Access, Breakfast, Brunch, Delivery, Dinner, Drive-through, Happy hours, Kitchen, Lunch, Online operating hours, Takeaway, Hours for the elderly",
gcid:padel_club,Padel club,"Access, Breakfast, Brunch, Delivery, Dinner, Drive-through, Happy hours, Kitchen, Lunch, Online operating hours, Pick-up, Takeaway, Hours for the elderly",
gcid:padel_court,Padel court,"Access, Breakfast, Brunch, Delivery, Dinner, Drive-through, Happy hours, Kitchen, Lunch, Online operating hours, Pick-up, Takeaway, Hours for the elderly",
gcid:pagoda,Pagoda,"Access, Breakfast, Brunch, Delivery, Dinner, Kitchen, Lunch, Online operating hours, Pick-up, Takeaway, Hours for the elderly, Prayer",
gcid:pain_control_clinic,Pain control clinic,"Breakfast, Delivery, Dinner, Drive-through, Lunch, Online operating hours, Pick-up, Hours for the elderly",
gcid:pain_management_physician,Pain management physician,"Breakfast, Delivery, Dinner, Drive-through, Lunch, Online operating hours, Pick-up, Hours for the elderly",
gcid:paint_manufacturer,Paint manufacturer,"Access, Breakfast, Brunch, Delivery, Dinner, Drive-through, Happy hours, Kitchen, Lunch, Online operating hours, Pick-up, Takeaway, Hours for the elderly",
gcid:paint_store,Paint store,"Access, Breakfast, Brunch, Delivery, Dinner, Drive-through, Happy hours, Kitchen, Lunch, Online operating hours, Pick-up, Takeaway, Hours for the elderly",
gcid:paint_stripping_company,Paint stripping service,"Access, Breakfast, Brunch, Delivery, Dinner, Drive-through, Happy hours, Kitchen, Lunch, Online operating hours, Pick-up, Takeaway, Hours for the elderly",
gcid:paintball_center,Paintball center,"Access, Breakfast, Brunch, Delivery, Dinner, Drive-through, Happy hours, Kitchen, Lunch, Online operating hours, Pick-up, Takeaway, Hours for the elderly",
gcid:paintball_store,Paintball store,"Access, Breakfast, Brunch, Delivery, Dinner, Drive-through, Happy hours, Kitchen, Lunch, Online operating hours, Pick-up, Takeaway, Hours for the elderly",
gcid:painter,Painter,"Access, Breakfast, Brunch, Delivery, Dinner, Drive-through, Happy hours, Kitchen, Lunch, Online operating hours, Pick-up, Takeaway, Hours for the elderly","Deck painting, Drywall painting, Exterior painting, Faux finishes, Furniture painting, Interior painting, Metal painting, Mural painting, Cabinet painting, Door painting, Specialty design painting, Drywall repair, Water damage repair, Roof painting, Siding painting, Spray painting, Wood staining, Wood varnishing, Wallpaper hanging, Wallpaper removal, Wood painting"
gcid:painting,Painting,"Access, Breakfast, Brunch, Delivery, Dinner, Drive-through, Happy hours, Kitchen, Lunch, Online operating hours, Pick-up, Takeaway, Hours for the elderly","Custom painting, Exterior painting, Furniture painting, Interior painting, Metal painting, Cabinet painting, Door painting, Specialty design painting, Drywall repair, Water damage repair, Roof painting, Spray painting, Wood staining, Wood varnishing, Wallpaper hanging, Waterproofing, Wood painting"
gcid:painting_lessons,Painting lessons,"Access, Breakfast, Brunch, Delivery, Dinner, Drive-through, Happy hours, Kitchen, Lunch, Online operating hours, Pick-up, Takeaway, Hours for the elderly",
gcid:painting_studio,Painting studio,"Access, Breakfast, Brunch, Delivery, Dinner, Drive-through, Happy hours, Kitchen, Lunch, Online operating hours, Pick-up, Takeaway, Hours for the elderly",
gcid:paintings_store,Paintings store,"Access, Breakfast, Brunch, Delivery, Dinner, Drive-through, Happy hours, Kitchen, Lunch, Online operating hours, Pick-up, Takeaway, Hours for the elderly",
gcid:paisa_restaurant,Paisa restaurant,"Access, Breakfast, Brunch, Delivery, Dinner, Drive-through, Happy hours, Kitchen, Lunch, Online operating hours, Takeaway, Hours for the elderly",
gcid:pakistani_restaurant,Pakistani restaurant,"Access, Breakfast, Brunch, Delivery, Dinner, Drive-through, Happy hours, Kitchen, Lunch, Online operating hours, Takeaway, Hours for the elderly",
gcid:palatine_restaurant,Palatine restaurant,"Access, Breakfast, Brunch, Delivery, Dinner, Drive-through, Happy hours, Kitchen, Lunch, Online operating hours, Takeaway, Hours for the elderly",
gcid:palestinian_restaurant,Palestinian restaurant,"Access, Breakfast, Brunch, Delivery, Dinner, Drive-through, Happy hours, Kitchen, Lunch, Online operating hours, Takeaway, Hours for the elderly",
gcid:pallet_supplier,Pallet supplier,"Access, Breakfast, Brunch, Delivery, Dinner, Drive-through, Happy hours, Kitchen, Lunch, Online operating hours, Pick-up, Takeaway, Hours for the elderly",
gcid:pan_asian_restaurant,Pan-Asian restaurant,"Access, Breakfast, Brunch, Delivery, Dinner, Drive-through, Happy hours, Kitchen, Lunch, Online operating hours, Takeaway, Hours for the elderly",
gcid:pan_latin_restaurant,Pan-Latin restaurant,"Access, Breakfast, Brunch, Delivery, Dinner, Drive-through, Happy hours, Kitchen, Lunch, Online operating hours, Takeaway, Hours for the elderly",
gcid:pancake_house,Pancake restaurant,"Access, Breakfast, Brunch, Delivery, Dinner, Drive-through, Happy hours, Kitchen, Lunch, Online operating hours, Takeaway, Hours for the elderly",
gcid:panipuri_shop,Panipuri shop,"Access, Breakfast, Brunch, Delivery, Dinner, Drive-through, Happy hours, Kitchen, Lunch, Online operating hours, Pick-up, Takeaway, Hours for the elderly",
gcid:paper_bag_supplier,Paper bag supplier,"Access, Breakfast, Brunch, Delivery, Dinner, Drive-through, Happy hours, Kitchen, Lunch, Online operating hours, Pick-up, Takeaway, Hours for the elderly",
gcid:paper_distributor,Paper distributor,"Access, Breakfast, Brunch, Delivery, Dinner, Drive-through, Happy hours, Kitchen, Lunch, Online operating hours, Pick-up, Takeaway, Hours for the elderly",
gcid:paper_exporter,Paper exporter,"Access, Breakfast, Brunch, Delivery, Dinner, Drive-through, Happy hours, Kitchen, Lunch, Online operating hours, Pick-up, Takeaway, Hours for the elderly",
gcid:paper_mill,Paper mill,"Access, Breakfast, Brunch, Delivery, Dinner, Drive-through, Happy hours, Kitchen, Lunch, Online operating hours, Pick-up, Takeaway, Hours for the elderly",
gcid:paper_shredding_machine_supplier,Paper shredding machine supplier,"Access, Breakfast, Brunch, Delivery, Dinner, Drive-through, Happy hours, Kitchen, Lunch, Online operating hours, Pick-up, Takeaway, Hours for the elderly",
gcid:paper_store,Paper store,"Access, Breakfast, Brunch, Delivery, Dinner, Drive-through, Happy hours, Kitchen, Lunch, Online operating hours, Pick-up, Takeaway, Hours for the elderly",
gcid:paraguayan_restaurant,Paraguayan restaurant,"Access, Breakfast, Brunch, Delivery, Dinner, Drive-through, Happy hours, Kitchen, Lunch, Online operating hours, Takeaway, Hours for the elderly",
gcid:paralegal_services_provider,Paralegal services provider,"Access, Breakfast, Brunch, Delivery, Dinner, Drive-through, Happy hours, Kitchen, Lunch, Online operating hours, Pick-up, Takeaway, Hours for the elderly",
gcid:parapharmacy,Parapharmacy,"Breakfast, Delivery, Dinner, Drive-through, Lunch, Online operating hours, Pick-up, Hours for the elderly",
gcid:parasailing_ride_service,Parasailing ride operator,"Access, Breakfast, Brunch, Delivery, Dinner, Drive-through, Happy hours, Kitchen, Lunch, Online operating hours, Pick-up, Takeaway, Hours for the elderly",
gcid:parish,Parish,"Access, Breakfast, Brunch, Delivery, Dinner, Kitchen, Lunch, Online operating hours, Pick-up, Takeaway, Hours for the elderly, Prayer, Worship service",
gcid:park,Park,"Access, Breakfast, Brunch, Delivery, Dinner, Drive-through, Happy hours, Kitchen, Lunch, Online operating hours, Pick-up, Takeaway, Hours for the elderly",
gcid:park_and_ride,Park & ride,"Access, Breakfast, Brunch, Delivery, Dinner, Drive-through, Happy hours, Kitchen, Lunch, Online operating hours, Pick-up, Takeaway, Hours for the elderly",
gcid:parking_garage,Parking garage,"Access, Breakfast, Brunch, Delivery, Dinner, Drive-through, Happy hours, Kitchen, Lunch, Online operating hours, Pick-up, Takeaway, Hours for the elderly",
gcid:parking_lot,Parking lot,"Access, Breakfast, Brunch, Delivery, Dinner, Drive-through, Happy hours, Kitchen, Lunch, Online operating hours, Pick-up, Takeaway, Hours for the elderly",
gcid:parking_lot_for_bicycles,Parking lot for bicycles,"Access, Breakfast, Brunch, Delivery, Dinner, Drive-through, Happy hours, Kitchen, Lunch, Online operating hours, Pick-up, Takeaway, Hours for the elderly",
gcid:parking_lot_for_motorcycle,Parking lot for motorcycles,"Access, Breakfast, Brunch, Delivery, Dinner, Drive-through, Happy hours, Kitchen, Lunch, Online operating hours, Pick-up, Takeaway, Hours for the elderly",
gcid:parkour_spot,Parkour spot,"Access, Breakfast, Brunch, Delivery, Dinner, Drive-through, Happy hours, Kitchen, Lunch, Online operating hours, Pick-up, Takeaway, Hours for the elderly",
gcid:parochial_school,Parochial school,"Access, Breakfast, Brunch, Delivery, Dinner, Drive-through, Happy hours, Kitchen, Lunch, Online operating hours, Pick-up, Takeaway, Hours for the elderly",
gcid:parsi_restaurant,Parsi restaurant,"Access, Breakfast, Brunch, Delivery, Dinner, Drive-through, Happy hours, Kitchen, Lunch, Online operating hours, Takeaway, Hours for the elderly",
gcid:parsi_temple,Parsi temple,"Access, Breakfast, Brunch, Delivery, Dinner, Kitchen, Lunch, Online operating hours, Pick-up, Takeaway, Hours for the elderly, Prayer",
gcid:party_equipment_rental_service,Party equipment rental service,"Access, Breakfast, Brunch, Delivery, Dinner, Drive-through, Happy hours, Kitchen, Lunch, Online operating hours, Pick-up, Takeaway, Hours for the elderly","A/v equipment, Balloons & helium, Canopies & tents, Children's party planning, Cooling & heating, Dance floors, Event decor design, Delivery, Food & beverage machines, Furniture, Generators, Inflatable kid's attractions rentals, Lighting rental, Linens, Stages, Table & chair rentals"
gcid:party_planner,Party planner,"Access, Breakfast, Brunch, Delivery, Dinner, Drive-through, Happy hours, Kitchen, Lunch, Online operating hours, Pick-up, Takeaway, Hours for the elderly","Anniversary party planning, Baby shower planning, Bachelor party planning, Bachelorette party planning, Bar & bat mitzvah planning, Birthday party planning, Children's party planning, Conference coordination, Conference planning, Corporate and conference, Corporate events, Debutante party planning, Engagement party planning, Graduation planning, Graduation party planning, Princess party planning, Quinceanera, Religious event, Religious event planning, Retirement party planning, School event, School events, Spa party planning, Theme parties, Theme party, Theme party planning, Wedding and engagement, Weddings"
gcid:party_store,Party store,"Access, Breakfast, Brunch, Delivery, Dinner, Drive-through, Happy hours, Kitchen, Lunch, Online operating hours, Pick-up, Takeaway, Hours for the elderly",
gcid:passport_agent,Passport agent,"Access, Breakfast, Brunch, Delivery, Dinner, Drive-through, Happy hours, Kitchen, Lunch, Online operating hours, Pick-up, Takeaway, Hours for the elderly",
gcid:passport_office,Passport office,"Access, Breakfast, Brunch, Delivery, Dinner, Drive-through, Happy hours, Kitchen, Lunch, Online operating hours, Pick-up, Takeaway, Hours for the elderly",
gcid:passport_photo_processor,Passport photo processor,"Access, Breakfast, Brunch, Delivery, Dinner, Drive-through, Happy hours, Kitchen, Lunch, Online operating hours, Pick-up, Takeaway, Hours for the elderly",
gcid:pasta_shop,Pasta shop,"Access, Breakfast, Brunch, Delivery, Dinner, Drive-through, Happy hours, Kitchen, Lunch, Online operating hours, Pick-up, Takeaway, Hours for the elderly",
gcid:pastry_shop,Pastry shop,"Access, Breakfast, Brunch, Delivery, Dinner, Drive-through, Happy hours, Kitchen, Lunch, Online operating hours, Takeaway, Hours for the elderly","Cakes, Delivery"
gcid:patent_attorney,Patent attorney,"Access, Breakfast, Brunch, Delivery, Dinner, Drive-through, Happy hours, Kitchen, Lunch, Online operating hours, Pick-up, Takeaway, Hours for the elderly",
gcid:patent_office,Patent office,"Access, Breakfast, Brunch, Delivery, Dinner, Drive-through, Happy hours, Kitchen, Lunch, Online operating hours, Pick-up, Takeaway, Hours for the elderly",
gcid:paternity_testing_service,Paternity testing service,"Breakfast, Delivery, Dinner, Drive-through, Lunch, Online operating hours, Pick-up, Hours for the elderly",
gcid:pathologist,Pathologist,"Breakfast, Delivery, Dinner, Drive-through, Lunch, Online operating hours, Pick-up, Hours for the elderly",
gcid:patients_support_association,Patients support association,"Access, Breakfast, Brunch, Delivery, Dinner, Drive-through, Happy hours, Kitchen, Lunch, Online operating hours, Pick-up, Takeaway, Hours for the elderly",
gcid:patio_enclosure_supplier,Patio enclosure supplier,"Access, Breakfast, Brunch, Delivery, Dinner, Drive-through, Happy hours, Kitchen, Lunch, Online operating hours, Pick-up, Takeaway, Hours for the elderly",
gcid:patisserie,Patisserie,"Access, Breakfast, Brunch, Delivery, Dinner, Drive-through, Happy hours, Kitchen, Lunch, Online operating hours, Takeaway, Hours for the elderly",
gcid:paving_contractor,Paving contractor,"Access, Breakfast, Brunch, Delivery, Dinner, Drive-through, Happy hours, Kitchen, Lunch, Online operating hours, Pick-up, Takeaway, Hours for the elderly","Asphalt milling, Asphalt paving & repair, Asphalt recycling, Asphalt resurfacing, Brick paver installation, Bumper block & post installation, Concrete work, General construction, Pavement crack filling & sealing, Paving-related drainage, Driveway installation, Driveway repairs, Driveway replacement, Driveway sealing, Excavation & grading, Hardscaping, Hauling, Paving line striping, Parking lot repair & maintenance, Parking lot striping, Patio paving, Paver installation, Paver sealing, Road materials recycling, Road construction, Sealcoating, Paving job site preparation, Street maintenance"
gcid:paving_materials_supplier,Paving materials supplier,"Access, Breakfast, Brunch, Delivery, Dinner, Drive-through, Happy hours, Kitchen, Lunch, Online operating hours, Pick-up, Takeaway, Hours for the elderly",
gcid:pawn_shop,Pawn shop,"Breakfast, Dinner, Drive-through, Lunch, Online operating hours, Hours for the elderly",
gcid:pay_by_weight_restaurant,Pay by weight restaurant,"Access, Breakfast, Brunch, Delivery, Dinner, Drive-through, Happy hours, Kitchen, Lunch, Online operating hours, Takeaway, Hours for the elderly",
gcid:payment_terminal,Payment terminal,"Access, Breakfast, Brunch, Delivery, Dinner, Drive-through, Happy hours, Kitchen, Lunch, Online operating hours, Pick-up, Takeaway, Hours for the elderly",
gcid:payroll_service,Payroll service,"Breakfast, Dinner, Drive-through, Lunch, Online operating hours, Hours for the elderly",
gcid:pecel_lele_restaurant,Pecel lele restaurant,"Access, Breakfast, Brunch, Delivery, Dinner, Drive-through, Happy hours, Kitchen, Lunch, Online operating hours, Takeaway, Hours for the elderly",
gcid:pedestrian_zone,Pedestrian zone,"Access, Breakfast, Brunch, Delivery, Dinner, Drive-through, Happy hours, Kitchen, Lunch, Online operating hours, Pick-up, Takeaway, Hours for the elderly",
gcid:pediatric_cardiologist,Pediatric cardiologist,"Breakfast, Delivery, Dinner, Drive-through, Lunch, Online operating hours, Pick-up, Hours for the elderly",
gcid:pediatric_clinic,Pediatric clinic,"Breakfast, Delivery, Dinner, Drive-through, Lunch, Online operating hours, Pick-up, Hours for the elderly",
gcid:pediatric_dentist,Pediatric dentist,"Breakfast, Delivery, Dinner, Drive-through, Lunch, Online operating hours, Pick-up, Hours for the elderly",Teeth whitening
gcid:pediatric_dermatologist,Pediatric dermatologist,"Breakfast, Delivery, Dinner, Drive-through, Lunch, Online operating hours, Pick-up, Hours for the elderly",
gcid:pediatric_endocrinologist,Pediatric endocrinologist,"Breakfast, Delivery, Dinner, Drive-through, Lunch, Online operating hours, Pick-up, Hours for the elderly",
gcid:pediatric_gastroenterologist,Pediatric gastroenterologist,"Breakfast, Delivery, Dinner, Drive-through, Lunch, Online operating hours, Pick-up, Hours for the elderly",
gcid:pediatric_hematologist,Pediatric hematologist,"Breakfast, Delivery, Dinner, Drive-through, Lunch, Online operating hours, Pick-up, Hours for the elderly",
gcid:pediatric_nephrologist,Pediatric nephrologist,"Breakfast, Delivery, Dinner, Drive-through, Lunch, Online operating hours, Pick-up, Hours for the elderly",
gcid:pediatric_neurologist,Pediatric neurologist,"Breakfast, Delivery, Dinner, Drive-through, Lunch, Online operating hours, Pick-up, Hours for the elderly",
gcid:pediatric_oncologist,Pediatric oncologist,"Breakfast, Delivery, Dinner, Drive-through, Lunch, Online operating hours, Pick-up, Hours for the elderly",
gcid:pediatric_ophthalmologist,Pediatric ophthalmologist,"Breakfast, Delivery, Dinner, Drive-through, Lunch, Online operating hours, Pick-up, Hours for the elderly",
gcid:pediatric_orthopedic_surgeon,Pediatric orthopedic surgeon,"Breakfast, Delivery, Dinner, Drive-through, Lunch, Online operating hours, Pick-up, Hours for the elderly",
gcid:pediatric_pulmonologist,Pediatric pulmonologist,"Breakfast, Delivery, Dinner, Drive-through, Lunch, Online operating hours, Pick-up, Hours for the elderly",
gcid:pediatric_rheumatologist,Pediatric rheumatologist,"Breakfast, Delivery, Dinner, Drive-through, Lunch, Online operating hours, Pick-up, Hours for the elderly",
gcid:pediatric_surgeon,Pediatric surgeon,"Breakfast, Delivery, Dinner, Drive-through, Lunch, Online operating hours, Pick-up, Hours for the elderly",
gcid:pediatric_urologist,Pediatric urologist,"Breakfast, Delivery, Dinner, Drive-through, Lunch, Online operating hours, Pick-up, Hours for the elderly",
gcid:pediatrician,Pediatrician,"Breakfast, Delivery, Dinner, Drive-through, Lunch, Online operating hours, Pick-up, Hours for the elderly",
gcid:pedorthist,Pedorthist,"Breakfast, Delivery, Dinner, Drive-through, Lunch, Online operating hours, Pick-up, Hours for the elderly",
gcid:pempek_restaurant,Pempek restaurant,"Access, Breakfast, Brunch, Delivery, Dinner, Drive-through, Happy hours, Kitchen, Lunch, Online operating hours, Takeaway, Hours for the elderly",
gcid:pen_store,Pen store,"Access, Breakfast, Brunch, Delivery, Dinner, Drive-through, Happy hours, Kitchen, Lunch, Online operating hours, Pick-up, Takeaway, Hours for the elderly",
gcid:pennsylvania_dutch_restaurant,Pennsylvania Dutch restaurant,"Access, Breakfast, Brunch, Delivery, Dinner, Drive-through, Happy hours, Kitchen, Lunch, Online operating hours, Takeaway, Hours for the elderly",
gcid:pension_office,Pension office,"Access, Breakfast, Brunch, Delivery, Dinner, Drive-through, Happy hours, Kitchen, Lunch, Online operating hours, Pick-up, Takeaway, Hours for the elderly",
gcid:pentecostal_church,Pentecostal church,"Access, Breakfast, Brunch, Delivery, Dinner, Kitchen, Lunch, Online operating hours, Pick-up, Takeaway, Hours for the elderly, Prayer, Worship service",
gcid:performing_arts_group,Performing arts group,"Access, Breakfast, Brunch, Delivery, Dinner, Drive-through, Happy hours, Kitchen, Lunch, Online operating hours, Pick-up, Takeaway, Hours for the elderly",
gcid:performing_arts_theater,Performing arts theater,"Access, Breakfast, Brunch, Delivery, Dinner, Drive-through, Happy hours, Kitchen, Lunch, Online operating hours, Pick-up, Takeaway, Hours for the elderly",
gcid:perfume_store,Perfume store,"Access, Breakfast, Brunch, Delivery, Dinner, Drive-through, Happy hours, Kitchen, Lunch, Online operating hours, Pick-up, Takeaway, Hours for the elderly",
gcid:perinatal_center,Perinatal center,"Breakfast, Delivery, Dinner, Drive-through, Lunch, Online operating hours, Pick-up, Hours for the elderly",
gcid:periodontist,Periodontist,"Breakfast, Delivery, Dinner, Drive-through, Lunch, Online operating hours, Pick-up, Hours for the elderly",
gcid:permanent_make_up_clinic,Permanent make-up clinic,"Access, Breakfast, Brunch, Delivery, Dinner, Drive-through, Happy hours, Kitchen, Lunch, Online operating hours, Pick-up, Takeaway, Hours for the elderly","BOTOX treatments, Dermaplaning, Eyebrow embroidery, Eyebrow tattooing, Eyebrow tinting, Eyebrows, Eyelash enhancements, Eyeliners, Hair extensions, Lash perming, Lash tattooing, Lip blushing, Lip fillers, Permanent lip makeup, Medical micropigmentation, Microblading, Microshading, Nanoblading, Nipple coloring, Ombre eyebrow styling, Permanent eyeliner, Powder brow styling, Scalp micropigmentation, Scar camouflage, Permanent makeup touch-ups"
gcid:persian_restaurant,Persian restaurant,"Access, Breakfast, Brunch, Delivery, Dinner, Drive-through, Happy hours, Kitchen, Lunch, Online operating hours, Takeaway, Hours for the elderly",
gcid:personal_chef_service,Personal chef service,"Access, Breakfast, Brunch, Delivery, Dinner, Drive-through, Happy hours, Kitchen, Lunch, Online operating hours, Pick-up, Takeaway, Hours for the elderly",
gcid:personal_concierge_service,Personal concierge service,"Access, Breakfast, Brunch, Delivery, Dinner, Drive-through, Happy hours, Kitchen, Lunch, Online operating hours, Pick-up, Takeaway, Hours for the elderly",
gcid:personal_injury_lawyer,Personal injury attorney,"Access, Breakfast, Brunch, Delivery, Dinner, Drive-through, Happy hours, Kitchen, Lunch, Online operating hours, Pick-up, Takeaway, Hours for the elderly","Assault & battery injury litigation, Auto accident litigation, Bicycle accident litigation, Catastrophic injury litigation, Dental malpractice litigation, Dog bite injury litigation, DUI injury litigation, Medical malpractice litigation, Motorcycle accident litigation, Motorist insurance claims litigation, Pain & suffering litigation, Pedestrian accident litigation, Product liability litigation, Property damage litigation, Slip & fall injury litigation, Truck accident litigation, Workers' compensation litigation, Wrongful death litigation"
gcid:personal_trainer,Personal trainer,"Breakfast, Delivery, Dinner, Drive-through, Lunch, Online operating hours, Pick-up, Hours for the elderly","Boxing, Delivery, Nutrition consulting, Swimming"
gcid:personal_watercraft_dealer,Personal watercraft dealer,"Access, Breakfast, Brunch, Delivery, Dinner, Drive-through, Happy hours, Kitchen, Lunch, Online operating hours, Pick-up, Takeaway, Hours for the elderly",
gcid:peruvian_restaurant,Peruvian restaurant,"Access, Breakfast, Brunch, Delivery, Dinner, Drive-through, Happy hours, Kitchen, Lunch, Online operating hours, Takeaway, Hours for the elderly",
gcid:pest_control_service,Pest control service,"Access, Breakfast, Brunch, Delivery, Dinner, Drive-through, Happy hours, Kitchen, Lunch, Online operating hours, Pick-up, Takeaway, Hours for the elderly","Ant extermination, Bat extermination, Bed bug extermination, Bee extermination, Bug & insect extermination, Cockroach extermination, Flea & mite extermination, Home inspection, Hornet & wasp extermination, Mosquito extermination, General pest inspection, Rodent extermination, Spider extermination, Termite inspection, Termite extermination, General wildlife removal"
gcid:pet_adoption_service,Pet adoption service,"Access, Breakfast, Brunch, Delivery, Dinner, Drive-through, Happy hours, Kitchen, Lunch, Online operating hours, Pick-up, Takeaway, Hours for the elderly",
gcid:pet_boarding_service,Pet boarding service,"Access, Breakfast, Brunch, Delivery, Dinner, Drive-through, Happy hours, Kitchen, Lunch, Online operating hours, Pick-up, Takeaway, Hours for the elderly","Cat boarding, Cat grooming, Cat sitting (in-home), Dog boarding, Dog boarding with training, Dog daycare, Dog grooming, Dog sitting (in-home), Dog walking, Other pet boarding, Other pet daycare, Other pet grooming, Other pet sitting (in-home)"
gcid:pet_cemetery,Pet cemetery,"Access, Breakfast, Brunch, Delivery, Dinner, Drive-through, Happy hours, Kitchen, Lunch, Online operating hours, Pick-up, Takeaway, Hours for the elderly",
gcid:pet_food_and_animal_feeds,Pet food and animal feeds,"Access, Breakfast, Brunch, Delivery, Dinner, Drive-through, Happy hours, Kitchen, Lunch, Online operating hours, Pick-up, Takeaway, Hours for the elderly",
gcid:pet_funeral_services,Pet funeral service,"Access, Breakfast, Brunch, Delivery, Dinner, Drive-through, Happy hours, Kitchen, Lunch, Online operating hours, Pick-up, Takeaway, Hours for the elderly",
gcid:pet_groomer,Pet groomer,"Access, Breakfast, Brunch, Delivery, Dinner, Drive-through, Happy hours, Kitchen, Lunch, Online operating hours, Pick-up, Takeaway, Hours for the elderly","Cat bathing, Cat ear cleaning, Cat grooming, Cat grooming and styling, Cat nail trimming, Dog anal gland expression, Dog bathing and blow dry, Dog ear cleaning, Dog flea and tick treatment, Dog full service grooming, Dog grooming, Dog grooming and styling, Dog nail trimming, Dog teeth brushing"
gcid:pet_microchip_scanning_station,Pet microchip scanning station,"Access, Breakfast, Brunch, Delivery, Dinner, Drive-through, Happy hours, Kitchen, Lunch, Online operating hours, Pick-up, Takeaway, Hours for the elderly",
gcid:pet_moving_service,Pet moving service,"Access, Breakfast, Brunch, Delivery, Dinner, Drive-through, Happy hours, Kitchen, Lunch, Online operating hours, Pick-up, Takeaway, Hours for the elderly",
gcid:pet_sitter,Pet sitter,"Access, Breakfast, Brunch, Delivery, Dinner, Drive-through, Happy hours, Kitchen, Lunch, Online operating hours, Pick-up, Takeaway, Hours for the elderly","Cat boarding, Cat grooming, Cat sitting (in-home), Dog boarding, Dog boarding with training, Dog daycare, Dog grooming, Dog sitting (in-home), Dog training, Dog walking, Other pet boarding, Other pet daycare, Other pet grooming, Other pet sitting (in-home)"
gcid:pet_store,Pet store,"Access, Breakfast, Brunch, Delivery, Dinner, Drive-through, Happy hours, Kitchen, Lunch, Online operating hours, Pick-up, Takeaway, Hours for the elderly",
gcid:pet_supply_store,Pet supply store,"Access, Breakfast, Brunch, Delivery, Dinner, Drive-through, Happy hours, Kitchen, Lunch, Online operating hours, Pick-up, Takeaway, Hours for the elderly",
gcid:pet_trainer,Pet trainer,"Access, Breakfast, Brunch, Delivery, Dinner, Drive-through, Happy hours, Kitchen, Lunch, Online operating hours, Pick-up, Takeaway, Hours for the elderly",
gcid:petrochemical_engineer,Petrochemical engineering service,"Access, Breakfast, Brunch, Delivery, Dinner, Drive-through, Happy hours, Kitchen, Lunch, Online operating hours, Pick-up, Takeaway, Hours for the elderly",
gcid:petroleum_products_company,Petroleum products company,"Access, Breakfast, Brunch, Delivery, Dinner, Drive-through, Happy hours, Kitchen, Lunch, Online operating hours, Pick-up, Takeaway, Hours for the elderly",
gcid:peugeot_dealer,Peugeot dealer,"Access, Breakfast, Brunch, Delivery, Dinner, Drive-through, Happy hours, Kitchen, Lunch, Online operating hours, Pick-up, Takeaway, Hours for the elderly",
gcid:pharmaceutical_company,Pharmaceutical company,"Breakfast, Delivery, Dinner, Drive-through, Lunch, Online operating hours, Pick-up, Hours for the elderly",
gcid:pharmaceutical_lab,Pharmaceutical lab,"Access, Breakfast, Brunch, Delivery, Dinner, Drive-through, Happy hours, Kitchen, Lunch, Online operating hours, Pick-up, Takeaway, Hours for the elderly",
gcid:pharmaceutical_products_wholesaler,Pharmaceutical products wholesaler,"Breakfast, Delivery, Dinner, Drive-through, Lunch, Online operating hours, Pick-up, Hours for the elderly",
gcid:pharmacy,Pharmacy,"Breakfast, Delivery, Dinner, Drive-through, Lunch, Online operating hours, Pick-up, Hours for the elderly",Delivery
gcid:philharmonic_hall,Philharmonic hall,"Access, Breakfast, Brunch, Delivery, Dinner, Drive-through, Happy hours, Kitchen, Lunch, Online operating hours, Pick-up, Takeaway, Hours for the elderly",
gcid:pho_restaurant,Pho restaurant,"Access, Breakfast, Brunch, Delivery, Dinner, Drive-through, Happy hours, Kitchen, Lunch, Online operating hours, Takeaway, Hours for the elderly",
gcid:phone_repair_service,Phone repair service,"Access, Breakfast, Brunch, Delivery, Dinner, Drive-through, Happy hours, Kitchen, Lunch, Online operating hours, Pick-up, Takeaway, Hours for the elderly","Battery replacement, Camera repair, Case repair, Charge port repair, Diagnostic scan, Microphone/speaker repair, Power button repair, Screen repair/replacement, Software problems, Tablet repair, Water damage repair"
gcid:photo_agency,Photo agency,"Access, Breakfast, Brunch, Delivery, Dinner, Drive-through, Happy hours, Kitchen, Lunch, Online operating hours, Pick-up, Takeaway, Hours for the elderly",
gcid:photo_booth,Photo booth,"Access, Breakfast, Brunch, Delivery, Dinner, Drive-through, Happy hours, Kitchen, Lunch, Online operating hours, Pick-up, Takeaway, Hours for the elderly",
gcid:photo_lab,Photo lab,"Access, Breakfast, Brunch, Delivery, Dinner, Drive-through, Happy hours, Kitchen, Lunch, Online operating hours, Pick-up, Takeaway, Hours for the elderly","Digital printing, Posters"
gcid:photo_restoration_service,Photo restoration service,"Access, Breakfast, Brunch, Delivery, Dinner, Drive-through, Happy hours, Kitchen, Lunch, Online operating hours, Pick-up, Takeaway, Hours for the elderly",
gcid:photo_shop,Photo shop,"Access, Breakfast, Brunch, Delivery, Dinner, Drive-through, Happy hours, Kitchen, Lunch, Online operating hours, Pick-up, Takeaway, Hours for the elderly",
gcid:photographer,Photographer,"Access, Breakfast, Brunch, Delivery, Dinner, Drive-through, Happy hours, Kitchen, Lunch, Online operating hours, Pick-up, Takeaway, Hours for the elderly","Baby photography, Boudoir photography, Commercial photography, Corporate photography, Delivery, Events and parties, Family and group, Food photography, Group photography, Headshot photography, Headshots and portraits, Individual photography, Maternity and newborn, Newborn photography, Party photography, Pet photography, Portrait photography, Product, Real estate photography, School portraits, Senior class photography, Wedding and engagement, Weddings"
gcid:photography_class,Photography class,"Access, Breakfast, Brunch, Delivery, Dinner, Drive-through, Happy hours, Kitchen, Lunch, Online operating hours, Pick-up, Takeaway, Hours for the elderly",
gcid:photography_school,Photography school,"Access, Breakfast, Brunch, Delivery, Dinner, Drive-through, Happy hours, Kitchen, Lunch, Online operating hours, Pick-up, Takeaway, Hours for the elderly",
gcid:photography_service,Photography service,"Access, Breakfast, Brunch, Delivery, Dinner, Drive-through, Happy hours, Kitchen, Lunch, Online operating hours, Pick-up, Takeaway, Hours for the elderly","Aerial photography, Boudoir photography, Commercial photography, Corporate photography, Digital printing, Events and parties, Family and group, Fashion photography, Group photography, Headshot photography, Headshots and portraits, Individual photography, Maternity and newborn, Newborn photography, Party photography, Passport photography, Pet photography, Photo booth rentals, Photo restoration, Portrait photography, Product, Real estate photography, School portraits, Sports photography, Wedding and engagement"
gcid:photography_studio,Photography studio,"Access, Breakfast, Brunch, Delivery, Dinner, Drive-through, Happy hours, Kitchen, Lunch, Online operating hours, Pick-up, Takeaway, Hours for the elderly","Animal photography, Baby photography, Black-and-white photography, Boudoir photography, Bridal photography, Children's photography, Commercial photography, Corporate photography, Couples photography, Events and parties, Family and group, Fine art photography, Glamour photography, Graduation photography, Group photography, Headshot photography, Headshots and portraits, Home service, Individual photography, Maternity and newborn, Model book photography, Newborn photography, Passport photography, Photo albums, Photo enlargements, Photo framing, Photo printing, Photo restoration, Portrait photography, Product, Real estate photography, Photo retouching, School portraits, Senior class photography, Studio rental, Videography services, Wedding and engagement"
gcid:physiatrist,Physiatrist,"Breakfast, Delivery, Dinner, Drive-through, Lunch, Online operating hours, Pick-up, Hours for the elderly",
gcid:physical_examination_center,Physical examination center,"Breakfast, Delivery, Dinner, Drive-through, Lunch, Online operating hours, Pick-up, Hours for the elderly",
gcid:physical_fitness_program,Physical fitness program,"Breakfast, Delivery, Dinner, Drive-through, Lunch, Online operating hours, Pick-up, Hours for the elderly","Aerobics, Cycling, Jazzercise, Kickboxing, Nutrition consulting, Personal training, Private lessons, Youth classes, Zumba"
gcid:physical_rehabilitation_center,Physical rehabilitation center,"Breakfast, Delivery, Dinner, Drive-through, Lunch, Online operating hours, Pick-up, Hours for the elderly",
gcid:physician_assistant,Physician assistant,"Breakfast, Delivery, Dinner, Drive-through, Lunch, Online operating hours, Pick-up, Hours for the elderly",
gcid:physician_referral_service,Physician referral service,"Access, Breakfast, Brunch, Delivery, Dinner, Drive-through, Happy hours, Kitchen, Lunch, Online operating hours, Pick-up, Takeaway, Hours for the elderly",
gcid:physiotherapist,Physical therapist,"Breakfast, Delivery, Dinner, Drive-through, Lunch, Online operating hours, Pick-up, Hours for the elderly",Hydrotherapy training
gcid:physiotherapy_center,Physical therapy clinic,"Breakfast, Delivery, Dinner, Drive-through, Lunch, Online operating hours, Pick-up, Hours for the elderly",Hydrotherapy training
gcid:physiotherapy_equip_supplier,Physiotherapy equipment supplier,"Breakfast, Delivery, Dinner, Drive-through, Lunch, Online operating hours, Pick-up, Hours for the elderly",
gcid:piadina_restaurant,Piadina restaurant,"Access, Breakfast, Brunch, Delivery, Dinner, Drive-through, Happy hours, Kitchen, Lunch, Online operating hours, Takeaway, Hours for the elderly",
gcid:piano_bar,Piano bar,"Access, Breakfast, Brunch, Delivery, Dinner, Drive-through, Happy hours, Kitchen, Lunch, Online operating hours, Takeaway, Hours for the elderly",
gcid:piano_instructor,Piano instructor,"Access, Breakfast, Brunch, Delivery, Dinner, Drive-through, Happy hours, Kitchen, Lunch, Online operating hours, Pick-up, Takeaway, Hours for the elderly",
gcid:piano_maker,Piano maker,"Access, Breakfast, Brunch, Delivery, Dinner, Drive-through, Happy hours, Kitchen, Lunch, Online operating hours, Pick-up, Takeaway, Hours for the elderly",
gcid:piano_moving_service,Piano moving service,"Access, Breakfast, Brunch, Delivery, Dinner, Drive-through, Happy hours, Kitchen, Lunch, Online operating hours, Pick-up, Takeaway, Hours for the elderly","In-state moving, Local moving, Moving-related junk removal, Moving-related storage, Interstate moving, Oversized-item moving, Moving-related packing, Senior moving, Vehicle transport"
gcid:piano_repair_service,Piano repair service,"Access, Breakfast, Brunch, Delivery, Dinner, Drive-through, Happy hours, Kitchen, Lunch, Online operating hours, Pick-up, Takeaway, Hours for the elderly",
gcid:piano_store,Piano store,"Access, Breakfast, Brunch, Delivery, Dinner, Drive-through, Happy hours, Kitchen, Lunch, Online operating hours, Pick-up, Takeaway, Hours for the elderly",
gcid:piano_tuning_and_repair_service,Piano tuning and repair service,"Access, Breakfast, Brunch, Delivery, Dinner, Drive-through, Happy hours, Kitchen, Lunch, Online operating hours, Pick-up, Takeaway, Hours for the elderly",
gcid:piano_tuning_service,Piano tuning service,"Access, Breakfast, Brunch, Delivery, Dinner, Drive-through, Happy hours, Kitchen, Lunch, Online operating hours, Pick-up, Takeaway, Hours for the elderly",
gcid:pick_your_own_farm_produce,Pick your own farm produce,"Access, Breakfast, Brunch, Delivery, Dinner, Drive-through, Happy hours, Kitchen, Lunch, Online operating hours, Pick-up, Takeaway, Hours for the elderly",
gcid:pickleball_court,Pickleball court,"Access, Breakfast, Brunch, Delivery, Dinner, Drive-through, Happy hours, Kitchen, Lunch, Online operating hours, Pick-up, Takeaway, Hours for the elderly",
gcid:pickleball_instructor,Pickleball instructor,"Access, Breakfast, Brunch, Delivery, Dinner, Drive-through, Happy hours, Kitchen, Lunch, Online operating hours, Pick-up, Takeaway, Hours for the elderly",
gcid:picnic_ground,Picnic ground,"Access, Breakfast, Brunch, Delivery, Dinner, Drive-through, Happy hours, Kitchen, Lunch, Online operating hours, Pick-up, Takeaway, Hours for the elderly",
gcid:picture_frame_shop,Picture frame shop,"Access, Breakfast, Brunch, Delivery, Dinner, Drive-through, Happy hours, Kitchen, Lunch, Online operating hours, Pick-up, Takeaway, Hours for the elderly",
gcid:pie_shop,Pie shop,"Access, Breakfast, Brunch, Delivery, Dinner, Drive-through, Happy hours, Kitchen, Lunch, Online operating hours, Takeaway, Hours for the elderly",
gcid:piedmontese_restaurant,Piedmontese restaurant,"Access, Breakfast, Brunch, Delivery, Dinner, Drive-through, Happy hours, Kitchen, Lunch, Online operating hours, Takeaway, Hours for the elderly",
gcid:pig_farm,Pig farm,"Access, Breakfast, Brunch, Delivery, Dinner, Drive-through, Happy hours, Kitchen, Lunch, Online operating hours, Pick-up, Takeaway, Hours for the elderly",
gcid:pilaf_restaurant,Pilaf restaurant,"Access, Breakfast, Brunch, Delivery, Dinner, Drive-through, Happy hours, Kitchen, Lunch, Online operating hours, Takeaway, Hours for the elderly",
gcid:pilates_studio,Pilates studio,"Breakfast, Delivery, Dinner, Drive-through, Lunch, Online operating hours, Pick-up, Hours for the elderly",
gcid:pile_driver,Pile driving service,"Access, Breakfast, Brunch, Delivery, Dinner, Drive-through, Happy hours, Kitchen, Lunch, Online operating hours, Pick-up, Takeaway, Hours for the elderly",
gcid:pilgrim_hostel,Pilgrim hostel,"Access, Breakfast, Brunch, Delivery, Dinner, Drive-through, Happy hours, Kitchen, Lunch, Online operating hours, Pick-up, Takeaway, Hours for the elderly",
gcid:pilgrimages_place,Pilgrimage place,"Access, Breakfast, Brunch, Delivery, Dinner, Kitchen, Lunch, Online operating hours, Pick-up, Takeaway, Hours for the elderly, Prayer",
gcid:pinatas_supplier,Piñatas supplier,"Access, Breakfast, Brunch, Delivery, Dinner, Drive-through, Happy hours, Kitchen, Lunch, Online operating hours, Pick-up, Takeaway, Hours for the elderly",
gcid:pinball_machine_supplier,Pinball machine supplier,"Access, Breakfast, Brunch, Delivery, Dinner, Drive-through, Happy hours, Kitchen, Lunch, Online operating hours, Pick-up, Takeaway, Hours for the elderly",
gcid:pine_furniture_shop,Pine furniture shop,"Access, Breakfast, Brunch, Delivery, Dinner, Drive-through, Happy hours, Kitchen, Lunch, Online operating hours, Pick-up, Takeaway, Hours for the elderly",
gcid:pipe_supplier,Pipe supplier,"Access, Breakfast, Brunch, Delivery, Dinner, Drive-through, Happy hours, Kitchen, Lunch, Online operating hours, Pick-up, Takeaway, Hours for the elderly",
gcid:pitch_and_putt_course,Pitch and putt course,"Access, Breakfast, Brunch, Delivery, Dinner, Drive-through, Happy hours, Kitchen, Lunch, Online operating hours, Pick-up, Takeaway, Hours for the elderly",
gcid:pizza_delivery_service,Pizza delivery,"Access, Breakfast, Brunch, Delivery, Dinner, Drive-through, Happy hours, Kitchen, Lunch, Online operating hours, Takeaway, Hours for the elderly",
gcid:pizza_restaurant,Pizza restaurant,"Access, Breakfast, Brunch, Delivery, Dinner, Drive-through, Happy hours, Kitchen, Lunch, Online operating hours, Takeaway, Hours for the elderly",
gcid:pizzatakeaway,Pizza takeaway,"Access, Breakfast, Brunch, Delivery, Dinner, Drive-through, Happy hours, Kitchen, Lunch, Online operating hours, Takeaway, Hours for the elderly",
gcid:place_of_worship,Place of worship,"Access, Breakfast, Brunch, Delivery, Dinner, Kitchen, Lunch, Online operating hours, Pick-up, Takeaway, Hours for the elderly, Prayer",
gcid:planetarium,Planetarium,"Access, Breakfast, Brunch, Delivery, Dinner, Drive-through, Happy hours, Kitchen, Lunch, Online operating hours, Pick-up, Takeaway, Hours for the elderly",
gcid:plant_and_machinery_hire,Plant and machinery hire,"Access, Breakfast, Brunch, Delivery, Dinner, Drive-through, Happy hours, Kitchen, Lunch, Online operating hours, Pick-up, Takeaway, Hours for the elderly",
gcid:plant_nursery,Plant nursery,"Access, Breakfast, Brunch, Delivery, Dinner, Drive-through, Happy hours, Kitchen, Lunch, Online operating hours, Pick-up, Takeaway, Hours for the elderly",Installation
gcid:plast_window_store,Plast window store,"Access, Breakfast, Brunch, Delivery, Dinner, Drive-through, Happy hours, Kitchen, Lunch, Online operating hours, Pick-up, Takeaway, Hours for the elderly",
gcid:plaster_contractor,Plasterer,"Access, Breakfast, Brunch, Delivery, Dinner, Drive-through, Happy hours, Kitchen, Lunch, Online operating hours, Pick-up, Takeaway, Hours for the elderly",
gcid:plastic_bag_supplier,Plastic bag supplier,"Access, Breakfast, Brunch, Delivery, Dinner, Drive-through, Happy hours, Kitchen, Lunch, Online operating hours, Pick-up, Takeaway, Hours for the elderly",
gcid:plastic_bags_wholesaler,Plastic bags wholesaler,"Access, Breakfast, Brunch, Delivery, Dinner, Drive-through, Happy hours, Kitchen, Lunch, Online operating hours, Pick-up, Takeaway, Hours for the elderly",
gcid:plastic_fabrication_company,Plastic fabrication company,"Access, Breakfast, Brunch, Delivery, Dinner, Drive-through, Happy hours, Kitchen, Lunch, Online operating hours, Pick-up, Takeaway, Hours for the elderly",
gcid:plastic_injection_molding_service,Plastic injection molding service,"Access, Breakfast, Brunch, Delivery, Dinner, Drive-through, Happy hours, Kitchen, Lunch, Online operating hours, Pick-up, Takeaway, Hours for the elderly",
gcid:plastic_products_supplier,Plastic products supplier,"Access, Breakfast, Brunch, Delivery, Dinner, Drive-through, Happy hours, Kitchen, Lunch, Online operating hours, Pick-up, Takeaway, Hours for the elderly",
gcid:plastic_resin_manufacturer,Plastic resin manufacturer,"Access, Breakfast, Brunch, Delivery, Dinner, Drive-through, Happy hours, Kitchen, Lunch, Online operating hours, Pick-up, Takeaway, Hours for the elderly",
gcid:plastic_surgeon,Plastic surgeon,"Breakfast, Delivery, Dinner, Drive-through, Lunch, Online operating hours, Pick-up, Hours for the elderly",
gcid:plastic_surgery_clinic,Plastic surgery clinic,"Access, Breakfast, Brunch, Delivery, Dinner, Drive-through, Happy hours, Kitchen, Lunch, Online operating hours, Pick-up, Takeaway, Hours for the elderly",
gcid:plastic_wholesaler,Plastic products wholesaler,"Access, Breakfast, Brunch, Delivery, Dinner, Drive-through, Happy hours, Kitchen, Lunch, Online operating hours, Pick-up, Takeaway, Hours for the elderly",
gcid:plating_service,Plating service,"Access, Breakfast, Brunch, Delivery, Dinner, Drive-through, Happy hours, Kitchen, Lunch, Online operating hours, Pick-up, Takeaway, Hours for the elderly",
gcid:playground,Playground,"Access, Breakfast, Brunch, Delivery, Dinner, Drive-through, Happy hours, Kitchen, Lunch, Online operating hours, Pick-up, Takeaway, Hours for the elderly",
gcid:playground_equipment_supplier,Playground equipment supplier,"Access, Breakfast, Brunch, Delivery, Dinner, Drive-through, Happy hours, Kitchen, Lunch, Online operating hours, Pick-up, Takeaway, Hours for the elderly",
gcid:playgroup,Playgroup,"Access, Breakfast, Brunch, Delivery, Dinner, Drive-through, Happy hours, Kitchen, Lunch, Online operating hours, Pick-up, Takeaway, Hours for the elderly",
gcid:plumber,Plumber,"Access, Breakfast, Brunch, Delivery, Dinner, Drive-through, Happy hours, Kitchen, Lunch, Online operating hours, Pick-up, Takeaway, Hours for the elderly","Plumbing leak detection, Faucet installation, Garbage disposal installation, Shower installation, Toilet installation, Water heater installation, Plumbing leak repair, Pool plumbing repair, Faucet repair, Garbage disposal repair, Outdoor plumbing system repair, Plumbing pipe repair, Sewer repair, Shower repair, Toilet repair, Water heater repair, Sewer cleaning, Sump pump installation, Sump pump repair, Drain cleaning, Water tank installation, Water tank repair"
gcid:plumbing_supply_store,Plumbing supply store,"Access, Breakfast, Brunch, Delivery, Dinner, Drive-through, Happy hours, Kitchen, Lunch, Online operating hours, Pick-up, Takeaway, Hours for the elderly",
gcid:plus_size_clothing_store,Plus size clothing store,"Access, Breakfast, Brunch, Delivery, Dinner, Drive-through, Happy hours, Kitchen, Lunch, Online operating hours, Pick-up, Takeaway, Hours for the elderly",
gcid:plywood_supplier,Plywood supplier,"Access, Breakfast, Brunch, Delivery, Dinner, Drive-through, Happy hours, Kitchen, Lunch, Online operating hours, Pick-up, Takeaway, Hours for the elderly",
gcid:pneumatic_tools_supplier,Pneumatic tools supplier,"Access, Breakfast, Brunch, Delivery, Dinner, Drive-through, Happy hours, Kitchen, Lunch, Online operating hours, Pick-up, Takeaway, Hours for the elderly",
gcid:po_boys_restaurant,Po’ boys restaurant,"Access, Breakfast, Brunch, Delivery, Dinner, Drive-through, Happy hours, Kitchen, Lunch, Online operating hours, Takeaway, Hours for the elderly",
gcid:podiatrist,Podiatrist,"Breakfast, Delivery, Dinner, Drive-through, Lunch, Online operating hours, Pick-up, Hours for the elderly",
gcid:poke_bar,Poke bar,"Access, Breakfast, Brunch, Delivery, Dinner, Drive-through, Happy hours, Kitchen, Lunch, Online operating hours, Takeaway, Hours for the elderly",
gcid:police_academy,Police academy,"Access, Breakfast, Brunch, Delivery, Dinner, Drive-through, Happy hours, Kitchen, Lunch, Online operating hours, Pick-up, Takeaway, Hours for the elderly",
gcid:police_officers_housing,Police officers' housing,"Access, Breakfast, Brunch, Delivery, Dinner, Drive-through, Happy hours, Kitchen, Lunch, Online operating hours, Pick-up, Takeaway, Hours for the elderly",
gcid:police_supply_store,Police supply store,"Access, Breakfast, Brunch, Delivery, Dinner, Drive-through, Happy hours, Kitchen, Lunch, Online operating hours, Pick-up, Takeaway, Hours for the elderly",
gcid:polish_restaurant,Polish restaurant,"Access, Breakfast, Brunch, Delivery, Dinner, Drive-through, Happy hours, Kitchen, Lunch, Online operating hours, Takeaway, Hours for the elderly",
gcid:political_party,Political party office,"Access, Breakfast, Brunch, Delivery, Dinner, Drive-through, Happy hours, Kitchen, Lunch, Online operating hours, Pick-up, Takeaway, Hours for the elderly",
gcid:polo_club,Polo club,"Access, Breakfast, Brunch, Delivery, Dinner, Drive-through, Happy hours, Kitchen, Lunch, Online operating hours, Pick-up, Takeaway, Hours for the elderly",
gcid:polygraph_service,Polygraph service,"Access, Breakfast, Brunch, Delivery, Dinner, Drive-through, Happy hours, Kitchen, Lunch, Online operating hours, Pick-up, Takeaway, Hours for the elderly",
gcid:polymer_supplier,Polymer supplier,"Access, Breakfast, Brunch, Delivery, Dinner, Drive-through, Happy hours, Kitchen, Lunch, Online operating hours, Pick-up, Takeaway, Hours for the elderly",
gcid:polynesian_restaurant,Polynesian restaurant,"Access, Breakfast, Brunch, Delivery, Dinner, Drive-through, Happy hours, Kitchen, Lunch, Online operating hours, Takeaway, Hours for the elderly",
gcid:polytechnic_school,Polytechnic institute,"Access, Breakfast, Brunch, Delivery, Dinner, Drive-through, Happy hours, Kitchen, Lunch, Online operating hours, Pick-up, Takeaway, Hours for the elderly",
gcid:polythene_and_plastic_sheeting_supplier,Polythene and plastic sheeting supplier,"Access, Breakfast, Brunch, Delivery, Dinner, Drive-through, Happy hours, Kitchen, Lunch, Online operating hours, Pick-up, Takeaway, Hours for the elderly",
gcid:pond_contractor,Pond contractor,"Access, Breakfast, Brunch, Delivery, Dinner, Drive-through, Happy hours, Kitchen, Lunch, Online operating hours, Pick-up, Takeaway, Hours for the elderly",
gcid:pond_fish_supplier,Pond fish supplier,"Access, Breakfast, Brunch, Delivery, Dinner, Drive-through, Happy hours, Kitchen, Lunch, Online operating hours, Pick-up, Takeaway, Hours for the elderly",
gcid:pond_supply_store,Pond supply store,"Access, Breakfast, Brunch, Delivery, Dinner, Drive-through, Happy hours, Kitchen, Lunch, Online operating hours, Pick-up, Takeaway, Hours for the elderly",
gcid:pontiac_dealer,Pontiac dealer,"Access, Breakfast, Brunch, Delivery, Dinner, Drive-through, Happy hours, Kitchen, Lunch, Online operating hours, Pick-up, Takeaway, Hours for the elderly",
gcid:pony_club,Pony club,"Access, Breakfast, Brunch, Delivery, Dinner, Drive-through, Happy hours, Kitchen, Lunch, Online operating hours, Pick-up, Takeaway, Hours for the elderly",
gcid:pony_ride_service,Pony ride service,"Access, Breakfast, Brunch, Delivery, Dinner, Drive-through, Happy hours, Kitchen, Lunch, Online operating hours, Pick-up, Takeaway, Hours for the elderly",
gcid:pool_academy,Cue sports school,"Access, Breakfast, Brunch, Delivery, Dinner, Drive-through, Happy hours, Kitchen, Lunch, Online operating hours, Pick-up, Takeaway, Hours for the elderly",
gcid:pool_billard_club,Pool billard club,"Access, Breakfast, Brunch, Delivery, Dinner, Drive-through, Happy hours, Kitchen, Lunch, Online operating hours, Pick-up, Takeaway, Hours for the elderly",
gcid:pool_cleaning_service,Pool cleaning service,"Access, Breakfast, Brunch, Delivery, Dinner, Drive-through, Happy hours, Kitchen, Lunch, Online operating hours, Pick-up, Takeaway, Hours for the elderly","Filter cleaning, Leaf traps, Netting, Swimming pool summerization, Tile brushing, Vacuuming, Wall brushing, Water treatment, Winterization"
gcid:pool_hall,Pool hall,"Access, Breakfast, Brunch, Delivery, Dinner, Drive-through, Happy hours, Kitchen, Lunch, Online operating hours, Pick-up, Takeaway, Hours for the elderly",
gcid:popcorn_store,Popcorn store,"Access, Breakfast, Brunch, Delivery, Dinner, Drive-through, Happy hours, Kitchen, Lunch, Online operating hours, Pick-up, Takeaway, Hours for the elderly",
gcid:pork_cutlet_rice_bowl_restaurant,Katsudon restaurant,"Access, Breakfast, Brunch, Delivery, Dinner, Drive-through, Happy hours, Kitchen, Lunch, Online operating hours, Takeaway, Hours for the elderly",
gcid:porridge_restaurant,Porridge restaurant,"Access, Breakfast, Brunch, Delivery, Dinner, Drive-through, Happy hours, Kitchen, Lunch, Online operating hours, Takeaway, Hours for the elderly",
gcid:porsche_dealer,Porsche dealer,"Access, Breakfast, Brunch, Delivery, Dinner, Drive-through, Happy hours, Kitchen, Lunch, Online operating hours, Pick-up, Takeaway, Hours for the elderly",
gcid:port_authority,Port authority,"Access, Breakfast, Brunch, Delivery, Dinner, Drive-through, Happy hours, Kitchen, Lunch, Online operating hours, Pick-up, Takeaway, Hours for the elderly",
gcid:port_operating_company,Port operating company,"Access, Breakfast, Brunch, Delivery, Dinner, Drive-through, Happy hours, Kitchen, Lunch, Online operating hours, Pick-up, Takeaway, Hours for the elderly",
gcid:portable_building_manufacturer,Portable building manufacturer,"Access, Breakfast, Brunch, Delivery, Dinner, Drive-through, Happy hours, Kitchen, Lunch, Online operating hours, Pick-up, Takeaway, Hours for the elderly",
gcid:portable_toilet_supplier,Portable toilet supplier,"Access, Breakfast, Brunch, Delivery, Dinner, Drive-through, Happy hours, Kitchen, Lunch, Online operating hours, Pick-up, Takeaway, Hours for the elderly",
gcid:portrait_studio,Portrait studio,"Access, Breakfast, Brunch, Delivery, Dinner, Drive-through, Happy hours, Kitchen, Lunch, Online operating hours, Pick-up, Takeaway, Hours for the elderly","Animal photography, Baby photography, Black-and-white photography, Children's photography, Corporate photography, Couples photography, Engagement photography, Events and parties, Family and group, Family photography, Graduation photography, Group photography, Headshot photography, Headshots and portraits, Individual photography, Maternity and newborn, Model book photography, Pet photography, Photo developing, Photo restoration, Photo montages, Product, Product photography, Real estate photography, School portraits, Studio rental, Videography services, Wedding and engagement, Wedding photography"
gcid:portuguese_restaurant,Portuguese restaurant,"Access, Breakfast, Brunch, Delivery, Dinner, Drive-through, Happy hours, Kitchen, Lunch, Online operating hours, Takeaway, Hours for the elderly",
gcid:pos_terminal_supplier,POS terminal supplier,"Access, Breakfast, Brunch, Delivery, Dinner, Drive-through, Happy hours, Kitchen, Lunch, Online operating hours, Pick-up, Takeaway, Hours for the elderly",
gcid:post_office,Post office,"Breakfast, Dinner, Drive-through, Lunch, Online operating hours, Hours for the elderly",
gcid:poster_store,Poster store,"Access, Breakfast, Brunch, Delivery, Dinner, Drive-through, Happy hours, Kitchen, Lunch, Online operating hours, Pick-up, Takeaway, Hours for the elderly",
gcid:pottery_classes,Pottery classes,"Access, Breakfast, Brunch, Delivery, Dinner, Drive-through, Happy hours, Kitchen, Lunch, Online operating hours, Pick-up, Takeaway, Hours for the elderly",
gcid:pottery_manufacturer,Pottery manufacturer,"Access, Breakfast, Brunch, Delivery, Dinner, Drive-through, Happy hours, Kitchen, Lunch, Online operating hours, Pick-up, Takeaway, Hours for the elderly",
gcid:pottery_store,Pottery store,"Access, Breakfast, Brunch, Delivery, Dinner, Drive-through, Happy hours, Kitchen, Lunch, Online operating hours, Pick-up, Takeaway, Hours for the elderly",
gcid:poultry_farm,Poultry farm,"Access, Breakfast, Brunch, Delivery, Dinner, Drive-through, Happy hours, Kitchen, Lunch, Online operating hours, Pick-up, Takeaway, Hours for the elderly",
gcid:poultry_store,Poultry store,"Access, Breakfast, Brunch, Delivery, Dinner, Drive-through, Happy hours, Kitchen, Lunch, Online operating hours, Pick-up, Takeaway, Hours for the elderly",
gcid:powder_coating_service,Powder coating service,"Access, Breakfast, Brunch, Delivery, Dinner, Drive-through, Happy hours, Kitchen, Lunch, Online operating hours, Pick-up, Takeaway, Hours for the elderly","Ceramic coating, Chemical stripping, Custom packaging, Degreasing, Elcometer testing, Mek testing, Mil thickness testing, Powder coating, Pre-cure testing, Protective coating, Salt spray testing, Sand blasting, Shock testing, Water break-free surface testing"
gcid:power_plant,Power station,"Access, Breakfast, Brunch, Delivery, Dinner, Drive-through, Happy hours, Kitchen, Lunch, Online operating hours, Pick-up, Takeaway, Hours for the elderly",
gcid:power_plant_consultant,Power plant consultant,"Access, Breakfast, Brunch, Delivery, Dinner, Drive-through, Happy hours, Kitchen, Lunch, Online operating hours, Pick-up, Takeaway, Hours for the elderly",
gcid:power_plant_equipment_supplier,Power plant equipment supplier,"Access, Breakfast, Brunch, Delivery, Dinner, Drive-through, Happy hours, Kitchen, Lunch, Online operating hours, Pick-up, Takeaway, Hours for the elderly",
gcid:powersports_vehicle_dealer,Powersports vehicle dealer,"Access, Breakfast, Brunch, Delivery, Dinner, Drive-through, Happy hours, Kitchen, Lunch, Online operating hours, Pick-up, Takeaway, Hours for the elderly",
gcid:pozole_restaurant,Pozole restaurant,"Access, Breakfast, Brunch, Delivery, Dinner, Drive-through, Happy hours, Kitchen, Lunch, Online operating hours, Takeaway, Hours for the elderly",
gcid:prawn_fishing,Prawn fishing,"Access, Breakfast, Brunch, Delivery, Dinner, Drive-through, Happy hours, Kitchen, Lunch, Online operating hours, Pick-up, Takeaway, Hours for the elderly",
gcid:precision_engineer,Precision engineer,"Access, Breakfast, Brunch, Delivery, Dinner, Drive-through, Happy hours, Kitchen, Lunch, Online operating hours, Pick-up, Takeaway, Hours for the elderly",
gcid:prefecture_government_office,Japanese prefecture government office,"Access, Breakfast, Brunch, Delivery, Dinner, Drive-through, Happy hours, Kitchen, Lunch, Online operating hours, Pick-up, Takeaway, Hours for the elderly",
gcid:pregnancy_care_center,Pregnancy care center,"Breakfast, Delivery, Dinner, Drive-through, Lunch, Online operating hours, Pick-up, Hours for the elderly",
gcid:preparatory_school,Preparatory school,"Access, Breakfast, Brunch, Delivery, Dinner, Drive-through, Happy hours, Kitchen, Lunch, Online operating hours, Pick-up, Takeaway, Hours for the elderly",
gcid:presbyterian_church,Presbyterian church,"Access, Breakfast, Brunch, Delivery, Dinner, Kitchen, Lunch, Online operating hours, Pick-up, Takeaway, Hours for the elderly, Prayer, Worship service",
gcid:preschool,Preschool,"Access, Breakfast, Brunch, Delivery, Dinner, Drive-through, Happy hours, Kitchen, Lunch, Online operating hours, Pick-up, Takeaway, Hours for the elderly","Painting, Soccer, Swimming"
gcid:press_advisory,Press advisory,"Access, Breakfast, Brunch, Delivery, Dinner, Drive-through, Happy hours, Kitchen, Lunch, Online operating hours, Pick-up, Takeaway, Hours for the elderly",
gcid:pressure_washing_service,Pressure washing service,"Access, Breakfast, Brunch, Delivery, Dinner, Drive-through, Happy hours, Kitchen, Lunch, Online operating hours, Pick-up, Takeaway, Hours for the elderly","Glass & mirror cleaning, Gutter cleaning, Power/pressure washing, Roof cleaning, Rooftop/skylight cleaning, Soft wash cleaning, Interior & exterior window cleaning"
gcid:pretzel_store,Pretzel store,"Access, Breakfast, Brunch, Delivery, Dinner, Drive-through, Happy hours, Kitchen, Lunch, Online operating hours, Pick-up, Takeaway, Hours for the elderly",
gcid:priest,Priest,"Access, Breakfast, Brunch, Delivery, Dinner, Drive-through, Happy hours, Kitchen, Lunch, Online operating hours, Pick-up, Takeaway, Hours for the elderly",
gcid:primary_school,Primary school,"Access, Breakfast, Brunch, Delivery, Dinner, Drive-through, Happy hours, Kitchen, Lunch, Online operating hours, Pick-up, Takeaway, Hours for the elderly",
gcid:print_shop,Print shop,"Access, Breakfast, Brunch, Delivery, Dinner, Drive-through, Happy hours, Kitchen, Lunch, Online operating hours, Pick-up, Takeaway, Hours for the elderly","Binding Services, Books, Brochure printing, Business card printing, Business document printing, Calendars, Canvas printing, Catalogs, Color printing, Copy services, Custom printing, Digital printing, Document scanning, Dye sublimation printing, Faxing, Fine art printing, Flyers & brochures, Form printing, Graphic design, Legal documents, Letterhead & business cards, Letterpress printing, Magazines, Photo printing, Posters, 3D printing"
gcid:printed_music_publisher,Printed music publisher,"Access, Breakfast, Brunch, Delivery, Dinner, Drive-through, Happy hours, Kitchen, Lunch, Online operating hours, Pick-up, Takeaway, Hours for the elderly",
gcid:printer_ink_refill_store,Printer ink refill store,"Access, Breakfast, Brunch, Delivery, Dinner, Drive-through, Happy hours, Kitchen, Lunch, Online operating hours, Pick-up, Takeaway, Hours for the elderly",
gcid:printer_repair_service,Printer repair service,"Access, Breakfast, Brunch, Delivery, Dinner, Drive-through, Happy hours, Kitchen, Lunch, Online operating hours, Pick-up, Takeaway, Hours for the elderly","Delivery, General repairs & maintenance, Technical support"
gcid:printing_equipment_supplier,Printing equipment supplier,"Access, Breakfast, Brunch, Delivery, Dinner, Drive-through, Happy hours, Kitchen, Lunch, Online operating hours, Pick-up, Takeaway, Hours for the elderly",
gcid:prison,Prison,"Access, Breakfast, Brunch, Delivery, Dinner, Drive-through, Happy hours, Kitchen, Lunch, Online operating hours, Pick-up, Takeaway, Hours for the elderly",
gcid:private_college,Private college,"Access, Breakfast, Brunch, Delivery, Dinner, Drive-through, Happy hours, Kitchen, Lunch, Online operating hours, Pick-up, Takeaway, Hours for the elderly",
gcid:private_equity_firm,Private equity firm,"Breakfast, Dinner, Drive-through, Lunch, Online operating hours, Hours for the elderly",
gcid:private_golf_course,Private golf course,"Access, Breakfast, Brunch, Delivery, Dinner, Drive-through, Happy hours, Kitchen, Lunch, Online operating hours, Pick-up, Takeaway, Hours for the elderly",
gcid:private_hospital,Private hospital,"Breakfast, Delivery, Dinner, Drive-through, Lunch, Online operating hours, Pick-up, Hours for the elderly",
gcid:private_investigator,Private investigator,"Access, Breakfast, Brunch, Delivery, Dinner, Drive-through, Happy hours, Kitchen, Lunch, Online operating hours, Pick-up, Takeaway, Hours for the elderly","Address report, Anti-stalking, Background investigations, Comprehensive background report, Deceased search, Eavesdropping detection, Forensics, Infidelity investigations, Insurance investigations, Person location services, Phone number search, Process serving, Social media & internet investigations, Surveillance services"
gcid:private_school,Private educational institution,"Access, Breakfast, Brunch, Delivery, Dinner, Drive-through, Happy hours, Kitchen, Lunch, Online operating hours, Pick-up, Takeaway, Hours for the elderly",Kindergarten
gcid:private_sector_bank,Private sector bank,"Breakfast, Dinner, Drive-through, Lunch, Online operating hours, Hours for the elderly",
gcid:private_tutor,Private tutor,"Access, Breakfast, Brunch, Delivery, Dinner, Drive-through, Happy hours, Kitchen, Lunch, Online operating hours, Pick-up, Takeaway, Hours for the elderly",
gcid:private_university,Private university,"Access, Breakfast, Brunch, Delivery, Dinner, Drive-through, Happy hours, Kitchen, Lunch, Online operating hours, Pick-up, Takeaway, Hours for the elderly",
gcid:probate_attorney,Probate attorney,"Access, Breakfast, Brunch, Delivery, Dinner, Drive-through, Happy hours, Kitchen, Lunch, Online operating hours, Pick-up, Takeaway, Hours for the elderly",
gcid:probation_office,Probation office,"Access, Breakfast, Brunch, Delivery, Dinner, Drive-through, Happy hours, Kitchen, Lunch, Online operating hours, Pick-up, Takeaway, Hours for the elderly",
gcid:process_server,Process server,"Access, Breakfast, Brunch, Delivery, Dinner, Drive-through, Happy hours, Kitchen, Lunch, Online operating hours, Pick-up, Takeaway, Hours for the elderly",
gcid:proctologist,Proctologist,"Breakfast, Delivery, Dinner, Drive-through, Lunch, Online operating hours, Pick-up, Hours for the elderly",
gcid:produce_market,Produce market,"Access, Breakfast, Brunch, Delivery, Dinner, Drive-through, Happy hours, Kitchen, Lunch, Online operating hours, Pick-up, Takeaway, Hours for the elderly",
gcid:produce_wholesaler,Produce wholesaler,"Access, Breakfast, Brunch, Delivery, Dinner, Drive-through, Happy hours, Kitchen, Lunch, Online operating hours, Pick-up, Takeaway, Hours for the elderly",
gcid:producteur_de_foie_gras,Foie gras producer,"Access, Breakfast, Brunch, Delivery, Dinner, Drive-through, Happy hours, Kitchen, Lunch, Online operating hours, Pick-up, Takeaway, Hours for the elderly",
gcid:professional_and_hobby_associations,Professional and hobby associations,"Access, Breakfast, Brunch, Delivery, Dinner, Drive-through, Happy hours, Kitchen, Lunch, Online operating hours, Pick-up, Takeaway, Hours for the elderly",
gcid:professional_association,Professional association,"Access, Breakfast, Brunch, Delivery, Dinner, Drive-through, Happy hours, Kitchen, Lunch, Online operating hours, Pick-up, Takeaway, Hours for the elderly",
gcid:professional_organizer,Professional organizer,"Access, Breakfast, Brunch, Delivery, Dinner, Drive-through, Happy hours, Kitchen, Lunch, Online operating hours, Pick-up, Takeaway, Hours for the elderly",
gcid:promenade,Promenade,"Access, Breakfast, Brunch, Delivery, Dinner, Drive-through, Happy hours, Kitchen, Lunch, Online operating hours, Pick-up, Takeaway, Hours for the elderly",
gcid:promotional_products_supplier,Promotional products supplier,"Access, Breakfast, Brunch, Delivery, Dinner, Drive-through, Happy hours, Kitchen, Lunch, Online operating hours, Pick-up, Takeaway, Hours for the elderly",
gcid:propane_supplier,Propane supplier,"Access, Breakfast, Brunch, Delivery, Dinner, Drive-through, Happy hours, Kitchen, Lunch, Online operating hours, Pick-up, Takeaway, Hours for the elderly",
gcid:propeller_shop,Propeller shop,"Access, Breakfast, Brunch, Delivery, Dinner, Drive-through, Happy hours, Kitchen, Lunch, Online operating hours, Pick-up, Takeaway, Hours for the elderly",
gcid:property_administrator,Property administration service,"Access, Breakfast, Brunch, Delivery, Dinner, Drive-through, Happy hours, Kitchen, Lunch, Online operating hours, Pick-up, Takeaway, Hours for the elderly",
gcid:property_investment,Property investment company,"Breakfast, Dinner, Drive-through, Lunch, Online operating hours, Hours for the elderly",
gcid:property_maintenance,Property maintenance,"Access, Breakfast, Brunch, Delivery, Dinner, Drive-through, Happy hours, Kitchen, Lunch, Online operating hours, Pick-up, Takeaway, Hours for the elderly",
gcid:property_management_company,Property management company,"Access, Breakfast, Brunch, Delivery, Dinner, Drive-through, Happy hours, Kitchen, Lunch, Online operating hours, Pick-up, Takeaway, Hours for the elderly","Administrative management of property, Apartment complex management, Condo complex management, Credit checks, Repairs & maintenance, Homeowner association management, Hotel management, Home management, Industrial property management, Island property management, Property inspections, Property investment management, Property maintenance, Property management, Property preservation, Rental property management, Property sales, Real estate valuation, Realty services, Rent collection, Security services, Store management, Tenant management, Vacation property management"
gcid:property_registry,Land registry office,"Breakfast, Dinner, Drive-through, Lunch, Online operating hours, Hours for the elderly",
gcid:prosthodontist,Prosthodontist,"Breakfast, Delivery, Dinner, Drive-through, Lunch, Online operating hours, Pick-up, Hours for the elderly",
gcid:protected_area,Protected area,"Access, Breakfast, Brunch, Delivery, Dinner, Drive-through, Happy hours, Kitchen, Lunch, Online operating hours, Pick-up, Takeaway, Hours for the elderly",
gcid:protective_clothing_supplier,Protective clothing supplier,"Access, Breakfast, Brunch, Delivery, Dinner, Drive-through, Happy hours, Kitchen, Lunch, Online operating hours, Pick-up, Takeaway, Hours for the elderly",
gcid:protestant_church,Protestant church,"Access, Breakfast, Brunch, Delivery, Dinner, Kitchen, Lunch, Online operating hours, Pick-up, Takeaway, Hours for the elderly, Prayer, Worship service",
gcid:provence_restaurant,Provence restaurant,"Access, Breakfast, Brunch, Delivery, Dinner, Drive-through, Happy hours, Kitchen, Lunch, Online operating hours, Takeaway, Hours for the elderly",
gcid:psychiatric_hospital,Psychiatric hospital,"Breakfast, Delivery, Dinner, Drive-through, Lunch, Online operating hours, Pick-up, Hours for the elderly",
gcid:psychiatrist,Psychiatrist,"Breakfast, Delivery, Dinner, Drive-through, Lunch, Online operating hours, Pick-up, Hours for the elderly",
gcid:psychic,Psychic,"Access, Breakfast, Brunch, Delivery, Dinner, Drive-through, Happy hours, Kitchen, Lunch, Online operating hours, Pick-up, Takeaway, Hours for the elderly",
gcid:psychoanalyst,Psychoanalyst,"Breakfast, Delivery, Dinner, Drive-through, Lunch, Online operating hours, Pick-up, Hours for the elderly",
gcid:psychologist,Psychologist,"Breakfast, Delivery, Dinner, Drive-through, Lunch, Online operating hours, Pick-up, Hours for the elderly",
gcid:psychomotor_therapist,Psychomotor therapist,"Breakfast, Delivery, Dinner, Drive-through, Lunch, Online operating hours, Pick-up, Hours for the elderly",
gcid:psychoneurological_specialized_clinic,Psychoneurological specialized clinic,"Breakfast, Delivery, Dinner, Drive-through, Lunch, Online operating hours, Pick-up, Hours for the elderly",
gcid:psychopedagogy_clinic,Psychopedagogy clinic,"Breakfast, Delivery, Dinner, Drive-through, Lunch, Online operating hours, Pick-up, Hours for the elderly",
gcid:psychosocial_therapist,Psychosocial therapist,"Breakfast, Delivery, Dinner, Drive-through, Lunch, Online operating hours, Pick-up, Hours for the elderly",
gcid:psychosomatic_medical_practitioner,Psychosomatic medical practitioner,"Breakfast, Delivery, Dinner, Drive-through, Lunch, Online operating hours, Pick-up, Hours for the elderly",
gcid:psychotherapist,Psychotherapist,"Breakfast, Delivery, Dinner, Drive-through, Lunch, Online operating hours, Pick-up, Hours for the elderly",
gcid:pub,Pub,"Access, Breakfast, Brunch, Delivery, Dinner, Drive-through, Happy hours, Kitchen, Lunch, Online operating hours, Takeaway, Hours for the elderly",
gcid:public_bath,Public bath,"Access, Breakfast, Brunch, Delivery, Dinner, Drive-through, Happy hours, Kitchen, Lunch, Online operating hours, Pick-up, Takeaway, Hours for the elderly",
gcid:public_bathroom,Public bathroom,"Access, Breakfast, Brunch, Delivery, Dinner, Drive-through, Happy hours, Kitchen, Lunch, Online operating hours, Pick-up, Takeaway, Hours for the elderly",
gcid:public_defenders_office,Public defender's office,"Access, Breakfast, Brunch, Delivery, Dinner, Drive-through, Happy hours, Kitchen, Lunch, Online operating hours, Pick-up, Takeaway, Hours for the elderly",
gcid:public_female_bathroom,Public female bathroom,"Access, Breakfast, Brunch, Delivery, Dinner, Drive-through, Happy hours, Kitchen, Lunch, Online operating hours, Pick-up, Takeaway, Hours for the elderly",
gcid:public_golf_course,Public golf course,"Access, Breakfast, Brunch, Delivery, Dinner, Drive-through, Happy hours, Kitchen, Lunch, Online operating hours, Pick-up, Takeaway, Hours for the elderly",
gcid:public_health_department,Public health department,"Breakfast, Delivery, Dinner, Drive-through, Lunch, Online operating hours, Pick-up, Hours for the elderly",
gcid:public_housing,Public housing,"Access, Breakfast, Brunch, Delivery, Dinner, Drive-through, Happy hours, Kitchen, Lunch, Online operating hours, Pick-up, Takeaway, Hours for the elderly",
gcid:public_library,Public library,"Access, Breakfast, Brunch, Delivery, Dinner, Drive-through, Happy hours, Kitchen, Lunch, Online operating hours, Pick-up, Takeaway, Hours for the elderly",
gcid:public_male_bathroom,Public male bathroom,"Access, Breakfast, Brunch, Delivery, Dinner, Drive-through, Happy hours, Kitchen, Lunch, Online operating hours, Pick-up, Takeaway, Hours for the elderly",
gcid:public_medical_center,Public medical center,"Breakfast, Delivery, Dinner, Drive-through, Lunch, Online operating hours, Pick-up, Hours for the elderly",
gcid:public_parking_space,Public parking space,"Access, Breakfast, Brunch, Delivery, Dinner, Drive-through, Happy hours, Kitchen, Lunch, Online operating hours, Pick-up, Takeaway, Hours for the elderly",
gcid:public_prosecutors_office,Public prosecutors office,"Access, Breakfast, Brunch, Delivery, Dinner, Drive-through, Happy hours, Kitchen, Lunch, Online operating hours, Pick-up, Takeaway, Hours for the elderly",
gcid:public_relations_firm,Public relations firm,"Access, Breakfast, Brunch, Delivery, Dinner, Drive-through, Happy hours, Kitchen, Lunch, Online operating hours, Pick-up, Takeaway, Hours for the elderly",
gcid:public_safety_office,Public safety office,"Access, Breakfast, Brunch, Delivery, Dinner, Drive-through, Happy hours, Kitchen, Lunch, Online operating hours, Pick-up, Takeaway, Hours for the elderly",
gcid:public_sauna,Public sauna,"Breakfast, Delivery, Dinner, Drive-through, Lunch, Online operating hours, Pick-up, Hours for the elderly",
gcid:public_school,Public educational institution,"Access, Breakfast, Brunch, Delivery, Dinner, Drive-through, Happy hours, Kitchen, Lunch, Online operating hours, Pick-up, Takeaway, Hours for the elderly",
gcid:public_sector_bank,Public sector bank,"Breakfast, Dinner, Drive-through, Lunch, Online operating hours, Hours for the elderly",
gcid:public_swimming_pool,Public swimming pool,"Access, Breakfast, Brunch, Delivery, Dinner, Drive-through, Happy hours, Kitchen, Lunch, Online operating hours, Pick-up, Takeaway, Hours for the elderly",
gcid:public_university,Public university,"Access, Breakfast, Brunch, Delivery, Dinner, Drive-through, Happy hours, Kitchen, Lunch, Online operating hours, Pick-up, Takeaway, Hours for the elderly",
gcid:public_utility_company,Public utility company,"Access, Breakfast, Brunch, Delivery, Dinner, Drive-through, Happy hours, Kitchen, Lunch, Online operating hours, Pick-up, Takeaway, Hours for the elderly",
gcid:public_water_well,Public water well,"Access, Breakfast, Brunch, Delivery, Dinner, Drive-through, Happy hours, Kitchen, Lunch, Online operating hours, Pick-up, Takeaway, Hours for the elderly",
gcid:public_wheelchair_accessible_bathroom,Public wheelchair-accessible bathroom,"Access, Breakfast, Brunch, Delivery, Dinner, Drive-through, Happy hours, Kitchen, Lunch, Online operating hours, Pick-up, Takeaway, Hours for the elderly",
gcid:public_works_department,Public works department,"Access, Breakfast, Brunch, Delivery, Dinner, Drive-through, Happy hours, Kitchen, Lunch, Online operating hours, Pick-up, Takeaway, Hours for the elderly",
gcid:publisher,Publisher,"Access, Breakfast, Brunch, Delivery, Dinner, Drive-through, Happy hours, Kitchen, Lunch, Online operating hours, Pick-up, Takeaway, Hours for the elderly",
gcid:pueblan_restaurant,Pueblan restaurant,"Access, Breakfast, Brunch, Delivery, Dinner, Drive-through, Happy hours, Kitchen, Lunch, Online operating hours, Takeaway, Hours for the elderly",
gcid:puerto_rican_restaurant,Puerto Rican restaurant,"Access, Breakfast, Brunch, Delivery, Dinner, Drive-through, Happy hours, Kitchen, Lunch, Online operating hours, Takeaway, Hours for the elderly",
gcid:pulmonologist,Pulmonologist,"Breakfast, Delivery, Dinner, Drive-through, Lunch, Online operating hours, Pick-up, Hours for the elderly",
gcid:pump_supplier,Pump supplier,"Access, Breakfast, Brunch, Delivery, Dinner, Drive-through, Happy hours, Kitchen, Lunch, Online operating hours, Pick-up, Takeaway, Hours for the elderly",
gcid:pumpkin_patch,Pumpkin patch,"Access, Breakfast, Brunch, Delivery, Dinner, Drive-through, Happy hours, Kitchen, Lunch, Online operating hours, Pick-up, Takeaway, Hours for the elderly",
gcid:punjabi_restaurant,Punjabi restaurant,"Access, Breakfast, Brunch, Delivery, Dinner, Drive-through, Happy hours, Kitchen, Lunch, Online operating hours, Takeaway, Hours for the elderly",
gcid:puppet_theater,Puppet theater,"Access, Breakfast, Brunch, Delivery, Dinner, Drive-through, Happy hours, Kitchen, Lunch, Online operating hours, Pick-up, Takeaway, Hours for the elderly",
gcid:pvc_windows_supplier,PVC windows supplier,"Access, Breakfast, Brunch, Delivery, Dinner, Drive-through, Happy hours, Kitchen, Lunch, Online operating hours, Pick-up, Takeaway, Hours for the elderly",
gcid:pyrotechnician,Pyrotechnician,"Access, Breakfast, Brunch, Delivery, Dinner, Drive-through, Happy hours, Kitchen, Lunch, Online operating hours, Pick-up, Takeaway, Hours for the elderly",
gcid:qing_fang_market_place,Qing fang market place,"Access, Breakfast, Brunch, Delivery, Dinner, Drive-through, Happy hours, Kitchen, Lunch, Online operating hours, Pick-up, Takeaway, Hours for the elderly",
gcid:quaker_church,Quaker church,"Access, Breakfast, Brunch, Delivery, Dinner, Kitchen, Lunch, Online operating hours, Pick-up, Takeaway, Hours for the elderly, Prayer, Worship service",
gcid:quantity_surveyor,Quantity surveyor,"Breakfast, Dinner, Drive-through, Lunch, Online operating hours, Hours for the elderly",
gcid:quarry,Quarry,"Access, Breakfast, Brunch, Delivery, Dinner, Drive-through, Happy hours, Kitchen, Lunch, Online operating hours, Pick-up, Takeaway, Hours for the elderly",
gcid:quebecois_restaurant,Québécois restaurant,"Access, Breakfast, Brunch, Delivery, Dinner, Drive-through, Happy hours, Kitchen, Lunch, Online operating hours, Takeaway, Hours for the elderly",
gcid:queer_bar,Queer bar,"Access, Breakfast, Brunch, Delivery, Dinner, Drive-through, Happy hours, Kitchen, Lunch, Online operating hours, Takeaway, Hours for the elderly",
gcid:quilt_shop,Quilt shop,"Access, Breakfast, Brunch, Delivery, Dinner, Drive-through, Happy hours, Kitchen, Lunch, Online operating hours, Pick-up, Takeaway, Hours for the elderly",
gcid:race_car_dealer,Race car dealer,"Access, Breakfast, Brunch, Delivery, Dinner, Drive-through, Happy hours, Kitchen, Lunch, Online operating hours, Pick-up, Takeaway, Hours for the elderly",
gcid:race_course,Racecourse,"Access, Breakfast, Brunch, Delivery, Dinner, Drive-through, Happy hours, Kitchen, Lunch, Online operating hours, Pick-up, Takeaway, Hours for the elderly",
gcid:racing_car_parts_store,Racing car parts store,"Access, Breakfast, Brunch, Delivery, Dinner, Drive-through, Happy hours, Kitchen, Lunch, Online operating hours, Pick-up, Takeaway, Hours for the elderly",
gcid:raclette_restaurant,Raclette restaurant,"Access, Breakfast, Brunch, Delivery, Dinner, Drive-through, Happy hours, Kitchen, Lunch, Online operating hours, Takeaway, Hours for the elderly",
gcid:racquetball_club,Racquetball club,"Access, Breakfast, Brunch, Delivery, Dinner, Drive-through, Happy hours, Kitchen, Lunch, Online operating hours, Pick-up, Takeaway, Hours for the elderly",
gcid:radiator_repair_service,Radiator repair service,"Access, Breakfast, Brunch, Delivery, Dinner, Drive-through, Happy hours, Kitchen, Lunch, Online operating hours, Pick-up, Takeaway, Hours for the elderly",
gcid:radiator_shop,Radiator shop,"Access, Breakfast, Brunch, Delivery, Dinner, Drive-through, Happy hours, Kitchen, Lunch, Online operating hours, Pick-up, Takeaway, Hours for the elderly",
gcid:radio_broadcaster,Radio broadcaster,"Access, Breakfast, Brunch, Delivery, Dinner, Drive-through, Happy hours, Kitchen, Lunch, Online operating hours, Pick-up, Takeaway, Hours for the elderly",
gcid:radiologist,Radiologist,"Breakfast, Delivery, Dinner, Drive-through, Lunch, Online operating hours, Pick-up, Hours for the elderly",
gcid:radiotherapist,Radiotherapist,"Breakfast, Delivery, Dinner, Drive-through, Lunch, Online operating hours, Pick-up, Hours for the elderly",
gcid:raft_trip_outfitter,Raft trip outfitter,"Access, Breakfast, Brunch, Delivery, Dinner, Drive-through, Happy hours, Kitchen, Lunch, Online operating hours, Pick-up, Takeaway, Hours for the elderly",
gcid:rafting,Rafting,"Access, Breakfast, Brunch, Delivery, Dinner, Drive-through, Happy hours, Kitchen, Lunch, Online operating hours, Pick-up, Takeaway, Hours for the elderly",
gcid:rail_museum,Rail museum,"Access, Breakfast, Brunch, Delivery, Dinner, Drive-through, Happy hours, Kitchen, Lunch, Online operating hours, Pick-up, Takeaway, Hours for the elderly",
gcid:railing_contractor,Railing contractor,"Access, Breakfast, Brunch, Delivery, Dinner, Drive-through, Happy hours, Kitchen, Lunch, Online operating hours, Pick-up, Takeaway, Hours for the elderly",
gcid:railroad_company,Railroad company,"Access, Breakfast, Brunch, Delivery, Dinner, Drive-through, Happy hours, Kitchen, Lunch, Online operating hours, Pick-up, Takeaway, Hours for the elderly",
gcid:railroad_contractor,Railroad contractor,"Access, Breakfast, Brunch, Delivery, Dinner, Drive-through, Happy hours, Kitchen, Lunch, Online operating hours, Pick-up, Takeaway, Hours for the elderly",
gcid:railroad_equipment_supplier,Railroad equipment supplier,"Access, Breakfast, Brunch, Delivery, Dinner, Drive-through, Happy hours, Kitchen, Lunch, Online operating hours, Pick-up, Takeaway, Hours for the elderly",
gcid:railroad_ties_supplier,Railroad ties supplier,"Access, Breakfast, Brunch, Delivery, Dinner, Drive-through, Happy hours, Kitchen, Lunch, Online operating hours, Pick-up, Takeaway, Hours for the elderly",
gcid:railway_services,Railway services,"Access, Breakfast, Brunch, Delivery, Dinner, Drive-through, Happy hours, Kitchen, Lunch, Online operating hours, Pick-up, Takeaway, Hours for the elderly",
gcid:rainwater_tank_supplier,Rainwater tank supplier,"Access, Breakfast, Brunch, Delivery, Dinner, Drive-through, Happy hours, Kitchen, Lunch, Online operating hours, Pick-up, Takeaway, Hours for the elderly",
gcid:rajasthani_restaurant,Rajasthani restaurant,"Access, Breakfast, Brunch, Delivery, Dinner, Drive-through, Happy hours, Kitchen, Lunch, Online operating hours, Takeaway, Hours for the elderly",
gcid:ram_dealer,Ram dealer,"Access, Breakfast, Brunch, Delivery, Dinner, Drive-through, Happy hours, Kitchen, Lunch, Online operating hours, Pick-up, Takeaway, Hours for the elderly",
gcid:ramen_restaurant,Ramen restaurant,"Access, Breakfast, Brunch, Delivery, Dinner, Drive-through, Happy hours, Kitchen, Lunch, Online operating hours, Takeaway, Hours for the elderly",
gcid:ranch,Ranch,"Access, Breakfast, Brunch, Delivery, Dinner, Drive-through, Happy hours, Kitchen, Lunch, Online operating hours, Pick-up, Takeaway, Hours for the elderly",
gcid:rare_book_store,Rare book store,"Access, Breakfast, Brunch, Delivery, Dinner, Drive-through, Happy hours, Kitchen, Lunch, Online operating hours, Pick-up, Takeaway, Hours for the elderly",
gcid:raw_food_restaurant,Raw food restaurant,"Access, Breakfast, Brunch, Delivery, Dinner, Drive-through, Happy hours, Kitchen, Lunch, Online operating hours, Takeaway, Hours for the elderly",
gcid:ready_mix_concrete_supplier,Ready mix concrete supplier,"Access, Breakfast, Brunch, Delivery, Dinner, Drive-through, Happy hours, Kitchen, Lunch, Online operating hours, Pick-up, Takeaway, Hours for the elderly","Coal combustion product services, Concrete pumping, Customer mixes, Dispatcher services, Export services, Mixtures consultation, Pump washout, Smart silo, Washout services"
gcid:real_estate_agency,Real estate agency,"Access, Breakfast, Brunch, Delivery, Dinner, Drive-through, Happy hours, Kitchen, Lunch, Online operating hours, Pick-up, Takeaway, Hours for the elderly","Appraisals, Property auctions, Beach property rentals & sales, Building lot sales, Buying agent services, Property buying & sales, Commercial property buying & sales, Condo rentals, Real estate development, Property exchanges, Farm sales, First-time home buyer services, Foreclosed property sales, Furnished property rentals & sales, International property buying & sales, Luxury property buying & sales, New construction services, New construction sales & leasing, Land leasing & sales, Project management, Property management, Property rentals, Real estate investing, Real estate sales management, Relocation assistance, Seller's agent services, Short-term property rentals, Warehouse property sales"
gcid:real_estate_agents,Real estate agent,"Access, Breakfast, Brunch, Delivery, Dinner, Drive-through, Happy hours, Kitchen, Lunch, Online operating hours, Pick-up, Takeaway, Hours for the elderly","Appraisals, Property auctions, Beach property rentals & sales, Building lot sales, Buying agent services, Commercial property buying & sales, Real estate development, Farm sales, First-time home buyer services, Foreclosed property sales, Furnished property rentals & sales, Luxury property buying & sales, New construction services, New construction sales & leasing, Land leasing & sales, Property management, Property rentals, Real estate investing, Real estate sales management, Relocation assistance, Seller's agent services, Short-term property rentals, Warehouse property sales"
gcid:real_estate_appraiser,Real estate appraiser,"Breakfast, Dinner, Drive-through, Lunch, Online operating hours, Hours for the elderly",
gcid:real_estate_attorney,Real estate attorney,"Access, Breakfast, Brunch, Delivery, Dinner, Drive-through, Happy hours, Kitchen, Lunch, Online operating hours, Pick-up, Takeaway, Hours for the elderly",
gcid:real_estate_auctioneer,Real estate auctioneer,"Access, Breakfast, Brunch, Delivery, Dinner, Drive-through, Happy hours, Kitchen, Lunch, Online operating hours, Pick-up, Takeaway, Hours for the elderly",
gcid:real_estate_consultant,Real estate consultant,"Access, Breakfast, Brunch, Delivery, Dinner, Drive-through, Happy hours, Kitchen, Lunch, Online operating hours, Pick-up, Takeaway, Hours for the elderly","Appraisals, Buying agent services, Land buying & sales, Commercial property buying & sales, Comparative real estate market analysis, Condo buying & sales assistance, Real estate development consulting, Real estate development, First-time home buyer services, Foreclosed property sales, Home staging, Home buying & sales, Luxury property buying & sales, Mortgage & lending services, New construction services, Office space leasing, Property leasing, Property management, Property rental assistance, Real estate investing, Real estate investment consulting, Real estate marketing, Real estate photography, Relocation assistance, Seller's agent services, Real estate sales"
gcid:real_estate_developer,Real estate developer,"Access, Breakfast, Brunch, Delivery, Dinner, Drive-through, Happy hours, Kitchen, Lunch, Online operating hours, Pick-up, Takeaway, Hours for the elderly","Appraisals, New construction services"
gcid:real_estate_rental_agency,Real estate rental agency,"Access, Breakfast, Brunch, Delivery, Dinner, Drive-through, Happy hours, Kitchen, Lunch, Online operating hours, Pick-up, Takeaway, Hours for the elderly","Apartment rentals, Cabin rentals, Furnished property rentals, Home rentals, New construction rentals, Property management, Relocation assistance, Short-term property rentals, Vacation property rentals"
gcid:real_estate_school,Real estate school,"Access, Breakfast, Brunch, Delivery, Dinner, Drive-through, Happy hours, Kitchen, Lunch, Online operating hours, Pick-up, Takeaway, Hours for the elderly",
gcid:real_estate_surveyor,Real estate surveyor,"Access, Breakfast, Brunch, Delivery, Dinner, Drive-through, Happy hours, Kitchen, Lunch, Online operating hours, Pick-up, Takeaway, Hours for the elderly",
gcid:realschule,Realschule (middle-tier secondary school),"Access, Breakfast, Brunch, Delivery, Dinner, Drive-through, Happy hours, Kitchen, Lunch, Online operating hours, Pick-up, Takeaway, Hours for the elderly",
gcid:record_company,Record company,"Access, Breakfast, Brunch, Delivery, Dinner, Drive-through, Happy hours, Kitchen, Lunch, Online operating hours, Pick-up, Takeaway, Hours for the elderly",
gcid:record_storage_facility,Records storage facility,"Access, Breakfast, Brunch, Delivery, Dinner, Drive-through, Happy hours, Kitchen, Lunch, Online operating hours, Pick-up, Takeaway, Hours for the elderly",
gcid:record_store,Record store,"Access, Breakfast, Brunch, Delivery, Dinner, Drive-through, Happy hours, Kitchen, Lunch, Online operating hours, Pick-up, Takeaway, Hours for the elderly",
gcid:recording_studio,Recording studio,"Access, Breakfast, Brunch, Delivery, Dinner, Drive-through, Happy hours, Kitchen, Lunch, Online operating hours, Pick-up, Takeaway, Hours for the elderly",
gcid:recreation_center,Recreation center,"Access, Breakfast, Brunch, Delivery, Dinner, Drive-through, Happy hours, Kitchen, Lunch, Online operating hours, Pick-up, Takeaway, Hours for the elderly",
gcid:recruiter,Recruiter,"Access, Breakfast, Brunch, Delivery, Dinner, Drive-through, Happy hours, Kitchen, Lunch, Online operating hours, Pick-up, Takeaway, Hours for the elderly",
gcid:rectory,Rectory,"Access, Breakfast, Brunch, Delivery, Dinner, Drive-through, Happy hours, Kitchen, Lunch, Online operating hours, Pick-up, Takeaway, Hours for the elderly",
gcid:recycling_center,Recycling center,"Access, Breakfast, Brunch, Delivery, Dinner, Drive-through, Happy hours, Kitchen, Lunch, Online operating hours, Pick-up, Takeaway, Hours for the elderly",
gcid:recycling_drop_off_location,Recycling drop-off location,"Access, Breakfast, Brunch, Delivery, Dinner, Drive-through, Happy hours, Kitchen, Lunch, Online operating hours, Pick-up, Takeaway, Hours for the elderly",
gcid:reenactment_site,Reenactment site,"Access, Breakfast, Brunch, Delivery, Dinner, Drive-through, Happy hours, Kitchen, Lunch, Online operating hours, Pick-up, Takeaway, Hours for the elderly",
gcid:reflexologist,Reflexologist,"Breakfast, Delivery, Dinner, Drive-through, Lunch, Online operating hours, Pick-up, Hours for the elderly",
gcid:reform_synagogue,Reform synagogue,"Access, Breakfast, Brunch, Delivery, Dinner, Kitchen, Lunch, Online operating hours, Pick-up, Takeaway, Hours for the elderly, Prayer, Shabbat service",
gcid:reformed_church,Reformed church,"Access, Breakfast, Brunch, Delivery, Dinner, Kitchen, Lunch, Online operating hours, Pick-up, Takeaway, Hours for the elderly, Prayer, Worship service",
gcid:refrigerated_transport_service,Refrigerated transport service,"Access, Breakfast, Brunch, Delivery, Dinner, Drive-through, Happy hours, Kitchen, Lunch, Online operating hours, Pick-up, Takeaway, Hours for the elderly",
gcid:refrigerator_repair_service,Refrigerator repair service,"Access, Breakfast, Brunch, Delivery, Dinner, Drive-through, Happy hours, Kitchen, Lunch, Online operating hours, Pick-up, Takeaway, Hours for the elderly","Mini refrigerator repair, Refrigerator installation, Dishwasher repair, Dryer repair, Freezer repair, Microwave repair, Oven repair, Refrigerator repair, Refrigerator/freezer repair, Stove & cooktop repair, Stove, cooktop & oven repair, Washing machine repair, Washer/dryer repair, Walk-in cooler repair, Wine cooler repair"
gcid:refrigerator_store,Refrigerator store,"Access, Breakfast, Brunch, Delivery, Dinner, Drive-through, Happy hours, Kitchen, Lunch, Online operating hours, Pick-up, Takeaway, Hours for the elderly",
gcid:refugee_camp,Refugee camp,"Access, Breakfast, Brunch, Delivery, Dinner, Drive-through, Happy hours, Kitchen, Lunch, Online operating hours, Pick-up, Takeaway, Hours for the elderly",
gcid:regional_airport,Regional airport,"Access, Breakfast, Brunch, Delivery, Dinner, Drive-through, Happy hours, Kitchen, Lunch, Online operating hours, Pick-up, Takeaway, Hours for the elderly",
gcid:regional_council,Regional council,"Access, Breakfast, Brunch, Delivery, Dinner, Drive-through, Happy hours, Kitchen, Lunch, Online operating hours, Pick-up, Takeaway, Hours for the elderly",
gcid:regional_government_office,Regional government office,"Access, Breakfast, Brunch, Delivery, Dinner, Drive-through, Happy hours, Kitchen, Lunch, Online operating hours, Pick-up, Takeaway, Hours for the elderly",
gcid:registered_general_nurse,Registered general nurse,"Breakfast, Delivery, Dinner, Drive-through, Lunch, Online operating hours, Pick-up, Hours for the elderly",
gcid:registration_office,Registration office,"Access, Breakfast, Brunch, Delivery, Dinner, Drive-through, Happy hours, Kitchen, Lunch, Online operating hours, Pick-up, Takeaway, Hours for the elderly",
gcid:registry_office,Registry office,"Access, Breakfast, Brunch, Delivery, Dinner, Drive-through, Happy hours, Kitchen, Lunch, Online operating hours, Pick-up, Takeaway, Hours for the elderly",
gcid:rehabilitation_center,Rehabilitation center,"Breakfast, Delivery, Dinner, Drive-through, Lunch, Online operating hours, Pick-up, Hours for the elderly",
gcid:rehearsa_studio,Rehearsal studio,"Access, Breakfast, Brunch, Delivery, Dinner, Drive-through, Happy hours, Kitchen, Lunch, Online operating hours, Pick-up, Takeaway, Hours for the elderly",
gcid:reiki_therapist,Reiki therapist,"Breakfast, Delivery, Dinner, Drive-through, Lunch, Online operating hours, Pick-up, Hours for the elderly",
gcid:religious_book_store,Religious book store,"Access, Breakfast, Brunch, Delivery, Dinner, Drive-through, Happy hours, Kitchen, Lunch, Online operating hours, Pick-up, Takeaway, Hours for the elderly",
gcid:religious_destination,Religious destination,"Access, Breakfast, Brunch, Delivery, Dinner, Kitchen, Lunch, Online operating hours, Pick-up, Takeaway, Hours for the elderly, Prayer",
gcid:religious_goods_store,Religious goods store,"Access, Breakfast, Brunch, Delivery, Dinner, Drive-through, Happy hours, Kitchen, Lunch, Online operating hours, Pick-up, Takeaway, Hours for the elderly",
gcid:religious_institution,Religious institution,"Access, Breakfast, Brunch, Delivery, Dinner, Kitchen, Lunch, Online operating hours, Pick-up, Takeaway, Hours for the elderly",
gcid:religious_lodging,Religious lodging,"Access, Breakfast, Brunch, Delivery, Dinner, Drive-through, Happy hours, Kitchen, Lunch, Online operating hours, Pick-up, Takeaway, Hours for the elderly",
gcid:religious_organization,Religious organization,"Access, Breakfast, Brunch, Delivery, Dinner, Drive-through, Happy hours, Kitchen, Lunch, Online operating hours, Pick-up, Takeaway, Hours for the elderly",
gcid:religious_school,Religious school,"Access, Breakfast, Brunch, Delivery, Dinner, Drive-through, Happy hours, Kitchen, Lunch, Online operating hours, Pick-up, Takeaway, Hours for the elderly",
gcid:remodeler,Remodeler,"Access, Breakfast, Brunch, Delivery, Dinner, Drive-through, Happy hours, Kitchen, Lunch, Online operating hours, Pick-up, Takeaway, Hours for the elderly","Accessory building construction, Furniture assembly, Basement remodeling, Bathroom remodeling, Gutter cleaning, Concrete pouring, Deck construction, Exterior structural repairs, Foundation pouring, Remodeling, Home addition construction, Drywall installation, Fan installation, Install flooring, Tile work installation, Plumbing fixture installation, Interior structural repairs, Kitchen remodeling, TV mounting, Paint indoors, Exterior painting, Patio construction, Drywall repair, Fan repair, Repair flooring, Repair water fixtures, Tile work replacement, Roof installation, Roof repair"
gcid:renault_dealer,Renault dealer,"Access, Breakfast, Brunch, Delivery, Dinner, Drive-through, Happy hours, Kitchen, Lunch, Online operating hours, Pick-up, Takeaway, Hours for the elderly",
gcid:rental_car_return_location,Rental car return location,"Access, Breakfast, Brunch, Delivery, Dinner, Drive-through, Happy hours, Kitchen, Lunch, Online operating hours, Pick-up, Takeaway, Hours for the elderly",
gcid:renters_insurance_agency,Renter's insurance agency,"Access, Breakfast, Brunch, Delivery, Dinner, Drive-through, Happy hours, Kitchen, Lunch, Online operating hours, Pick-up, Takeaway, Hours for the elderly",
gcid:repair_service,Repair service,"Access, Breakfast, Brunch, Delivery, Dinner, Drive-through, Happy hours, Kitchen, Lunch, Online operating hours, Pick-up, Takeaway, Hours for the elderly","Installation, Freezer repair"
gcid:reproductive_health_clinic,Reproductive health clinic,"Breakfast, Delivery, Dinner, Drive-through, Lunch, Online operating hours, Pick-up, Hours for the elderly",
gcid:reptile_store,Reptile store,"Access, Breakfast, Brunch, Delivery, Dinner, Drive-through, Happy hours, Kitchen, Lunch, Online operating hours, Pick-up, Takeaway, Hours for the elderly",
gcid:research_and_product_development,Research and product development,"Access, Breakfast, Brunch, Delivery, Dinner, Drive-through, Happy hours, Kitchen, Lunch, Online operating hours, Pick-up, Takeaway, Hours for the elderly",
gcid:research_engineer,Research engineer,"Access, Breakfast, Brunch, Delivery, Dinner, Drive-through, Happy hours, Kitchen, Lunch, Online operating hours, Pick-up, Takeaway, Hours for the elderly",
gcid:research_foundation,Research foundation,"Access, Breakfast, Brunch, Delivery, Dinner, Drive-through, Happy hours, Kitchen, Lunch, Online operating hours, Pick-up, Takeaway, Hours for the elderly",
gcid:research_institute,Research institute,"Access, Breakfast, Brunch, Delivery, Dinner, Drive-through, Happy hours, Kitchen, Lunch, Online operating hours, Pick-up, Takeaway, Hours for the elderly",
gcid:residential_college,Residential college,"Access, Breakfast, Brunch, Delivery, Dinner, Drive-through, Happy hours, Kitchen, Lunch, Online operating hours, Pick-up, Takeaway, Hours for the elderly",
gcid:residents_association,Residents association,"Access, Breakfast, Brunch, Delivery, Dinner, Drive-through, Happy hours, Kitchen, Lunch, Online operating hours, Pick-up, Takeaway, Hours for the elderly",
gcid:resort_hotel,Resort hotel,"Access, Breakfast, Brunch, Delivery, Dinner, Drive-through, Happy hours, Kitchen, Lunch, Online operating hours, Pick-up, Takeaway, Hours for the elderly",
gcid:rest_stop,Rest stop,"Access, Breakfast, Brunch, Delivery, Dinner, Drive-through, Happy hours, Kitchen, Lunch, Online operating hours, Pick-up, Takeaway, Hours for the elderly",
gcid:restaurant,Restaurant,"Access, Breakfast, Brunch, Delivery, Dinner, Drive-through, Happy hours, Kitchen, Lunch, Online operating hours, Takeaway, Hours for the elderly",
gcid:restaurant_brasserie,Brasserie,"Access, Breakfast, Brunch, Delivery, Dinner, Drive-through, Happy hours, Kitchen, Lunch, Online operating hours, Takeaway, Hours for the elderly",
gcid:restaurant_supply_store,Restaurant supply store,"Access, Breakfast, Brunch, Delivery, Dinner, Drive-through, Happy hours, Kitchen, Lunch, Online operating hours, Pick-up, Takeaway, Hours for the elderly",
gcid:resume_service,Resume service,"Access, Breakfast, Brunch, Delivery, Dinner, Drive-through, Happy hours, Kitchen, Lunch, Online operating hours, Pick-up, Takeaway, Hours for the elderly",
gcid:retail_space_rental_agency,Retail space rental agency,"Access, Breakfast, Brunch, Delivery, Dinner, Drive-through, Happy hours, Kitchen, Lunch, Online operating hours, Pick-up, Takeaway, Hours for the elderly",
gcid:retaining_wall_supplier,Retaining wall supplier,"Access, Breakfast, Brunch, Delivery, Dinner, Drive-through, Happy hours, Kitchen, Lunch, Online operating hours, Pick-up, Takeaway, Hours for the elderly",
gcid:retirement_community,Retirement community,"Access, Breakfast, Brunch, Delivery, Dinner, Drive-through, Happy hours, Kitchen, Lunch, Online operating hours, Pick-up, Takeaway, Hours for the elderly",
gcid:retirement_home,Retirement home,"Breakfast, Delivery, Dinner, Drive-through, Lunch, Online operating hours, Pick-up, Hours for the elderly",
gcid:retreat_center,Retreat center,"Breakfast, Delivery, Dinner, Drive-through, Lunch, Online operating hours, Pick-up, Hours for the elderly",
gcid:rheumatologist,Rheumatologist,"Breakfast, Delivery, Dinner, Drive-through, Lunch, Online operating hours, Pick-up, Hours for the elderly",
gcid:rice_cake_shop,Rice cake shop,"Access, Breakfast, Brunch, Delivery, Dinner, Drive-through, Happy hours, Kitchen, Lunch, Online operating hours, Pick-up, Takeaway, Hours for the elderly",
gcid:rice_cracker_shop,Rice cracker shop,"Access, Breakfast, Brunch, Delivery, Dinner, Drive-through, Happy hours, Kitchen, Lunch, Online operating hours, Pick-up, Takeaway, Hours for the elderly",
gcid:rice_mill,Rice mill,"Access, Breakfast, Brunch, Delivery, Dinner, Drive-through, Happy hours, Kitchen, Lunch, Online operating hours, Pick-up, Takeaway, Hours for the elderly",
gcid:rice_restaurant,Rice restaurant,"Access, Breakfast, Brunch, Delivery, Dinner, Drive-through, Happy hours, Kitchen, Lunch, Online operating hours, Takeaway, Hours for the elderly",
gcid:rice_shop,Rice shop,"Access, Breakfast, Brunch, Delivery, Dinner, Drive-through, Happy hours, Kitchen, Lunch, Online operating hours, Pick-up, Takeaway, Hours for the elderly",
gcid:rice_wholesaler,Rice wholesaler,"Access, Breakfast, Brunch, Delivery, Dinner, Drive-through, Happy hours, Kitchen, Lunch, Online operating hours, Pick-up, Takeaway, Hours for the elderly",
gcid:rideshare_pickup_location,Rideshare pickup location,"Access, Breakfast, Brunch, Delivery, Dinner, Drive-through, Happy hours, Kitchen, Lunch, Online operating hours, Pick-up, Takeaway, Hours for the elderly",
gcid:river_port,River port,"Access, Breakfast, Brunch, Delivery, Dinner, Drive-through, Happy hours, Kitchen, Lunch, Online operating hours, Pick-up, Takeaway, Hours for the elderly",
gcid:road_construction_company,Road construction company,"Access, Breakfast, Brunch, Delivery, Dinner, Drive-through, Happy hours, Kitchen, Lunch, Online operating hours, Pick-up, Takeaway, Hours for the elderly","Asphalt paving & repair, Barricade & flagging services, Bridge repair, Concrete repair & installation, Excavation & grading, Project management, Project planning, Road & highway repair, Road painting & striping, Sewer construction, Storm drain construction, Structural concrete, Temporary traffic control services, Waterline construction"
gcid:road_construction_machine_repair_service,Road construction machine repair service,"Access, Breakfast, Brunch, Delivery, Dinner, Drive-through, Happy hours, Kitchen, Lunch, Online operating hours, Pick-up, Takeaway, Hours for the elderly",
gcid:road_cycling,Road cycling,"Access, Breakfast, Brunch, Delivery, Dinner, Drive-through, Happy hours, Kitchen, Lunch, Online operating hours, Pick-up, Takeaway, Hours for the elderly",
gcid:road_safety_town,Road safety town,"Access, Breakfast, Brunch, Delivery, Dinner, Drive-through, Happy hours, Kitchen, Lunch, Online operating hours, Pick-up, Takeaway, Hours for the elderly",
gcid:roads_ports_and_canals_engineers_association,Roads ports and canals engineers association,"Access, Breakfast, Brunch, Delivery, Dinner, Drive-through, Happy hours, Kitchen, Lunch, Online operating hours, Pick-up, Takeaway, Hours for the elderly",
gcid:rock_climbing,Rock climbing,"Access, Breakfast, Brunch, Delivery, Dinner, Drive-through, Happy hours, Kitchen, Lunch, Online operating hours, Pick-up, Takeaway, Hours for the elderly",
gcid:rock_climbing_centre,Rock climbing gym,"Access, Breakfast, Brunch, Delivery, Dinner, Drive-through, Happy hours, Kitchen, Lunch, Online operating hours, Pick-up, Takeaway, Hours for the elderly",
gcid:rock_climbing_instructor,Rock climbing instructor,"Access, Breakfast, Brunch, Delivery, Dinner, Drive-through, Happy hours, Kitchen, Lunch, Online operating hours, Pick-up, Takeaway, Hours for the elderly",
gcid:rock_music_club,Rock music club,"Access, Breakfast, Brunch, Delivery, Dinner, Drive-through, Happy hours, Kitchen, Lunch, Online operating hours, Pick-up, Takeaway, Hours for the elderly",
gcid:rock_shop,Rock shop,"Access, Breakfast, Brunch, Delivery, Dinner, Drive-through, Happy hours, Kitchen, Lunch, Online operating hours, Pick-up, Takeaway, Hours for the elderly",
gcid:rodeo,Rodeo,"Access, Breakfast, Brunch, Delivery, Dinner, Drive-through, Happy hours, Kitchen, Lunch, Online operating hours, Pick-up, Takeaway, Hours for the elderly",
gcid:rolled_metal_products_supplier,Rolled metal products supplier,"Access, Breakfast, Brunch, Delivery, Dinner, Drive-through, Happy hours, Kitchen, Lunch, Online operating hours, Pick-up, Takeaway, Hours for the elderly",
gcid:roller_coaster,Roller coaster,"Access, Breakfast, Brunch, Delivery, Dinner, Drive-through, Happy hours, Kitchen, Lunch, Online operating hours, Pick-up, Takeaway, Hours for the elderly",
gcid:roller_skating_club,Roller skating club,"Access, Breakfast, Brunch, Delivery, Dinner, Drive-through, Happy hours, Kitchen, Lunch, Online operating hours, Pick-up, Takeaway, Hours for the elderly",
gcid:roller_skating_rink,Roller skating rink,"Access, Breakfast, Brunch, Delivery, Dinner, Drive-through, Happy hours, Kitchen, Lunch, Online operating hours, Pick-up, Takeaway, Hours for the elderly",
gcid:rolls_royce_dealer,Rolls-Royce dealer,"Access, Breakfast, Brunch, Delivery, Dinner, Drive-through, Happy hours, Kitchen, Lunch, Online operating hours, Pick-up, Takeaway, Hours for the elderly",
gcid:roman_restaurant,Roman restaurant,"Access, Breakfast, Brunch, Delivery, Dinner, Drive-through, Happy hours, Kitchen, Lunch, Online operating hours, Takeaway, Hours for the elderly",
gcid:romanian_restaurant,Romanian restaurant,"Access, Breakfast, Brunch, Delivery, Dinner, Drive-through, Happy hours, Kitchen, Lunch, Online operating hours, Takeaway, Hours for the elderly",
gcid:roofing_contractor,Roofing contractor,"Access, Breakfast, Brunch, Delivery, Dinner, Drive-through, Happy hours, Kitchen, Lunch, Online operating hours, Pick-up, Takeaway, Hours for the elderly","Attic venting, Attic venting installation, Attic venting repairs, Gutter cleaning, Gutter installation, Gutter repairs, Roof damage repair, Roof inspection, Roof installation, Roof repair, Skylight installation, Skylight repair, Roof repair for storm & wind damage"
gcid:roofing_supply_store,Roofing supply store,"Access, Breakfast, Brunch, Delivery, Dinner, Drive-through, Happy hours, Kitchen, Lunch, Online operating hours, Pick-up, Takeaway, Hours for the elderly",
gcid:roommate_referral_service,Roommate referral service,"Access, Breakfast, Brunch, Delivery, Dinner, Drive-through, Happy hours, Kitchen, Lunch, Online operating hours, Pick-up, Takeaway, Hours for the elderly",
gcid:rowing_area,Rowing area,"Access, Breakfast, Brunch, Delivery, Dinner, Drive-through, Happy hours, Kitchen, Lunch, Online operating hours, Pick-up, Takeaway, Hours for the elderly",
gcid:rowing_club,Rowing club,"Access, Breakfast, Brunch, Delivery, Dinner, Drive-through, Happy hours, Kitchen, Lunch, Online operating hours, Pick-up, Takeaway, Hours for the elderly",
gcid:rsl_club,Rsl club,"Access, Breakfast, Brunch, Delivery, Dinner, Drive-through, Happy hours, Kitchen, Lunch, Online operating hours, Pick-up, Takeaway, Hours for the elderly",
gcid:rubber_products_supplier,Rubber products supplier,"Access, Breakfast, Brunch, Delivery, Dinner, Drive-through, Happy hours, Kitchen, Lunch, Online operating hours, Pick-up, Takeaway, Hours for the elderly",
gcid:rubber_stamp_store,Rubber stamp store,"Access, Breakfast, Brunch, Delivery, Dinner, Drive-through, Happy hours, Kitchen, Lunch, Online operating hours, Pick-up, Takeaway, Hours for the elderly",
gcid:rug_store,Rug store,"Access, Breakfast, Brunch, Delivery, Dinner, Drive-through, Happy hours, Kitchen, Lunch, Online operating hours, Pick-up, Takeaway, Hours for the elderly",
gcid:rugby,Rugby,"Access, Breakfast, Brunch, Delivery, Dinner, Drive-through, Happy hours, Kitchen, Lunch, Online operating hours, Pick-up, Takeaway, Hours for the elderly",
gcid:rugby_club,Rugby club,"Access, Breakfast, Brunch, Delivery, Dinner, Drive-through, Happy hours, Kitchen, Lunch, Online operating hours, Pick-up, Takeaway, Hours for the elderly",
gcid:rugby_field,Rugby field,"Access, Breakfast, Brunch, Delivery, Dinner, Drive-through, Happy hours, Kitchen, Lunch, Online operating hours, Pick-up, Takeaway, Hours for the elderly",
gcid:rugby_league_club,Rugby league club,"Access, Breakfast, Brunch, Delivery, Dinner, Drive-through, Happy hours, Kitchen, Lunch, Online operating hours, Pick-up, Takeaway, Hours for the elderly",
gcid:rugby_store,Rugby store,"Access, Breakfast, Brunch, Delivery, Dinner, Drive-through, Happy hours, Kitchen, Lunch, Online operating hours, Pick-up, Takeaway, Hours for the elderly",
gcid:running_store,Running store,"Access, Breakfast, Brunch, Delivery, Dinner, Drive-through, Happy hours, Kitchen, Lunch, Online operating hours, Pick-up, Takeaway, Hours for the elderly",
gcid:russian_grocery_store,Russian grocery store,"Access, Breakfast, Brunch, Delivery, Dinner, Drive-through, Happy hours, Kitchen, Lunch, Online operating hours, Pick-up, Takeaway, Hours for the elderly",
gcid:russian_orthodox_church,Russian Orthodox church,"Access, Breakfast, Brunch, Delivery, Dinner, Kitchen, Lunch, Online operating hours, Pick-up, Takeaway, Hours for the elderly, Prayer, Worship service",
gcid:russian_restaurant,Russian restaurant,"Access, Breakfast, Brunch, Delivery, Dinner, Drive-through, Happy hours, Kitchen, Lunch, Online operating hours, Takeaway, Hours for the elderly",
gcid:rustic_furniture_store,Rustic furniture store,"Access, Breakfast, Brunch, Delivery, Dinner, Drive-through, Happy hours, Kitchen, Lunch, Online operating hours, Pick-up, Takeaway, Hours for the elderly",
gcid:rv_dealer,RV dealer,"Access, Breakfast, Brunch, Delivery, Dinner, Drive-through, Happy hours, Kitchen, Lunch, Online operating hours, Pick-up, Takeaway, Hours for the elderly",
gcid:rv_detailing_service,RV detailing service,"Access, Breakfast, Brunch, Delivery, Dinner, Drive-through, Happy hours, Kitchen, Lunch, Online operating hours, Pick-up, Takeaway, Hours for the elderly",
gcid:rv_inspection_service,RV inspection service,"Access, Breakfast, Brunch, Delivery, Dinner, Drive-through, Happy hours, Kitchen, Lunch, Online operating hours, Pick-up, Takeaway, Hours for the elderly",
gcid:rv_park,RV park,"Access, Breakfast, Brunch, Delivery, Dinner, Drive-through, Happy hours, Kitchen, Lunch, Online operating hours, Pick-up, Takeaway, Hours for the elderly",
gcid:rv_rental_agency,Recreational vehicle rental agency,"Access, Breakfast, Brunch, Delivery, Dinner, Drive-through, Happy hours, Kitchen, Lunch, Online operating hours, Pick-up, Takeaway, Hours for the elderly",
gcid:rv_repair_and_maintenance_service,RV repair and maintenance service,"Access, Breakfast, Brunch, Delivery, Dinner, Drive-through, Happy hours, Kitchen, Lunch, Online operating hours, Pick-up, Takeaway, Hours for the elderly",
gcid:rv_repair_shop,RV repair shop,"Access, Breakfast, Brunch, Delivery, Dinner, Drive-through, Happy hours, Kitchen, Lunch, Online operating hours, Pick-up, Takeaway, Hours for the elderly","Air & cabin filter replacement, Battery, Body & Trim, Brakes, Air conditioning, Electrical, Auto engine diagnostic, Exhaust, Oil change, Steering & suspension repair, Tires, Transmission"
gcid:rv_storage_facility,RV storage facility,"Access, Breakfast, Brunch, Delivery, Dinner, Drive-through, Happy hours, Kitchen, Lunch, Online operating hours, Pick-up, Takeaway, Hours for the elderly",
gcid:rv_supply_store,RV supply store,"Access, Breakfast, Brunch, Delivery, Dinner, Drive-through, Happy hours, Kitchen, Lunch, Online operating hours, Pick-up, Takeaway, Hours for the elderly",
gcid:saab_dealer,Saab dealer,"Access, Breakfast, Brunch, Delivery, Dinner, Drive-through, Happy hours, Kitchen, Lunch, Online operating hours, Pick-up, Takeaway, Hours for the elderly",
gcid:sacem,Sacem,"Access, Breakfast, Brunch, Delivery, Dinner, Drive-through, Happy hours, Kitchen, Lunch, Online operating hours, Pick-up, Takeaway, Hours for the elderly",
gcid:saddlery,Saddlery,"Access, Breakfast, Brunch, Delivery, Dinner, Drive-through, Happy hours, Kitchen, Lunch, Online operating hours, Pick-up, Takeaway, Hours for the elderly",
gcid:safe_and_vault_shop,Safe & vault shop,"Access, Breakfast, Brunch, Delivery, Dinner, Drive-through, Happy hours, Kitchen, Lunch, Online operating hours, Pick-up, Takeaway, Hours for the elderly",
gcid:safety_equipment_supplier,Safety equipment supplier,"Access, Breakfast, Brunch, Delivery, Dinner, Drive-through, Happy hours, Kitchen, Lunch, Online operating hours, Pick-up, Takeaway, Hours for the elderly","Chemical protection, Clothing, Eye protection, Fall protection, Fire protection, First aid, Foot protection, Hand protection, Head & face protection, Hearing protection, Industrial equipment, Respiratory protection, Traffic control equipment"
gcid:sailing_club,Sailing club,"Access, Breakfast, Brunch, Delivery, Dinner, Drive-through, Happy hours, Kitchen, Lunch, Online operating hours, Pick-up, Takeaway, Hours for the elderly",
gcid:sailing_event_area,Sailing event area,"Access, Breakfast, Brunch, Delivery, Dinner, Drive-through, Happy hours, Kitchen, Lunch, Online operating hours, Pick-up, Takeaway, Hours for the elderly",
gcid:sailing_school,Sailing school,"Access, Breakfast, Brunch, Delivery, Dinner, Drive-through, Happy hours, Kitchen, Lunch, Online operating hours, Pick-up, Takeaway, Hours for the elderly","Anchoring clinic, Asymmetrical spinnaker, Bareboat cruising, Boat endorsement, Celestial endorsement, Celestial navigation, Coastal cruising, Coastal navigation, Docking endorsement, Electronics training, Keelboat sailing, Night sailing, Outboard engine clinic, Person overboard recovery"
gcid:sailmaker,Sailmaker,"Access, Breakfast, Brunch, Delivery, Dinner, Drive-through, Happy hours, Kitchen, Lunch, Online operating hours, Pick-up, Takeaway, Hours for the elderly",
gcid:sake_brewery,Sake brewery,"Access, Breakfast, Brunch, Delivery, Dinner, Drive-through, Happy hours, Kitchen, Lunch, Online operating hours, Pick-up, Takeaway, Hours for the elderly",
gcid:salad_shop,Salad shop,"Access, Breakfast, Brunch, Delivery, Dinner, Drive-through, Happy hours, Kitchen, Lunch, Online operating hours, Takeaway, Hours for the elderly",
gcid:salsa_bar,Salsa bar,"Access, Breakfast, Brunch, Delivery, Dinner, Drive-through, Happy hours, Kitchen, Lunch, Online operating hours, Pick-up, Takeaway, Hours for the elderly",
gcid:salsa_classes,Salsa classes,"Access, Breakfast, Brunch, Delivery, Dinner, Drive-through, Happy hours, Kitchen, Lunch, Online operating hours, Pick-up, Takeaway, Hours for the elderly",
gcid:salvadoran_restaurant,Salvadoran restaurant,"Access, Breakfast, Brunch, Delivery, Dinner, Drive-through, Happy hours, Kitchen, Lunch, Online operating hours, Takeaway, Hours for the elderly",
gcid:salvage_dealer,Salvage dealer,"Access, Breakfast, Brunch, Delivery, Dinner, Drive-through, Happy hours, Kitchen, Lunch, Online operating hours, Pick-up, Takeaway, Hours for the elderly",
gcid:salvage_yard,Salvage yard,"Access, Breakfast, Brunch, Delivery, Dinner, Drive-through, Happy hours, Kitchen, Lunch, Online operating hours, Pick-up, Takeaway, Hours for the elderly",
gcid:samba_school,Samba school,"Access, Breakfast, Brunch, Delivery, Dinner, Drive-through, Happy hours, Kitchen, Lunch, Online operating hours, Pick-up, Takeaway, Hours for the elderly",
gcid:sambo_school,Sambo school,"Breakfast, Delivery, Dinner, Drive-through, Lunch, Online operating hours, Pick-up, Hours for the elderly",
gcid:sambodrome,Sambodrome,"Access, Breakfast, Brunch, Delivery, Dinner, Drive-through, Happy hours, Kitchen, Lunch, Online operating hours, Pick-up, Takeaway, Hours for the elderly",
gcid:sand_and_gravel_supplier,Sand & gravel supplier,"Access, Breakfast, Brunch, Delivery, Dinner, Drive-through, Happy hours, Kitchen, Lunch, Online operating hours, Pick-up, Takeaway, Hours for the elderly","Crushing, Excavation & grading, Lab services, Landscaping, On-site delivery, General paving, Processing, Recycling, Screening, Stockpiling, Transloading"
gcid:sand_plant,Sand plant,"Access, Breakfast, Brunch, Delivery, Dinner, Drive-through, Happy hours, Kitchen, Lunch, Online operating hours, Pick-up, Takeaway, Hours for the elderly",
gcid:sandblasting_service,Sandblasting service,"Access, Breakfast, Brunch, Delivery, Dinner, Drive-through, Happy hours, Kitchen, Lunch, Online operating hours, Pick-up, Takeaway, Hours for the elderly",
gcid:sandwich_shop,Sandwich shop,"Access, Breakfast, Brunch, Delivery, Dinner, Drive-through, Happy hours, Kitchen, Lunch, Online operating hours, Takeaway, Hours for the elderly",
gcid:sanitary_inspection,Sanitary inspection,"Access, Breakfast, Brunch, Delivery, Dinner, Drive-through, Happy hours, Kitchen, Lunch, Online operating hours, Pick-up, Takeaway, Hours for the elderly",
gcid:sanitation_service,Sanitation service,"Access, Breakfast, Brunch, Delivery, Dinner, Drive-through, Happy hours, Kitchen, Lunch, Online operating hours, Pick-up, Takeaway, Hours for the elderly",
gcid:sardinian_restaurant,Sardinian restaurant,"Access, Breakfast, Brunch, Delivery, Dinner, Drive-through, Happy hours, Kitchen, Lunch, Online operating hours, Takeaway, Hours for the elderly",
gcid:saree_shop,Saree Shop,"Access, Breakfast, Brunch, Delivery, Dinner, Drive-through, Happy hours, Kitchen, Lunch, Online operating hours, Pick-up, Takeaway, Hours for the elderly",
gcid:satay_restaurant,Satay restaurant,"Access, Breakfast, Brunch, Delivery, Dinner, Drive-through, Happy hours, Kitchen, Lunch, Online operating hours, Takeaway, Hours for the elderly",
gcid:satellite_communication_service,Satellite communication service,"Access, Breakfast, Brunch, Delivery, Dinner, Drive-through, Happy hours, Kitchen, Lunch, Online operating hours, Pick-up, Takeaway, Hours for the elderly",
gcid:saturn_dealer,Saturn dealer,"Access, Breakfast, Brunch, Delivery, Dinner, Drive-through, Happy hours, Kitchen, Lunch, Online operating hours, Pick-up, Takeaway, Hours for the elderly",
gcid:sauna,Sauna,"Breakfast, Delivery, Dinner, Drive-through, Lunch, Online operating hours, Pick-up, Hours for the elderly",
gcid:sauna_club,Sauna club,"Access, Breakfast, Brunch, Delivery, Dinner, Drive-through, Happy hours, Kitchen, Lunch, Online operating hours, Pick-up, Takeaway, Hours for the elderly",
gcid:sauna_store,Sauna store,"Access, Breakfast, Brunch, Delivery, Dinner, Drive-through, Happy hours, Kitchen, Lunch, Online operating hours, Pick-up, Takeaway, Hours for the elderly",
gcid:savings_bank,Savings bank,"Breakfast, Dinner, Drive-through, Lunch, Online operating hours, Hours for the elderly",
gcid:saw_mill,Saw mill,"Access, Breakfast, Brunch, Delivery, Dinner, Drive-through, Happy hours, Kitchen, Lunch, Online operating hours, Pick-up, Takeaway, Hours for the elderly",
gcid:saw_sharpening_service,Saw sharpening service,"Access, Breakfast, Brunch, Delivery, Dinner, Drive-through, Happy hours, Kitchen, Lunch, Online operating hours, Pick-up, Takeaway, Hours for the elderly",
gcid:scaffolder,Scaffolding service,"Access, Breakfast, Brunch, Delivery, Dinner, Drive-through, Happy hours, Kitchen, Lunch, Online operating hours, Pick-up, Takeaway, Hours for the elderly",
gcid:scaffolding_rental_service,Scaffolding rental service,"Access, Breakfast, Brunch, Delivery, Dinner, Drive-through, Happy hours, Kitchen, Lunch, Online operating hours, Pick-up, Takeaway, Hours for the elderly","Debris netting, Ground protection, Material hoisting, Personal safety equipment, Scaffolding covering, Scaffolding delivery, Scaffolding installation/disassembly, Scaffolding rental, Swing stages"
gcid:scale_model_club,Scale model club,"Access, Breakfast, Brunch, Delivery, Dinner, Drive-through, Happy hours, Kitchen, Lunch, Online operating hours, Pick-up, Takeaway, Hours for the elderly",
gcid:scale_model_shop,Model shop,"Access, Breakfast, Brunch, Delivery, Dinner, Drive-through, Happy hours, Kitchen, Lunch, Online operating hours, Pick-up, Takeaway, Hours for the elderly",
gcid:scale_repair_service,Scale repair service,"Access, Breakfast, Brunch, Delivery, Dinner, Drive-through, Happy hours, Kitchen, Lunch, Online operating hours, Pick-up, Takeaway, Hours for the elderly",
gcid:scale_supplier,Scale supplier,"Access, Breakfast, Brunch, Delivery, Dinner, Drive-through, Happy hours, Kitchen, Lunch, Online operating hours, Pick-up, Takeaway, Hours for the elderly",
gcid:scandinavian_restaurant,Scandinavian restaurant,"Access, Breakfast, Brunch, Delivery, Dinner, Drive-through, Happy hours, Kitchen, Lunch, Online operating hours, Takeaway, Hours for the elderly",
gcid:scenic_spot,Scenic spot,"Access, Breakfast, Brunch, Delivery, Dinner, Drive-through, Happy hours, Kitchen, Lunch, Online operating hours, Pick-up, Takeaway, Hours for the elderly",
gcid:scenography_company,Scenography company,"Access, Breakfast, Brunch, Delivery, Dinner, Drive-through, Happy hours, Kitchen, Lunch, Online operating hours, Pick-up, Takeaway, Hours for the elderly",
gcid:school_administrator,School administration office,"Access, Breakfast, Brunch, Delivery, Dinner, Drive-through, Happy hours, Kitchen, Lunch, Online operating hours, Pick-up, Takeaway, Hours for the elderly",
gcid:school_bus_service,School bus service,"Access, Breakfast, Brunch, Delivery, Dinner, Drive-through, Happy hours, Kitchen, Lunch, Online operating hours, Pick-up, Takeaway, Hours for the elderly",
gcid:school_center,School center,"Access, Breakfast, Brunch, Delivery, Dinner, Drive-through, Happy hours, Kitchen, Lunch, Online operating hours, Pick-up, Takeaway, Hours for the elderly",
gcid:school_district_office,School district office,"Access, Breakfast, Brunch, Delivery, Dinner, Drive-through, Happy hours, Kitchen, Lunch, Online operating hours, Pick-up, Takeaway, Hours for the elderly",
gcid:school_for_the_deaf,School for the deaf,"Access, Breakfast, Brunch, Delivery, Dinner, Drive-through, Happy hours, Kitchen, Lunch, Online operating hours, Pick-up, Takeaway, Hours for the elderly",
gcid:school_house,School house,"Access, Breakfast, Brunch, Delivery, Dinner, Drive-through, Happy hours, Kitchen, Lunch, Online operating hours, Pick-up, Takeaway, Hours for the elderly",
gcid:school_lunch_center,School cafeteria,"Access, Breakfast, Brunch, Delivery, Dinner, Drive-through, Happy hours, Kitchen, Lunch, Online operating hours, Pick-up, Takeaway, Hours for the elderly",
gcid:school_supply_store,School supply store,"Access, Breakfast, Brunch, Delivery, Dinner, Drive-through, Happy hours, Kitchen, Lunch, Online operating hours, Pick-up, Takeaway, Hours for the elderly",
gcid:science_museum,Science museum,"Access, Breakfast, Brunch, Delivery, Dinner, Drive-through, Happy hours, Kitchen, Lunch, Online operating hours, Pick-up, Takeaway, Hours for the elderly",
gcid:scientific_equipment_supplier,Scientific equipment supplier,"Access, Breakfast, Brunch, Delivery, Dinner, Drive-through, Happy hours, Kitchen, Lunch, Online operating hours, Pick-up, Takeaway, Hours for the elderly",
gcid:scooter_rental_service,Scooter rental service,"Access, Breakfast, Brunch, Delivery, Dinner, Drive-through, Happy hours, Kitchen, Lunch, Online operating hours, Pick-up, Takeaway, Hours for the elderly",
gcid:scooter_repair_shop,Scooter repair shop,"Access, Breakfast, Brunch, Delivery, Dinner, Drive-through, Happy hours, Kitchen, Lunch, Online operating hours, Pick-up, Takeaway, Hours for the elderly",
gcid:scottish_restaurant,Scottish restaurant,"Access, Breakfast, Brunch, Delivery, Dinner, Drive-through, Happy hours, Kitchen, Lunch, Online operating hours, Takeaway, Hours for the elderly",
gcid:scout_hall,Scout hall,"Access, Breakfast, Brunch, Delivery, Dinner, Drive-through, Happy hours, Kitchen, Lunch, Online operating hours, Pick-up, Takeaway, Hours for the elderly",
gcid:scout_home,Scout home,"Access, Breakfast, Brunch, Delivery, Dinner, Drive-through, Happy hours, Kitchen, Lunch, Online operating hours, Pick-up, Takeaway, Hours for the elderly",
gcid:scouting,Scouting,"Access, Breakfast, Brunch, Delivery, Dinner, Drive-through, Happy hours, Kitchen, Lunch, Online operating hours, Pick-up, Takeaway, Hours for the elderly",
gcid:scrap_metal_dealer,Scrap metal dealer,"Access, Breakfast, Brunch, Delivery, Dinner, Drive-through, Happy hours, Kitchen, Lunch, Online operating hours, Pick-up, Takeaway, Hours for the elderly",
gcid:scrapbooking_store,Scrapbooking store,"Access, Breakfast, Brunch, Delivery, Dinner, Drive-through, Happy hours, Kitchen, Lunch, Online operating hours, Pick-up, Takeaway, Hours for the elderly",
gcid:screen_printer,Screen printer,"Access, Breakfast, Brunch, Delivery, Dinner, Drive-through, Happy hours, Kitchen, Lunch, Online operating hours, Pick-up, Takeaway, Hours for the elderly",
gcid:screen_printing_shop,Screen printing shop,"Access, Breakfast, Brunch, Delivery, Dinner, Drive-through, Happy hours, Kitchen, Lunch, Online operating hours, Pick-up, Takeaway, Hours for the elderly",
gcid:screen_printing_supply_store,Screen printing supply store,"Access, Breakfast, Brunch, Delivery, Dinner, Drive-through, Happy hours, Kitchen, Lunch, Online operating hours, Pick-up, Takeaway, Hours for the elderly",
gcid:screen_repair_service,Screen repair service,"Access, Breakfast, Brunch, Delivery, Dinner, Drive-through, Happy hours, Kitchen, Lunch, Online operating hours, Pick-up, Takeaway, Hours for the elderly","Battery issues, Button repair, Camera repair, Defective parts, Diagnostics analysis, General repairs, Screen repair/replacement, Speaker repair, Water damage repair"
gcid:screen_store,Screen store,"Access, Breakfast, Brunch, Delivery, Dinner, Drive-through, Happy hours, Kitchen, Lunch, Online operating hours, Pick-up, Takeaway, Hours for the elderly",
gcid:screw_supplier,Screw supplier,"Access, Breakfast, Brunch, Delivery, Dinner, Drive-through, Happy hours, Kitchen, Lunch, Online operating hours, Pick-up, Takeaway, Hours for the elderly",
gcid:scuba_instructor,SCUBA instructor,"Access, Breakfast, Brunch, Delivery, Dinner, Drive-through, Happy hours, Kitchen, Lunch, Online operating hours, Pick-up, Takeaway, Hours for the elderly","Emergency response diving training, Equipment rental, Equipment repair, Freediving, Group lessons, Private lessons, Professional diving training, Recreational diving courses, Scuba certification courses, Scuba trips, Snorkeling, Technical diving courses, Youth courses"
gcid:scuba_tour_agency,SCUBA tour agency,"Access, Breakfast, Brunch, Delivery, Dinner, Drive-through, Happy hours, Kitchen, Lunch, Online operating hours, Pick-up, Takeaway, Hours for the elderly",
gcid:sculptor,Sculptor,"Access, Breakfast, Brunch, Delivery, Dinner, Drive-through, Happy hours, Kitchen, Lunch, Online operating hours, Pick-up, Takeaway, Hours for the elderly",
gcid:sculpture,Sculpture,"Access, Breakfast, Brunch, Delivery, Dinner, Drive-through, Happy hours, Kitchen, Lunch, Online operating hours, Pick-up, Takeaway, Hours for the elderly",
gcid:sculpture_museum,Sculpture museum,"Access, Breakfast, Brunch, Delivery, Dinner, Drive-through, Happy hours, Kitchen, Lunch, Online operating hours, Pick-up, Takeaway, Hours for the elderly",
gcid:seafood_donburi,Seafood donburi restaurant,"Access, Breakfast, Brunch, Delivery, Dinner, Drive-through, Happy hours, Kitchen, Lunch, Online operating hours, Takeaway, Hours for the elderly",
gcid:seafood_farm,Seafood farm,"Access, Breakfast, Brunch, Delivery, Dinner, Drive-through, Happy hours, Kitchen, Lunch, Online operating hours, Pick-up, Takeaway, Hours for the elderly",
gcid:seafood_market,Seafood market,"Access, Breakfast, Brunch, Delivery, Dinner, Drive-through, Happy hours, Kitchen, Lunch, Online operating hours, Pick-up, Takeaway, Hours for the elderly",
gcid:seafood_restaurant,Seafood restaurant,"Access, Breakfast, Brunch, Delivery, Dinner, Drive-through, Happy hours, Kitchen, Lunch, Online operating hours, Takeaway, Hours for the elderly",
gcid:seafood_wholesaler,Seafood wholesaler,"Access, Breakfast, Brunch, Delivery, Dinner, Drive-through, Happy hours, Kitchen, Lunch, Online operating hours, Pick-up, Takeaway, Hours for the elderly",
gcid:seal_shop,Seal shop,"Access, Breakfast, Brunch, Delivery, Dinner, Drive-through, Happy hours, Kitchen, Lunch, Online operating hours, Pick-up, Takeaway, Hours for the elderly",
gcid:seaplane_base,Seaplane base,"Access, Breakfast, Brunch, Delivery, Dinner, Drive-through, Happy hours, Kitchen, Lunch, Online operating hours, Pick-up, Takeaway, Hours for the elderly",
gcid:seasonal_goods_store,Seasonal goods store,"Access, Breakfast, Brunch, Delivery, Dinner, Drive-through, Happy hours, Kitchen, Lunch, Online operating hours, Pick-up, Takeaway, Hours for the elderly",
gcid:seat_dealer,Seat dealer,"Access, Breakfast, Brunch, Delivery, Dinner, Drive-through, Happy hours, Kitchen, Lunch, Online operating hours, Pick-up, Takeaway, Hours for the elderly",
gcid:seating_systems_provider,Seating systems provider,"Access, Breakfast, Brunch, Delivery, Dinner, Drive-through, Happy hours, Kitchen, Lunch, Online operating hours, Pick-up, Takeaway, Hours for the elderly",
gcid:seblak_restaurant,Seblak restaurant,"Access, Breakfast, Brunch, Delivery, Dinner, Drive-through, Happy hours, Kitchen, Lunch, Online operating hours, Takeaway, Hours for the elderly",
gcid:second_hand_shop,Second hand store,"Access, Breakfast, Brunch, Delivery, Dinner, Drive-through, Happy hours, Kitchen, Lunch, Online operating hours, Pick-up, Takeaway, Hours for the elderly",
gcid:secondary_school,Secondary school,"Access, Breakfast, Brunch, Delivery, Dinner, Drive-through, Happy hours, Kitchen, Lunch, Online operating hours, Pick-up, Takeaway, Hours for the elderly",
gcid:security_guard_service,Security guard service,"Access, Breakfast, Brunch, Delivery, Dinner, Drive-through, Happy hours, Kitchen, Lunch, Online operating hours, Pick-up, Takeaway, Hours for the elderly",
gcid:security_service,Security service,"Access, Breakfast, Brunch, Delivery, Dinner, Drive-through, Happy hours, Kitchen, Lunch, Online operating hours, Pick-up, Takeaway, Hours for the elderly",
gcid:security_system_installer,Security system installation service,"Access, Breakfast, Brunch, Delivery, Dinner, Drive-through, Happy hours, Kitchen, Lunch, Online operating hours, Pick-up, Takeaway, Hours for the elderly",
gcid:security_system_supplier,Security system supplier,"Access, Breakfast, Brunch, Delivery, Dinner, Drive-through, Happy hours, Kitchen, Lunch, Online operating hours, Pick-up, Takeaway, Hours for the elderly","General repairs, Installation, Security cameras, Technical support"
gcid:seed_supplier,Seed supplier,"Access, Breakfast, Brunch, Delivery, Dinner, Drive-through, Happy hours, Kitchen, Lunch, Online operating hours, Pick-up, Takeaway, Hours for the elderly",
gcid:seitai,Seitai,"Access, Breakfast, Brunch, Delivery, Dinner, Drive-through, Happy hours, Kitchen, Lunch, Online operating hours, Pick-up, Takeaway, Hours for the elderly",
gcid:self_catering_accommodation,Self-catering accommodation,"Access, Breakfast, Brunch, Delivery, Dinner, Drive-through, Happy hours, Kitchen, Lunch, Online operating hours, Pick-up, Takeaway, Hours for the elderly",
gcid:self_defense_school,Self defense school,"Breakfast, Delivery, Dinner, Drive-through, Lunch, Online operating hours, Pick-up, Hours for the elderly",
gcid:self_service_car_wash,Self service car wash,"Access, Breakfast, Brunch, Delivery, Dinner, Drive-through, Happy hours, Kitchen, Lunch, Online operating hours, Pick-up, Takeaway, Hours for the elderly",
gcid:self_service_health_station,Self service health station,"Breakfast, Delivery, Dinner, Drive-through, Lunch, Online operating hours, Pick-up, Hours for the elderly",
gcid:self_service_restaurant,Self service restaurant,"Access, Breakfast, Brunch, Delivery, Dinner, Drive-through, Happy hours, Kitchen, Lunch, Online operating hours, Takeaway, Hours for the elderly",
gcid:self_storage_facility,Self-storage facility,"Access, Breakfast, Brunch, Delivery, Dinner, Drive-through, Happy hours, Kitchen, Lunch, Online operating hours, Pick-up, Takeaway, Hours for the elderly","Alarm monitoring, Carry-in service, Climate controlling, Dollies & moving carts, Forklift rental, Move-in trucks, Online payments, Package placement, Packing & moving supplies, Self storage"
gcid:semi_conductor_supplier,Semi conductor supplier,"Access, Breakfast, Brunch, Delivery, Dinner, Drive-through, Happy hours, Kitchen, Lunch, Online operating hours, Pick-up, Takeaway, Hours for the elderly",
gcid:seminary,Seminary,"Access, Breakfast, Brunch, Delivery, Dinner, Kitchen, Lunch, Online operating hours, Pick-up, Takeaway, Hours for the elderly",
gcid:senior_citizen_center,Senior citizen center,"Access, Breakfast, Brunch, Delivery, Dinner, Drive-through, Happy hours, Kitchen, Lunch, Online operating hours, Pick-up, Takeaway, Hours for the elderly",
gcid:senior_citizens_care_service,Aged care,"Access, Breakfast, Brunch, Delivery, Dinner, Drive-through, Happy hours, Kitchen, Lunch, Online operating hours, Pick-up, Takeaway, Hours for the elderly",
gcid:senior_high_school,Senior high school,"Access, Breakfast, Brunch, Delivery, Dinner, Drive-through, Happy hours, Kitchen, Lunch, Online operating hours, Pick-up, Takeaway, Hours for the elderly",
gcid:septic_system_service,Septic system service,"Access, Breakfast, Brunch, Delivery, Dinner, Drive-through, Happy hours, Kitchen, Lunch, Online operating hours, Pick-up, Takeaway, Hours for the elderly","Plumbing leak detection, Faucet installation, Garbage disposal installation, Shower installation, Toilet installation, Water heater installation, Faucet repair, Garbage disposal repair, Outdoor plumbing system repair, Plumbing pipe repair, Sewer repair, Shower repair, Toilet repair, Water heater repair, Septic system installation, Drain cleaning"
gcid:serbian_restaurant,Serbian restaurant,"Access, Breakfast, Brunch, Delivery, Dinner, Drive-through, Happy hours, Kitchen, Lunch, Online operating hours, Takeaway, Hours for the elderly",
gcid:serviced_accommodation,Serviced accommodation,"Access, Breakfast, Brunch, Delivery, Dinner, Drive-through, Happy hours, Kitchen, Lunch, Online operating hours, Pick-up, Takeaway, Hours for the elderly",
gcid:serviced_apartment,Serviced apartment,"Access, Breakfast, Brunch, Delivery, Dinner, Drive-through, Happy hours, Kitchen, Lunch, Online operating hours, Pick-up, Takeaway, Hours for the elderly",Security services
gcid:seventh_day_adventist_church,Seventh-day Adventist church,"Access, Breakfast, Brunch, Delivery, Dinner, Kitchen, Lunch, Online operating hours, Pick-up, Takeaway, Hours for the elderly, Prayer, Worship service",
gcid:sewage_disposal_service,Sewage disposal service,"Access, Breakfast, Brunch, Delivery, Dinner, Drive-through, Happy hours, Kitchen, Lunch, Online operating hours, Pick-up, Takeaway, Hours for the elderly",
gcid:sewage_treatment_plant,Sewage treatment plant,"Access, Breakfast, Brunch, Delivery, Dinner, Drive-through, Happy hours, Kitchen, Lunch, Online operating hours, Pick-up, Takeaway, Hours for the elderly",
gcid:sewing_company,Sewing company,"Access, Breakfast, Brunch, Delivery, Dinner, Drive-through, Happy hours, Kitchen, Lunch, Online operating hours, Pick-up, Takeaway, Hours for the elderly",
gcid:sewing_machine_repair_service,Sewing machine repair service,"Access, Breakfast, Brunch, Delivery, Dinner, Drive-through, Happy hours, Kitchen, Lunch, Online operating hours, Pick-up, Takeaway, Hours for the elderly","Belt replacement, Bobbin winders repair, Feed timing adjustment, Full cleaning, General repairs & maintenance, Needle bar repair, Needle threader repair & replacement, Oil application, Tension adjustment, Thread cutter repair"
gcid:sewing_machine_store,Sewing machine store,"Access, Breakfast, Brunch, Delivery, Dinner, Drive-through, Happy hours, Kitchen, Lunch, Online operating hours, Pick-up, Takeaway, Hours for the elderly",
gcid:sewing_school,Sewing school,"Access, Breakfast, Brunch, Delivery, Dinner, Drive-through, Happy hours, Kitchen, Lunch, Online operating hours, Pick-up, Takeaway, Hours for the elderly",
gcid:sewing_shop,Sewing shop,"Access, Breakfast, Brunch, Delivery, Dinner, Drive-through, Happy hours, Kitchen, Lunch, Online operating hours, Pick-up, Takeaway, Hours for the elderly",
gcid:sexologist,Sexologist,"Breakfast, Delivery, Dinner, Drive-through, Lunch, Online operating hours, Pick-up, Hours for the elderly",
gcid:seychelles_restaurant,Seychelles restaurant,"Access, Breakfast, Brunch, Delivery, Dinner, Drive-through, Happy hours, Kitchen, Lunch, Online operating hours, Takeaway, Hours for the elderly",
gcid:sfiha_restaurant,Sfiha restaurant,"Access, Breakfast, Brunch, Delivery, Dinner, Drive-through, Happy hours, Kitchen, Lunch, Online operating hours, Takeaway, Hours for the elderly",
gcid:shabu_shabu_and_sukiyaki_restaurant,Sukiyaki and Shabu Shabu restaurant,"Access, Breakfast, Brunch, Delivery, Dinner, Drive-through, Happy hours, Kitchen, Lunch, Online operating hours, Takeaway, Hours for the elderly",
gcid:shabu_shabu_restaurant,Shabu-shabu restaurant,"Access, Breakfast, Brunch, Delivery, Dinner, Drive-through, Happy hours, Kitchen, Lunch, Online operating hours, Takeaway, Hours for the elderly",
gcid:shan_dong_restaurant,Shandong restaurant,"Access, Breakfast, Brunch, Delivery, Dinner, Drive-through, Happy hours, Kitchen, Lunch, Online operating hours, Takeaway, Hours for the elderly",
gcid:shanghainese_restaurant,Shanghainese restaurant,"Access, Breakfast, Brunch, Delivery, Dinner, Drive-through, Happy hours, Kitchen, Lunch, Online operating hours, Takeaway, Hours for the elderly",
gcid:shared_use_commercial_kitchen,Shared-use commercial kitchen,"Access, Breakfast, Brunch, Delivery, Dinner, Drive-through, Happy hours, Kitchen, Lunch, Online operating hours, Pick-up, Takeaway, Hours for the elderly",
gcid:sharpening_service,Sharpening service,"Access, Breakfast, Brunch, Delivery, Dinner, Drive-through, Happy hours, Kitchen, Lunch, Online operating hours, Pick-up, Takeaway, Hours for the elderly",
gcid:shawarma_restaurant,Shawarma restaurant,"Access, Breakfast, Brunch, Delivery, Dinner, Drive-through, Happy hours, Kitchen, Lunch, Online operating hours, Takeaway, Hours for the elderly",
gcid:shed_builder,Shed builder,"Access, Breakfast, Brunch, Delivery, Dinner, Drive-through, Happy hours, Kitchen, Lunch, Online operating hours, Pick-up, Takeaway, Hours for the elderly","Barn design & building, Cabin design & building, Carport design & building, Custom shed design, Garage design & building, Shed delivery to installation sites, Shed installation, Shed moving, Steel shed design & building, Storage shed design & building"
gcid:sheep_shearer,Sheep shearer,"Access, Breakfast, Brunch, Delivery, Dinner, Drive-through, Happy hours, Kitchen, Lunch, Online operating hours, Pick-up, Takeaway, Hours for the elderly",
gcid:sheepskin_and_wool_products_supplier,Sheepskin and wool products supplier,"Access, Breakfast, Brunch, Delivery, Dinner, Drive-through, Happy hours, Kitchen, Lunch, Online operating hours, Pick-up, Takeaway, Hours for the elderly",
gcid:sheet_metal_contractor,Sheet metal contractor,"Access, Breakfast, Brunch, Delivery, Dinner, Drive-through, Happy hours, Kitchen, Lunch, Online operating hours, Pick-up, Takeaway, Hours for the elderly","Cad drafting services, Countertops, Covers, Custom fabrication, Forming, Guards, Kick plates, Machining, Plasma & laser cutting, Punching, Shearing, Table construction & installation, Welding"
gcid:sheet_music_store,Sheet music store,"Access, Breakfast, Brunch, Delivery, Dinner, Drive-through, Happy hours, Kitchen, Lunch, Online operating hours, Pick-up, Takeaway, Hours for the elderly",
gcid:shelter,Shelter,"Access, Breakfast, Brunch, Delivery, Dinner, Drive-through, Happy hours, Kitchen, Lunch, Online operating hours, Pick-up, Takeaway, Hours for the elderly",
gcid:sheltered_housing,Sheltered housing,"Access, Breakfast, Brunch, Delivery, Dinner, Drive-through, Happy hours, Kitchen, Lunch, Online operating hours, Pick-up, Takeaway, Hours for the elderly",
gcid:shelving_store,Shelving store,"Access, Breakfast, Brunch, Delivery, Dinner, Drive-through, Happy hours, Kitchen, Lunch, Online operating hours, Pick-up, Takeaway, Hours for the elderly",
gcid:sheriffs_department,Sheriff's department,"Access, Breakfast, Brunch, Delivery, Dinner, Drive-through, Happy hours, Kitchen, Lunch, Online operating hours, Pick-up, Takeaway, Hours for the elderly",
gcid:shinto_shrine,Shinto shrine,"Access, Breakfast, Brunch, Delivery, Dinner, Kitchen, Lunch, Online operating hours, Pick-up, Takeaway, Hours for the elderly, Prayer",
gcid:shipbuilding_and_repair_company,Shipbuilding and repair company,"Access, Breakfast, Brunch, Delivery, Dinner, Drive-through, Happy hours, Kitchen, Lunch, Online operating hours, Pick-up, Takeaway, Hours for the elderly",
gcid:shipping_and_mailing_service,Shipping and mailing service,"Access, Breakfast, Brunch, Delivery, Dinner, Drive-through, Happy hours, Kitchen, Lunch, Online operating hours, Pick-up, Takeaway, Hours for the elderly",
gcid:shipping_company,Shipping company,"Access, Breakfast, Brunch, Delivery, Dinner, Drive-through, Happy hours, Kitchen, Lunch, Online operating hours, Pick-up, Takeaway, Hours for the elderly",
gcid:shipping_equipment_industry,Shipping equipment industry,"Access, Breakfast, Brunch, Delivery, Dinner, Drive-through, Happy hours, Kitchen, Lunch, Online operating hours, Pick-up, Takeaway, Hours for the elderly",
gcid:shipping_service,Shipping service,"Access, Breakfast, Brunch, Delivery, Dinner, Drive-through, Happy hours, Kitchen, Lunch, Online operating hours, Pick-up, Takeaway, Hours for the elderly",
gcid:shipyard,Shipyard,"Access, Breakfast, Brunch, Delivery, Dinner, Drive-through, Happy hours, Kitchen, Lunch, Online operating hours, Pick-up, Takeaway, Hours for the elderly",
gcid:shochu_brewery,Shochu brewery,"Access, Breakfast, Brunch, Delivery, Dinner, Drive-through, Happy hours, Kitchen, Lunch, Online operating hours, Pick-up, Takeaway, Hours for the elderly",
gcid:shoe_factory,Shoe factory,"Access, Breakfast, Brunch, Delivery, Dinner, Drive-through, Happy hours, Kitchen, Lunch, Online operating hours, Pick-up, Takeaway, Hours for the elderly",
gcid:shoe_repair_shop,Shoe repair shop,"Access, Breakfast, Brunch, Delivery, Dinner, Drive-through, Happy hours, Kitchen, Lunch, Online operating hours, Pick-up, Takeaway, Hours for the elderly","Adhesive repair, Buckle & hardware replacement, Color matching dyes, Conditioning, Heel repair, Mold & mildew removal, Odor removal, Polishing, Recoloring, Sock liner issues, Sole repair, Stitching repair, Stretching, Waterproofing"
gcid:shoe_shining_service,Shoe shining service,"Access, Breakfast, Brunch, Delivery, Dinner, Drive-through, Happy hours, Kitchen, Lunch, Online operating hours, Pick-up, Takeaway, Hours for the elderly",
gcid:shoe_store,Shoe store,"Access, Breakfast, Brunch, Delivery, Dinner, Drive-through, Happy hours, Kitchen, Lunch, Online operating hours, Pick-up, Takeaway, Hours for the elderly",
gcid:shoe_wholesaler,Footwear wholesaler,"Access, Breakfast, Brunch, Delivery, Dinner, Drive-through, Happy hours, Kitchen, Lunch, Online operating hours, Pick-up, Takeaway, Hours for the elderly",
gcid:shogi_lesson,Shogi lesson,"Access, Breakfast, Brunch, Delivery, Dinner, Drive-through, Happy hours, Kitchen, Lunch, Online operating hours, Pick-up, Takeaway, Hours for the elderly",
gcid:shooting_event_area,Shooting event area,"Access, Breakfast, Brunch, Delivery, Dinner, Drive-through, Happy hours, Kitchen, Lunch, Online operating hours, Pick-up, Takeaway, Hours for the elderly",
gcid:shooting_range,Shooting range,"Access, Breakfast, Brunch, Delivery, Dinner, Drive-through, Happy hours, Kitchen, Lunch, Online operating hours, Pick-up, Takeaway, Hours for the elderly",
gcid:shop_supermarket_furniture_store,Shop supermarket furniture store,"Access, Breakfast, Brunch, Delivery, Dinner, Drive-through, Happy hours, Kitchen, Lunch, Online operating hours, Pick-up, Takeaway, Hours for the elderly",
gcid:shopfitter,Shopfitter,"Access, Breakfast, Brunch, Delivery, Dinner, Drive-through, Happy hours, Kitchen, Lunch, Online operating hours, Pick-up, Takeaway, Hours for the elderly",
gcid:shopping_center,Shopping mall,"Access, Breakfast, Brunch, Delivery, Dinner, Drive-through, Happy hours, Kitchen, Lunch, Online operating hours, Pick-up, Takeaway, Hours for the elderly",
gcid:short_term_apartment_rental_agency,Short term apartment rental agency,"Access, Breakfast, Brunch, Delivery, Dinner, Drive-through, Happy hours, Kitchen, Lunch, Online operating hours, Pick-up, Takeaway, Hours for the elderly",
gcid:shower_door_shop,Shower door shop,"Access, Breakfast, Brunch, Delivery, Dinner, Drive-through, Happy hours, Kitchen, Lunch, Online operating hours, Pick-up, Takeaway, Hours for the elderly",
gcid:showroom,Showroom,"Access, Breakfast, Brunch, Delivery, Dinner, Drive-through, Happy hours, Kitchen, Lunch, Online operating hours, Pick-up, Takeaway, Hours for the elderly",
gcid:shredding_service,Shredding service,"Access, Breakfast, Brunch, Delivery, Dinner, Drive-through, Happy hours, Kitchen, Lunch, Online operating hours, Pick-up, Takeaway, Hours for the elderly",
gcid:shrimp_farm,Shrimp farm,"Access, Breakfast, Brunch, Delivery, Dinner, Drive-through, Happy hours, Kitchen, Lunch, Online operating hours, Pick-up, Takeaway, Hours for the elderly",
gcid:shrine,Shrine,"Access, Breakfast, Brunch, Delivery, Dinner, Kitchen, Lunch, Online operating hours, Pick-up, Takeaway, Hours for the elderly, Prayer",
gcid:sichuan_restaurant,Sichuan restaurant,"Access, Breakfast, Brunch, Delivery, Dinner, Drive-through, Happy hours, Kitchen, Lunch, Online operating hours, Takeaway, Hours for the elderly",
gcid:sicilian_restaurant,Sicilian restaurant,"Access, Breakfast, Brunch, Delivery, Dinner, Drive-through, Happy hours, Kitchen, Lunch, Online operating hours, Takeaway, Hours for the elderly",
gcid:siding_contractor,Siding contractor,"Access, Breakfast, Brunch, Delivery, Dinner, Drive-through, Happy hours, Kitchen, Lunch, Online operating hours, Pick-up, Takeaway, Hours for the elderly","Furniture assembly, Gutter cleaning, Remodeling, Drywall installation, Fan installation, Install flooring, Tile work installation, Plumbing fixture installation, TV mounting, Paint indoors, Exterior painting, Drywall repair, Fan repair, Repair flooring, Repair water fixtures, Tile work replacement"
gcid:sightseeing_tour_agency,Sightseeing tour agency,"Access, Breakfast, Brunch, Delivery, Dinner, Drive-through, Happy hours, Kitchen, Lunch, Online operating hours, Pick-up, Takeaway, Hours for the elderly","City tours, Group tours, Private tours, Tires"
gcid:sign_shop,Sign shop,"Access, Breakfast, Brunch, Delivery, Dinner, Drive-through, Happy hours, Kitchen, Lunch, Online operating hours, Pick-up, Takeaway, Hours for the elderly",
gcid:signwriter_and_manufacturer,Signwriting service,"Access, Breakfast, Brunch, Delivery, Dinner, Drive-through, Happy hours, Kitchen, Lunch, Online operating hours, Pick-up, Takeaway, Hours for the elderly",
gcid:sikh_temple,Gurudwara,"Access, Breakfast, Brunch, Delivery, Dinner, Kitchen, Lunch, Online operating hours, Pick-up, Takeaway, Hours for the elderly, Prayer",
gcid:silk_plant_shop,Silk plant shop,"Access, Breakfast, Brunch, Delivery, Dinner, Drive-through, Happy hours, Kitchen, Lunch, Online operating hours, Pick-up, Takeaway, Hours for the elderly",
gcid:silk_store,Silk store,"Access, Breakfast, Brunch, Delivery, Dinner, Drive-through, Happy hours, Kitchen, Lunch, Online operating hours, Pick-up, Takeaway, Hours for the elderly",
gcid:silversmith,Silversmith,"Access, Breakfast, Brunch, Delivery, Dinner, Drive-through, Happy hours, Kitchen, Lunch, Online operating hours, Pick-up, Takeaway, Hours for the elderly",
gcid:singaporean_restaurant,Singaporean restaurant,"Access, Breakfast, Brunch, Delivery, Dinner, Drive-through, Happy hours, Kitchen, Lunch, Online operating hours, Takeaway, Hours for the elderly",
gcid:singing_telegram_service,Singing telegram service,"Access, Breakfast, Brunch, Delivery, Dinner, Drive-through, Happy hours, Kitchen, Lunch, Online operating hours, Pick-up, Takeaway, Hours for the elderly",
gcid:single_sex_secondary_school,Single sex secondary school,"Access, Breakfast, Brunch, Delivery, Dinner, Drive-through, Happy hours, Kitchen, Lunch, Online operating hours, Pick-up, Takeaway, Hours for the elderly",
gcid:singles_organization,Singles organization,"Access, Breakfast, Brunch, Delivery, Dinner, Drive-through, Happy hours, Kitchen, Lunch, Online operating hours, Pick-up, Takeaway, Hours for the elderly",
gcid:sixth_form_college,Sixth form college,"Access, Breakfast, Brunch, Delivery, Dinner, Drive-through, Happy hours, Kitchen, Lunch, Online operating hours, Pick-up, Takeaway, Hours for the elderly",
gcid:skate_sharpening_service,Skate sharpening service,"Access, Breakfast, Brunch, Delivery, Dinner, Drive-through, Happy hours, Kitchen, Lunch, Online operating hours, Pick-up, Takeaway, Hours for the elderly",
gcid:skate_shop,Skate shop,"Access, Breakfast, Brunch, Delivery, Dinner, Drive-through, Happy hours, Kitchen, Lunch, Online operating hours, Pick-up, Takeaway, Hours for the elderly",
gcid:skateboard_park,Skatepark,"Access, Breakfast, Brunch, Delivery, Dinner, Drive-through, Happy hours, Kitchen, Lunch, Online operating hours, Pick-up, Takeaway, Hours for the elderly",
gcid:skateboard_shop,Skateboard shop,"Access, Breakfast, Brunch, Delivery, Dinner, Drive-through, Happy hours, Kitchen, Lunch, Online operating hours, Pick-up, Takeaway, Hours for the elderly",
gcid:skating_instructor,Skating instructor,"Access, Breakfast, Brunch, Delivery, Dinner, Drive-through, Happy hours, Kitchen, Lunch, Online operating hours, Pick-up, Takeaway, Hours for the elderly",
gcid:skeet_shooting_range,Skeet shooting range,"Access, Breakfast, Brunch, Delivery, Dinner, Drive-through, Happy hours, Kitchen, Lunch, Online operating hours, Pick-up, Takeaway, Hours for the elderly",
gcid:skewer_deep_frying,Kushiage and kushikatsu restaurant,"Access, Breakfast, Brunch, Delivery, Dinner, Drive-through, Happy hours, Kitchen, Lunch, Online operating hours, Takeaway, Hours for the elderly",
gcid:ski_club,Ski club,"Access, Breakfast, Brunch, Delivery, Dinner, Drive-through, Happy hours, Kitchen, Lunch, Online operating hours, Pick-up, Takeaway, Hours for the elderly",
gcid:ski_rental_service,Ski rental service,"Access, Breakfast, Brunch, Delivery, Dinner, Drive-through, Happy hours, Kitchen, Lunch, Online operating hours, Pick-up, Takeaway, Hours for the elderly",
gcid:ski_repair_service,Ski repair service,"Access, Breakfast, Brunch, Delivery, Dinner, Drive-through, Happy hours, Kitchen, Lunch, Online operating hours, Pick-up, Takeaway, Hours for the elderly",
gcid:ski_resort,Ski resort,"Access, Breakfast, Brunch, Delivery, Dinner, Drive-through, Happy hours, Kitchen, Lunch, Online operating hours, Pick-up, Takeaway, Hours for the elderly",
gcid:ski_school,Ski school,"Access, Breakfast, Brunch, Delivery, Dinner, Drive-through, Happy hours, Kitchen, Lunch, Online operating hours, Pick-up, Takeaway, Hours for the elderly",
gcid:ski_store,Ski shop,"Access, Breakfast, Brunch, Delivery, Dinner, Drive-through, Happy hours, Kitchen, Lunch, Online operating hours, Pick-up, Takeaway, Hours for the elderly",
gcid:skin_care_clinic,Skin care clinic,"Breakfast, Delivery, Dinner, Drive-through, Lunch, Online operating hours, Pick-up, Hours for the elderly",Laser hair removal
gcid:skin_care_products_vending_machine,Skin care products vending machine,"Access, Breakfast, Brunch, Delivery, Dinner, Drive-through, Happy hours, Kitchen, Lunch, Online operating hours, Pick-up, Takeaway, Hours for the elderly",
gcid:skittle_club,Skittle club,"Access, Breakfast, Brunch, Delivery, Dinner, Drive-through, Happy hours, Kitchen, Lunch, Online operating hours, Pick-up, Takeaway, Hours for the elderly",
gcid:skoda_dealer,Skoda dealer,"Access, Breakfast, Brunch, Delivery, Dinner, Drive-through, Happy hours, Kitchen, Lunch, Online operating hours, Pick-up, Takeaway, Hours for the elderly",
gcid:skydiving_center,Skydiving center,"Access, Breakfast, Brunch, Delivery, Dinner, Drive-through, Happy hours, Kitchen, Lunch, Online operating hours, Pick-up, Takeaway, Hours for the elderly",
gcid:skylight_contractor,Skylight contractor,"Access, Breakfast, Brunch, Delivery, Dinner, Drive-through, Happy hours, Kitchen, Lunch, Online operating hours, Pick-up, Takeaway, Hours for the elderly",
gcid:slaughterhouse,Slaughterhouse,"Access, Breakfast, Brunch, Delivery, Dinner, Drive-through, Happy hours, Kitchen, Lunch, Online operating hours, Pick-up, Takeaway, Hours for the elderly",
gcid:sleep_clinic,Sleep clinic,"Breakfast, Delivery, Dinner, Drive-through, Lunch, Online operating hours, Pick-up, Hours for the elderly",
gcid:small_appliance_repair_service,Small appliance repair service,"Access, Breakfast, Brunch, Delivery, Dinner, Drive-through, Happy hours, Kitchen, Lunch, Online operating hours, Pick-up, Takeaway, Hours for the elderly","Dishwasher repair, Dryer repair, Freezer repair, Microwave repair, Oven repair, Refrigerator repair, Refrigerator/freezer repair, Stove & cooktop repair, Stove, cooktop & oven repair, Washing machine repair, Washer/dryer repair"
gcid:small_claims_assistance_service,Small claims assistance service,"Access, Breakfast, Brunch, Delivery, Dinner, Drive-through, Happy hours, Kitchen, Lunch, Online operating hours, Pick-up, Takeaway, Hours for the elderly",
gcid:small_engine_repair_service,Small engine repair service,"Access, Breakfast, Brunch, Delivery, Dinner, Drive-through, Happy hours, Kitchen, Lunch, Online operating hours, Pick-up, Takeaway, Hours for the elderly",
gcid:small_plates_restaurant,Small plates restaurant,"Access, Breakfast, Brunch, Delivery, Dinner, Drive-through, Happy hours, Kitchen, Lunch, Online operating hours, Takeaway, Hours for the elderly",
gcid:smart_car_dealer,Smart Car dealer,"Access, Breakfast, Brunch, Delivery, Dinner, Drive-through, Happy hours, Kitchen, Lunch, Online operating hours, Pick-up, Takeaway, Hours for the elderly",
gcid:smart_dealer,Smart dealer,"Access, Breakfast, Brunch, Delivery, Dinner, Drive-through, Happy hours, Kitchen, Lunch, Online operating hours, Pick-up, Takeaway, Hours for the elderly",
gcid:smart_locker_manufacturer,Smart locker manufacturer,"Access, Breakfast, Brunch, Delivery, Dinner, Drive-through, Happy hours, Kitchen, Lunch, Online operating hours, Pick-up, Takeaway, Hours for the elderly",
gcid:smart_shop,Smart shop,"Access, Breakfast, Brunch, Delivery, Dinner, Drive-through, Happy hours, Kitchen, Lunch, Online operating hours, Pick-up, Takeaway, Hours for the elderly",
gcid:smog_inspection_station,Smog inspection station,"Access, Breakfast, Brunch, Delivery, Dinner, Drive-through, Happy hours, Kitchen, Lunch, Online operating hours, Pick-up, Takeaway, Hours for the elderly","Change of ownership, Diesels, Emissions testing, Hybrid vehicles service, Initial registration, License plate replacement, Lost/duplicate title, Month & year tag replacement, Out-of-state, Registration renewal, Replacement registration card, Smog certification"
gcid:smoke_shop,Smoke shop,"Access, Breakfast, Brunch, Delivery, Dinner, Drive-through, Happy hours, Kitchen, Lunch, Online operating hours, Pick-up, Takeaway, Hours for the elderly",
gcid:smoothie_shop,Smoothie shop,"Access, Breakfast, Brunch, Delivery, Dinner, Drive-through, Happy hours, Kitchen, Lunch, Online operating hours, Takeaway, Hours for the elderly",
gcid:snack_bar,Snack bar,"Access, Breakfast, Brunch, Delivery, Dinner, Drive-through, Happy hours, Kitchen, Lunch, Online operating hours, Takeaway, Hours for the elderly",
gcid:snow_removal_service,Snow removal service,"Access, Breakfast, Brunch, Delivery, Dinner, Drive-through, Happy hours, Kitchen, Lunch, Online operating hours, Pick-up, Takeaway, Hours for the elderly",
gcid:snowboard_rental_service,Snowboard rental service,"Access, Breakfast, Brunch, Delivery, Dinner, Drive-through, Happy hours, Kitchen, Lunch, Online operating hours, Pick-up, Takeaway, Hours for the elderly",
gcid:snowboard_shop,Snowboard shop,"Access, Breakfast, Brunch, Delivery, Dinner, Drive-through, Happy hours, Kitchen, Lunch, Online operating hours, Pick-up, Takeaway, Hours for the elderly",
gcid:snowmobile_dealer,Snowmobile dealer,"Access, Breakfast, Brunch, Delivery, Dinner, Drive-through, Happy hours, Kitchen, Lunch, Online operating hours, Pick-up, Takeaway, Hours for the elderly",
gcid:snowmobile_rental_service,Snowmobile rental service,"Access, Breakfast, Brunch, Delivery, Dinner, Drive-through, Happy hours, Kitchen, Lunch, Online operating hours, Pick-up, Takeaway, Hours for the elderly",
gcid:soapland,Soapland,"Access, Breakfast, Brunch, Delivery, Dinner, Drive-through, Happy hours, Kitchen, Lunch, Online operating hours, Pick-up, Takeaway, Hours for the elderly",
gcid:soba_noodle_shop,Soba noodle shop,"Access, Breakfast, Brunch, Delivery, Dinner, Drive-through, Happy hours, Kitchen, Lunch, Online operating hours, Takeaway, Hours for the elderly",
gcid:soccer_club,Soccer club,"Access, Breakfast, Brunch, Delivery, Dinner, Drive-through, Happy hours, Kitchen, Lunch, Online operating hours, Pick-up, Takeaway, Hours for the elderly",
gcid:soccer_field,Soccer field,"Access, Breakfast, Brunch, Delivery, Dinner, Drive-through, Happy hours, Kitchen, Lunch, Online operating hours, Pick-up, Takeaway, Hours for the elderly",
gcid:soccer_practice,Soccer practice,"Access, Breakfast, Brunch, Delivery, Dinner, Drive-through, Happy hours, Kitchen, Lunch, Online operating hours, Pick-up, Takeaway, Hours for the elderly",
gcid:soccer_store,Soccer store,"Access, Breakfast, Brunch, Delivery, Dinner, Drive-through, Happy hours, Kitchen, Lunch, Online operating hours, Pick-up, Takeaway, Hours for the elderly",
gcid:social_club,Social club,"Access, Breakfast, Brunch, Delivery, Dinner, Drive-through, Happy hours, Kitchen, Lunch, Online operating hours, Pick-up, Takeaway, Hours for the elderly",
gcid:social_security_attorney,Social security attorney,"Access, Breakfast, Brunch, Delivery, Dinner, Drive-through, Happy hours, Kitchen, Lunch, Online operating hours, Pick-up, Takeaway, Hours for the elderly","Disability appeal, Disability application, Disabled adult child (dac) benefits, Disabled widower insurance benefits (dwib), Estate planning for disabled persons, Social security disability insurance (ssdi), Supplemental security income (ssi), Veterans disability benefits"
gcid:social_security_financial_department,Social security financial department,"Access, Breakfast, Brunch, Delivery, Dinner, Drive-through, Happy hours, Kitchen, Lunch, Online operating hours, Pick-up, Takeaway, Hours for the elderly",
gcid:social_security_office,Social security office,"Access, Breakfast, Brunch, Delivery, Dinner, Drive-through, Happy hours, Kitchen, Lunch, Online operating hours, Pick-up, Takeaway, Hours for the elderly",
gcid:social_services_organization,Social services organization,"Access, Breakfast, Brunch, Delivery, Dinner, Drive-through, Happy hours, Kitchen, Lunch, Online operating hours, Pick-up, Takeaway, Hours for the elderly",
gcid:social_welfare_center,Social welfare center,"Access, Breakfast, Brunch, Delivery, Dinner, Drive-through, Happy hours, Kitchen, Lunch, Online operating hours, Pick-up, Takeaway, Hours for the elderly",
gcid:social_worker,Social worker,"Access, Breakfast, Brunch, Delivery, Dinner, Drive-through, Happy hours, Kitchen, Lunch, Online operating hours, Pick-up, Takeaway, Hours for the elderly",
gcid:societe_de_flocage,Societe de Flocage,"Access, Breakfast, Brunch, Delivery, Dinner, Drive-through, Happy hours, Kitchen, Lunch, Online operating hours, Pick-up, Takeaway, Hours for the elderly",
gcid:sod_supplier,Sod supplier,"Access, Breakfast, Brunch, Delivery, Dinner, Drive-through, Happy hours, Kitchen, Lunch, Online operating hours, Pick-up, Takeaway, Hours for the elderly",
gcid:sofa_store,Sofa store,"Access, Breakfast, Brunch, Delivery, Dinner, Drive-through, Happy hours, Kitchen, Lunch, Online operating hours, Pick-up, Takeaway, Hours for the elderly",
gcid:soft_drinks_shop,Soft drinks shop,"Access, Breakfast, Brunch, Delivery, Dinner, Drive-through, Happy hours, Kitchen, Lunch, Online operating hours, Pick-up, Takeaway, Hours for the elderly",
gcid:soft_shelled_turtle_dish_restaurant,Suppon restaurant,"Access, Breakfast, Brunch, Delivery, Dinner, Drive-through, Happy hours, Kitchen, Lunch, Online operating hours, Takeaway, Hours for the elderly",
gcid:softball_club,Softball club,"Access, Breakfast, Brunch, Delivery, Dinner, Drive-through, Happy hours, Kitchen, Lunch, Online operating hours, Pick-up, Takeaway, Hours for the elderly",
gcid:softball_field,Softball field,"Access, Breakfast, Brunch, Delivery, Dinner, Drive-through, Happy hours, Kitchen, Lunch, Online operating hours, Pick-up, Takeaway, Hours for the elderly",
gcid:software_company,Software company,"Access, Breakfast, Brunch, Delivery, Dinner, Drive-through, Happy hours, Kitchen, Lunch, Online operating hours, Pick-up, Takeaway, Hours for the elderly","Application development, Big data consulting & implementation, Data center management, Data quality management, Enterprise software development, It consulting, Mobile app development, Platform consulting, Security services management, Software consulting, Software development, Software development outsourcing, Solution consulting"
gcid:software_training_institute,Software training institute,"Access, Breakfast, Brunch, Delivery, Dinner, Drive-through, Happy hours, Kitchen, Lunch, Online operating hours, Pick-up, Takeaway, Hours for the elderly",
gcid:soil_testing_service,Soil testing service,"Access, Breakfast, Brunch, Delivery, Dinner, Drive-through, Happy hours, Kitchen, Lunch, Online operating hours, Pick-up, Takeaway, Hours for the elderly",
gcid:solar_energy_company,Solar energy company,"Access, Breakfast, Brunch, Delivery, Dinner, Drive-through, Happy hours, Kitchen, Lunch, Online operating hours, Pick-up, Takeaway, Hours for the elderly",
gcid:solar_energy_contractor,Solar energy system service,"Access, Breakfast, Brunch, Delivery, Dinner, Drive-through, Happy hours, Kitchen, Lunch, Online operating hours, Pick-up, Takeaway, Hours for the elderly",
gcid:solar_energy_equipment_supplier,Solar energy equipment supplier,"Access, Breakfast, Brunch, Delivery, Dinner, Drive-through, Happy hours, Kitchen, Lunch, Online operating hours, Pick-up, Takeaway, Hours for the elderly",Flooring
gcid:solar_hot_water_system_supplier,Solar hot water system supplier,"Access, Breakfast, Brunch, Delivery, Dinner, Drive-through, Happy hours, Kitchen, Lunch, Online operating hours, Pick-up, Takeaway, Hours for the elderly",
gcid:solar_panel_maintenance_service,Solar panel maintenance service,"Access, Breakfast, Brunch, Delivery, Dinner, Drive-through, Happy hours, Kitchen, Lunch, Online operating hours, Pick-up, Takeaway, Hours for the elderly",
gcid:solar_photovoltaic_power_plant,Solar photovoltaic power plant,"Access, Breakfast, Brunch, Delivery, Dinner, Drive-through, Happy hours, Kitchen, Lunch, Online operating hours, Pick-up, Takeaway, Hours for the elderly",
gcid:solid_fuel_company,Solid fuel company,"Access, Breakfast, Brunch, Delivery, Dinner, Drive-through, Happy hours, Kitchen, Lunch, Online operating hours, Pick-up, Takeaway, Hours for the elderly",
gcid:solid_waste_engineer,Solid waste engineer,"Access, Breakfast, Brunch, Delivery, Dinner, Drive-through, Happy hours, Kitchen, Lunch, Online operating hours, Pick-up, Takeaway, Hours for the elderly",
gcid:soondae_restaurant,Soondae restaurant,"Access, Breakfast, Brunch, Delivery, Dinner, Drive-through, Happy hours, Kitchen, Lunch, Online operating hours, Takeaway, Hours for the elderly",
gcid:soto_ayam_restaurant,Soto ayam restaurant,"Access, Breakfast, Brunch, Delivery, Dinner, Drive-through, Happy hours, Kitchen, Lunch, Online operating hours, Takeaway, Hours for the elderly",
gcid:soto_restaurant,Soto restaurant,"Access, Breakfast, Brunch, Delivery, Dinner, Drive-through, Happy hours, Kitchen, Lunch, Online operating hours, Takeaway, Hours for the elderly",
gcid:soul_food_restaurant,Soul food restaurant,"Access, Breakfast, Brunch, Delivery, Dinner, Drive-through, Happy hours, Kitchen, Lunch, Online operating hours, Takeaway, Hours for the elderly",
gcid:soup_kitchen,Soup kitchen,"Access, Breakfast, Brunch, Delivery, Dinner, Drive-through, Happy hours, Kitchen, Lunch, Online operating hours, Pick-up, Takeaway, Hours for the elderly",
gcid:soup_restaurant,Soup restaurant,"Access, Breakfast, Brunch, Delivery, Dinner, Drive-through, Happy hours, Kitchen, Lunch, Online operating hours, Takeaway, Hours for the elderly",
gcid:soup_shop,Soup shop,"Access, Breakfast, Brunch, Delivery, Dinner, Drive-through, Happy hours, Kitchen, Lunch, Online operating hours, Takeaway, Hours for the elderly",
gcid:south_african_restaurant,South African restaurant,"Access, Breakfast, Brunch, Delivery, Dinner, Drive-through, Happy hours, Kitchen, Lunch, Online operating hours, Takeaway, Hours for the elderly",
gcid:south_american_restaurant,South American restaurant,"Access, Breakfast, Brunch, Delivery, Dinner, Drive-through, Happy hours, Kitchen, Lunch, Online operating hours, Takeaway, Hours for the elderly",
gcid:south_asia_restaurant,South Asian restaurant,"Access, Breakfast, Brunch, Delivery, Dinner, Drive-through, Happy hours, Kitchen, Lunch, Online operating hours, Takeaway, Hours for the elderly",
gcid:south_east_asian_restaurant,Southeast Asian restaurant,"Access, Breakfast, Brunch, Delivery, Dinner, Drive-through, Happy hours, Kitchen, Lunch, Online operating hours, Takeaway, Hours for the elderly",
gcid:south_indian_restaurant,South Indian restaurant,"Access, Breakfast, Brunch, Delivery, Dinner, Drive-through, Happy hours, Kitchen, Lunch, Online operating hours, Takeaway, Hours for the elderly",
gcid:south_sulawesi_restaurant,South Sulawesi restaurant,"Access, Breakfast, Brunch, Delivery, Dinner, Drive-through, Happy hours, Kitchen, Lunch, Online operating hours, Takeaway, Hours for the elderly",
gcid:southern_italian_restaurant,Southern Italian restaurant,"Access, Breakfast, Brunch, Delivery, Dinner, Drive-through, Happy hours, Kitchen, Lunch, Online operating hours, Takeaway, Hours for the elderly",
gcid:southern_us_restaurant,Southern restaurant (US),"Access, Breakfast, Brunch, Delivery, Dinner, Drive-through, Happy hours, Kitchen, Lunch, Online operating hours, Takeaway, Hours for the elderly",
gcid:southwest_french_restaurant,Southwest France restaurant,"Access, Breakfast, Brunch, Delivery, Dinner, Drive-through, Happy hours, Kitchen, Lunch, Online operating hours, Takeaway, Hours for the elderly",
gcid:southwestern_us_restaurant,Southwestern restaurant (US),"Access, Breakfast, Brunch, Delivery, Dinner, Drive-through, Happy hours, Kitchen, Lunch, Online operating hours, Takeaway, Hours for the elderly",
gcid:souvenir_manufacturer,Souvenir manufacturer,"Access, Breakfast, Brunch, Delivery, Dinner, Drive-through, Happy hours, Kitchen, Lunch, Online operating hours, Pick-up, Takeaway, Hours for the elderly",
gcid:souvenir_store,Souvenir store,"Access, Breakfast, Brunch, Delivery, Dinner, Drive-through, Happy hours, Kitchen, Lunch, Online operating hours, Pick-up, Takeaway, Hours for the elderly",
gcid:soy_sauce_maker,Soy sauce maker,"Access, Breakfast, Brunch, Delivery, Dinner, Drive-through, Happy hours, Kitchen, Lunch, Online operating hours, Pick-up, Takeaway, Hours for the elderly",
gcid:spa,Spa,"Access, Breakfast, Brunch, Delivery, Dinner, Drive-through, Happy hours, Kitchen, Lunch, Online operating hours, Pick-up, Takeaway, Hours for the elderly","Acrylic nails, Body polishing, Body scrub, Body waxing, Body wraps, Chemical peels, Eyebrow threading, Eyelash extensions, Facial, Float therapy, Hairstyling, Hair threading, Hydrotherapy, Infrared Sauna, Manicures, Massages, Massage therapy, Microblading, Pedicures, Skin treatments, Spa packages, Spa parties, Tanning, Hair threading"
gcid:spa_and_health_club,Spa and health club,"Access, Breakfast, Brunch, Delivery, Dinner, Drive-through, Happy hours, Kitchen, Lunch, Online operating hours, Pick-up, Takeaway, Hours for the elderly","Body waxing, Hairstyling, Manicures, Pedicures, Skin treatments, Tanning"
gcid:spa_garden,Spa garden,"Access, Breakfast, Brunch, Delivery, Dinner, Drive-through, Happy hours, Kitchen, Lunch, Online operating hours, Pick-up, Takeaway, Hours for the elderly",
gcid:space_of_remembrance,Space of remembrance,"Access, Breakfast, Brunch, Delivery, Dinner, Drive-through, Happy hours, Kitchen, Lunch, Online operating hours, Pick-up, Takeaway, Hours for the elderly",
gcid:spanish_restaurant,Spanish restaurant,"Access, Breakfast, Brunch, Delivery, Dinner, Drive-through, Happy hours, Kitchen, Lunch, Online operating hours, Takeaway, Hours for the elderly",
gcid:special_education_school,Special education school,"Access, Breakfast, Brunch, Delivery, Dinner, Drive-through, Happy hours, Kitchen, Lunch, Online operating hours, Pick-up, Takeaway, Hours for the elderly",
gcid:special_educator,Special educator,"Access, Breakfast, Brunch, Delivery, Dinner, Drive-through, Happy hours, Kitchen, Lunch, Online operating hours, Pick-up, Takeaway, Hours for the elderly",
gcid:specialist_book_shop,Specialist book shop,"Access, Breakfast, Brunch, Delivery, Dinner, Drive-through, Happy hours, Kitchen, Lunch, Online operating hours, Pick-up, Takeaway, Hours for the elderly",
gcid:specialized_clinic,Specialized clinic,"Breakfast, Delivery, Dinner, Drive-through, Lunch, Online operating hours, Pick-up, Hours for the elderly",
gcid:specialized_hospital,Specialized hospital,"Breakfast, Delivery, Dinner, Drive-through, Lunch, Online operating hours, Pick-up, Hours for the elderly",
gcid:speech_pathologist,Speech pathologist,"Breakfast, Delivery, Dinner, Drive-through, Lunch, Online operating hours, Pick-up, Hours for the elderly",
gcid:sperm_bank,Sperm bank,"Breakfast, Delivery, Dinner, Drive-through, Lunch, Online operating hours, Pick-up, Hours for the elderly",
gcid:spice_store,Spice store,"Access, Breakfast, Brunch, Delivery, Dinner, Drive-through, Happy hours, Kitchen, Lunch, Online operating hours, Pick-up, Takeaway, Hours for the elderly",
gcid:spices_exporter,Spice exporter,"Access, Breakfast, Brunch, Delivery, Dinner, Drive-through, Happy hours, Kitchen, Lunch, Online operating hours, Pick-up, Takeaway, Hours for the elderly",
gcid:spices_wholesalers,Spice wholesaler,"Access, Breakfast, Brunch, Delivery, Dinner, Drive-through, Happy hours, Kitchen, Lunch, Online operating hours, Pick-up, Takeaway, Hours for the elderly",
gcid:spine_surgeon,Spine surgeon,"Breakfast, Delivery, Dinner, Drive-through, Lunch, Online operating hours, Pick-up, Hours for the elderly",
gcid:spiritist_center,Spiritist center,"Access, Breakfast, Brunch, Delivery, Dinner, Kitchen, Lunch, Online operating hours, Pick-up, Takeaway, Hours for the elderly, Prayer",
gcid:sport_tour_agency,Sport tour agency,"Access, Breakfast, Brunch, Delivery, Dinner, Drive-through, Happy hours, Kitchen, Lunch, Online operating hours, Pick-up, Takeaway, Hours for the elderly",
gcid:sporting_goods_store,Sporting goods store,"Access, Breakfast, Brunch, Delivery, Dinner, Drive-through, Happy hours, Kitchen, Lunch, Online operating hours, Pick-up, Takeaway, Hours for the elderly",
gcid:sports_accessories_wholesaler,Sports accessories wholesaler,"Access, Breakfast, Brunch, Delivery, Dinner, Drive-through, Happy hours, Kitchen, Lunch, Online operating hours, Pick-up, Takeaway, Hours for the elderly",
gcid:sports_bar,Sports bar,"Access, Breakfast, Brunch, Delivery, Dinner, Drive-through, Happy hours, Kitchen, Lunch, Online operating hours, Takeaway, Hours for the elderly",
gcid:sports_card_store,Sports card store,"Access, Breakfast, Brunch, Delivery, Dinner, Drive-through, Happy hours, Kitchen, Lunch, Online operating hours, Pick-up, Takeaway, Hours for the elderly",
gcid:sports_club,Sports club,"Access, Breakfast, Brunch, Delivery, Dinner, Drive-through, Happy hours, Kitchen, Lunch, Online operating hours, Pick-up, Takeaway, Hours for the elderly",
gcid:sports_complex,Sports complex,"Access, Breakfast, Brunch, Delivery, Dinner, Drive-through, Happy hours, Kitchen, Lunch, Online operating hours, Pick-up, Takeaway, Hours for the elderly",
gcid:sports_equipment_rental_service,Sports equipment rental service,"Access, Breakfast, Brunch, Delivery, Dinner, Drive-through, Happy hours, Kitchen, Lunch, Online operating hours, Pick-up, Takeaway, Hours for the elderly",
gcid:sports_injury_service,Sports injury clinic,"Breakfast, Delivery, Dinner, Drive-through, Lunch, Online operating hours, Pick-up, Hours for the elderly",
gcid:sports_management_and_promotion,Sports management and promotion,"Access, Breakfast, Brunch, Delivery, Dinner, Drive-through, Happy hours, Kitchen, Lunch, Online operating hours, Pick-up, Takeaway, Hours for the elderly",
gcid:sports_massage_therapist,Sports massage therapist,"Access, Breakfast, Brunch, Delivery, Dinner, Drive-through, Happy hours, Kitchen, Lunch, Online operating hours, Pick-up, Takeaway, Hours for the elderly",
gcid:sports_medicine_clinic,Sports medicine clinic,"Breakfast, Delivery, Dinner, Drive-through, Lunch, Online operating hours, Pick-up, Hours for the elderly",
gcid:sports_medicine_physician,Sports medicine physician,"Breakfast, Delivery, Dinner, Drive-through, Lunch, Online operating hours, Pick-up, Hours for the elderly",
gcid:sports_memorabilia_store,Sports memorabilia store,"Access, Breakfast, Brunch, Delivery, Dinner, Drive-through, Happy hours, Kitchen, Lunch, Online operating hours, Pick-up, Takeaway, Hours for the elderly",
gcid:sports_nutrition_store,Sports nutrition store,"Access, Breakfast, Brunch, Delivery, Dinner, Drive-through, Happy hours, Kitchen, Lunch, Online operating hours, Pick-up, Takeaway, Hours for the elderly",
gcid:sports_school,Sports school,"Access, Breakfast, Brunch, Delivery, Dinner, Drive-through, Happy hours, Kitchen, Lunch, Online operating hours, Pick-up, Takeaway, Hours for the elderly","Baseball, Basketball, Camps, Clinics, Football, Golf, Group lessons, Lacrosse, Private lessons, Soccer, Swimming, Teams, Tennis, Volleyball"
gcid:sportswear_store,Sportswear store,"Access, Breakfast, Brunch, Delivery, Dinner, Drive-through, Happy hours, Kitchen, Lunch, Online operating hours, Pick-up, Takeaway, Hours for the elderly",
gcid:sportwear_manufacturer,Sportwear manufacturer,"Access, Breakfast, Brunch, Delivery, Dinner, Drive-through, Happy hours, Kitchen, Lunch, Online operating hours, Pick-up, Takeaway, Hours for the elderly",
gcid:spring_supplier,Spring supplier,"Access, Breakfast, Brunch, Delivery, Dinner, Drive-through, Happy hours, Kitchen, Lunch, Online operating hours, Pick-up, Takeaway, Hours for the elderly",
gcid:squash_club,Squash club,"Access, Breakfast, Brunch, Delivery, Dinner, Drive-through, Happy hours, Kitchen, Lunch, Online operating hours, Pick-up, Takeaway, Hours for the elderly",
gcid:squash_court,Squash court,"Access, Breakfast, Brunch, Delivery, Dinner, Drive-through, Happy hours, Kitchen, Lunch, Online operating hours, Pick-up, Takeaway, Hours for the elderly",
gcid:sri_lankan_restaurant,Sri Lankan restaurant,"Access, Breakfast, Brunch, Delivery, Dinner, Drive-through, Happy hours, Kitchen, Lunch, Online operating hours, Takeaway, Hours for the elderly",
gcid:stable,Stable,"Access, Breakfast, Brunch, Delivery, Dinner, Drive-through, Happy hours, Kitchen, Lunch, Online operating hours, Pick-up, Takeaway, Hours for the elderly",
gcid:stadium,Stadium,"Access, Breakfast, Brunch, Delivery, Dinner, Drive-through, Happy hours, Kitchen, Lunch, Online operating hours, Pick-up, Takeaway, Hours for the elderly",
gcid:stage,Stage,"Access, Breakfast, Brunch, Delivery, Dinner, Drive-through, Happy hours, Kitchen, Lunch, Online operating hours, Pick-up, Takeaway, Hours for the elderly",
gcid:stage_lighting_equipment_supplier,Stage lighting equipment supplier,"Access, Breakfast, Brunch, Delivery, Dinner, Drive-through, Happy hours, Kitchen, Lunch, Online operating hours, Pick-up, Takeaway, Hours for the elderly",
gcid:stained_glass_design_and_material,Stained glass design and material supplier,"Access, Breakfast, Brunch, Delivery, Dinner, Drive-through, Happy hours, Kitchen, Lunch, Online operating hours, Pick-up, Takeaway, Hours for the elderly",
gcid:stained_glass_studio,Stained glass studio,"Access, Breakfast, Brunch, Delivery, Dinner, Drive-through, Happy hours, Kitchen, Lunch, Online operating hours, Pick-up, Takeaway, Hours for the elderly",
gcid:stainless_steel_plant,Stainless steel plant,"Access, Breakfast, Brunch, Delivery, Dinner, Drive-through, Happy hours, Kitchen, Lunch, Online operating hours, Pick-up, Takeaway, Hours for the elderly",
gcid:stair_contractor,Stair contractor,"Access, Breakfast, Brunch, Delivery, Dinner, Drive-through, Happy hours, Kitchen, Lunch, Online operating hours, Pick-up, Takeaway, Hours for the elderly",
gcid:stall_installation_service,Stall installation service,"Access, Breakfast, Brunch, Delivery, Dinner, Drive-through, Happy hours, Kitchen, Lunch, Online operating hours, Pick-up, Takeaway, Hours for the elderly",
gcid:stamp_collectors_club,Stamp collectors club,"Access, Breakfast, Brunch, Delivery, Dinner, Drive-through, Happy hours, Kitchen, Lunch, Online operating hours, Pick-up, Takeaway, Hours for the elderly",
gcid:stamp_shop,Stamp shop,"Access, Breakfast, Brunch, Delivery, Dinner, Drive-through, Happy hours, Kitchen, Lunch, Online operating hours, Pick-up, Takeaway, Hours for the elderly",
gcid:stand_bar,Stand bar,"Access, Breakfast, Brunch, Delivery, Dinner, Drive-through, Happy hours, Kitchen, Lunch, Online operating hours, Takeaway, Hours for the elderly",
gcid:staple_food_package,Staple food package,"Access, Breakfast, Brunch, Delivery, Dinner, Drive-through, Happy hours, Kitchen, Lunch, Online operating hours, Pick-up, Takeaway, Hours for the elderly",
gcid:state_archive,State archive,"Access, Breakfast, Brunch, Delivery, Dinner, Drive-through, Happy hours, Kitchen, Lunch, Online operating hours, Pick-up, Takeaway, Hours for the elderly",
gcid:state_employment_department,State employment department,"Access, Breakfast, Brunch, Delivery, Dinner, Drive-through, Happy hours, Kitchen, Lunch, Online operating hours, Pick-up, Takeaway, Hours for the elderly",
gcid:state_government_office,State government office,"Access, Breakfast, Brunch, Delivery, Dinner, Drive-through, Happy hours, Kitchen, Lunch, Online operating hours, Pick-up, Takeaway, Hours for the elderly",
gcid:state_liquor_store,State liquor store,"Access, Breakfast, Brunch, Delivery, Dinner, Drive-through, Happy hours, Kitchen, Lunch, Online operating hours, Pick-up, Takeaway, Hours for the elderly",
gcid:state_office_of_education,State office of education,"Access, Breakfast, Brunch, Delivery, Dinner, Drive-through, Happy hours, Kitchen, Lunch, Online operating hours, Pick-up, Takeaway, Hours for the elderly",
gcid:state_owned_farm,State owned farm,"Access, Breakfast, Brunch, Delivery, Dinner, Drive-through, Happy hours, Kitchen, Lunch, Online operating hours, Pick-up, Takeaway, Hours for the elderly",
gcid:state_park,State park,"Access, Breakfast, Brunch, Delivery, Dinner, Drive-through, Happy hours, Kitchen, Lunch, Online operating hours, Pick-up, Takeaway, Hours for the elderly",
gcid:state_parliament,State parliament,"Access, Breakfast, Brunch, Delivery, Dinner, Drive-through, Happy hours, Kitchen, Lunch, Online operating hours, Pick-up, Takeaway, Hours for the elderly",
gcid:state_police,State police,"Access, Breakfast, Brunch, Delivery, Dinner, Drive-through, Happy hours, Kitchen, Lunch, Online operating hours, Pick-up, Takeaway, Hours for the elderly",
gcid:stationery_manufacturer,Stationery manufacturer,"Access, Breakfast, Brunch, Delivery, Dinner, Drive-through, Happy hours, Kitchen, Lunch, Online operating hours, Pick-up, Takeaway, Hours for the elderly",
gcid:stationery_store,Stationery store,"Access, Breakfast, Brunch, Delivery, Dinner, Drive-through, Happy hours, Kitchen, Lunch, Online operating hours, Pick-up, Takeaway, Hours for the elderly",
gcid:stationery_wholesaler,Stationery wholesaler,"Access, Breakfast, Brunch, Delivery, Dinner, Drive-through, Happy hours, Kitchen, Lunch, Online operating hours, Pick-up, Takeaway, Hours for the elderly",
gcid:statuary,Statuary,"Access, Breakfast, Brunch, Delivery, Dinner, Drive-through, Happy hours, Kitchen, Lunch, Online operating hours, Pick-up, Takeaway, Hours for the elderly",
gcid:std_clinic,STD clinic,"Breakfast, Delivery, Dinner, Drive-through, Lunch, Online operating hours, Pick-up, Hours for the elderly",
gcid:std_testing_service,STD testing service,"Breakfast, Delivery, Dinner, Drive-through, Lunch, Online operating hours, Pick-up, Hours for the elderly",
gcid:steak_house,Steak house,"Access, Breakfast, Brunch, Delivery, Dinner, Drive-through, Happy hours, Kitchen, Lunch, Online operating hours, Takeaway, Hours for the elderly",
gcid:steamboat_restaurant,Steamboat restaurant,"Access, Breakfast, Brunch, Delivery, Dinner, Drive-through, Happy hours, Kitchen, Lunch, Online operating hours, Takeaway, Hours for the elderly",
gcid:steamed_bun_shop,Steamed bun shop,"Access, Breakfast, Brunch, Delivery, Dinner, Drive-through, Happy hours, Kitchen, Lunch, Online operating hours, Takeaway, Hours for the elderly",
gcid:steel_construction_company,Steel construction company,"Access, Breakfast, Brunch, Delivery, Dinner, Drive-through, Happy hours, Kitchen, Lunch, Online operating hours, Pick-up, Takeaway, Hours for the elderly",
gcid:steel_distributor,Steel distributor,"Access, Breakfast, Brunch, Delivery, Dinner, Drive-through, Happy hours, Kitchen, Lunch, Online operating hours, Pick-up, Takeaway, Hours for the elderly",
gcid:steel_erector,Steel erector,"Access, Breakfast, Brunch, Delivery, Dinner, Drive-through, Happy hours, Kitchen, Lunch, Online operating hours, Pick-up, Takeaway, Hours for the elderly",
gcid:steel_fabricator,Steel fabricator,"Access, Breakfast, Brunch, Delivery, Dinner, Drive-through, Happy hours, Kitchen, Lunch, Online operating hours, Pick-up, Takeaway, Hours for the elderly",
gcid:steel_framework_contractor,Steel framework contractor,"Access, Breakfast, Brunch, Delivery, Dinner, Drive-through, Happy hours, Kitchen, Lunch, Online operating hours, Pick-up, Takeaway, Hours for the elderly",
gcid:steel_stockholder,Steel supplier,"Access, Breakfast, Brunch, Delivery, Dinner, Drive-through, Happy hours, Kitchen, Lunch, Online operating hours, Pick-up, Takeaway, Hours for the elderly",
gcid:steelwork_design_company,Steelwork design service,"Access, Breakfast, Brunch, Delivery, Dinner, Drive-through, Happy hours, Kitchen, Lunch, Online operating hours, Pick-up, Takeaway, Hours for the elderly",
gcid:stereo_rental_store,Stereo rental store,"Access, Breakfast, Brunch, Delivery, Dinner, Drive-through, Happy hours, Kitchen, Lunch, Online operating hours, Pick-up, Takeaway, Hours for the elderly",
gcid:stereo_repair_service,Stereo repair service,"Access, Breakfast, Brunch, Delivery, Dinner, Drive-through, Happy hours, Kitchen, Lunch, Online operating hours, Pick-up, Takeaway, Hours for the elderly",
gcid:stereo_store,Home audio store,"Access, Breakfast, Brunch, Delivery, Dinner, Drive-through, Happy hours, Kitchen, Lunch, Online operating hours, Pick-up, Takeaway, Hours for the elderly",
gcid:sticker_manufacturer,Sticker manufacturer,"Access, Breakfast, Brunch, Delivery, Dinner, Drive-through, Happy hours, Kitchen, Lunch, Online operating hours, Pick-up, Takeaway, Hours for the elderly",
gcid:stitching_class,Stitching class,"Access, Breakfast, Brunch, Delivery, Dinner, Drive-through, Happy hours, Kitchen, Lunch, Online operating hours, Pick-up, Takeaway, Hours for the elderly",
gcid:stock_broker,Stock broker,"Breakfast, Dinner, Drive-through, Lunch, Online operating hours, Hours for the elderly","Insurance annuity investment advisement, Bonds, cds, & fixed income, Efts, Global investing, Index funds, Investment management, Investment reports, Money market funds, Mutual funds, Options, Retirement & iras, Sector investing, Trust & estate, Wealth management"
gcid:stock_exchange_building,Stock exchange building,"Breakfast, Dinner, Drive-through, Lunch, Online operating hours, Hours for the elderly",
gcid:stone_carving,Stone carving,"Access, Breakfast, Brunch, Delivery, Dinner, Drive-through, Happy hours, Kitchen, Lunch, Online operating hours, Pick-up, Takeaway, Hours for the elderly",
gcid:stone_cutter,Stone cutter,"Access, Breakfast, Brunch, Delivery, Dinner, Drive-through, Happy hours, Kitchen, Lunch, Online operating hours, Pick-up, Takeaway, Hours for the elderly",
gcid:stone_supplier,Stone supplier,"Access, Breakfast, Brunch, Delivery, Dinner, Drive-through, Happy hours, Kitchen, Lunch, Online operating hours, Pick-up, Takeaway, Hours for the elderly",
gcid:storage_facility,Storage facility,"Access, Breakfast, Brunch, Delivery, Dinner, Drive-through, Happy hours, Kitchen, Lunch, Online operating hours, Pick-up, Takeaway, Hours for the elderly",
gcid:store,Store,"Access, Breakfast, Brunch, Delivery, Dinner, Drive-through, Happy hours, Kitchen, Lunch, Online operating hours, Pick-up, Takeaway, Hours for the elderly",
gcid:store_equipment_supplier,Store equipment supplier,"Access, Breakfast, Brunch, Delivery, Dinner, Drive-through, Happy hours, Kitchen, Lunch, Online operating hours, Pick-up, Takeaway, Hours for the elderly",
gcid:store_fixture_supplier,Store fixture supplier,"Access, Breakfast, Brunch, Delivery, Dinner, Drive-through, Happy hours, Kitchen, Lunch, Online operating hours, Pick-up, Takeaway, Hours for the elderly",
gcid:stringed_intrument_maker,Stringed instrument maker,"Access, Breakfast, Brunch, Delivery, Dinner, Drive-through, Happy hours, Kitchen, Lunch, Online operating hours, Pick-up, Takeaway, Hours for the elderly",
gcid:structural_engineer,Structural engineer,"Access, Breakfast, Brunch, Delivery, Dinner, Drive-through, Happy hours, Kitchen, Lunch, Online operating hours, Pick-up, Takeaway, Hours for the elderly",
gcid:stucco_contractor,Stucco contractor,"Access, Breakfast, Brunch, Delivery, Dinner, Drive-through, Happy hours, Kitchen, Lunch, Online operating hours, Pick-up, Takeaway, Hours for the elderly",
gcid:student_career_counseling_office,Student career counseling office,"Breakfast, Delivery, Dinner, Drive-through, Lunch, Online operating hours, Pick-up, Hours for the elderly",
gcid:student_dormitory,Student dormitory,"Access, Breakfast, Brunch, Delivery, Dinner, Drive-through, Happy hours, Kitchen, Lunch, Online operating hours, Pick-up, Takeaway, Hours for the elderly","Cleaning, General repairs & maintenance"
gcid:student_housing_center,Student housing center,"Access, Breakfast, Brunch, Delivery, Dinner, Drive-through, Happy hours, Kitchen, Lunch, Online operating hours, Pick-up, Takeaway, Hours for the elderly",
gcid:student_union,Student union,"Access, Breakfast, Brunch, Delivery, Dinner, Drive-through, Happy hours, Kitchen, Lunch, Online operating hours, Pick-up, Takeaway, Hours for the elderly",
gcid:students_parents_association,Students parents association,"Access, Breakfast, Brunch, Delivery, Dinner, Drive-through, Happy hours, Kitchen, Lunch, Online operating hours, Pick-up, Takeaway, Hours for the elderly",
gcid:students_support_association,Students support association,"Access, Breakfast, Brunch, Delivery, Dinner, Drive-through, Happy hours, Kitchen, Lunch, Online operating hours, Pick-up, Takeaway, Hours for the elderly",
gcid:study_at_home_school,Study at home school,"Access, Breakfast, Brunch, Delivery, Dinner, Drive-through, Happy hours, Kitchen, Lunch, Online operating hours, Pick-up, Takeaway, Hours for the elderly",
gcid:studying_center,Studying center,"Access, Breakfast, Brunch, Delivery, Dinner, Drive-through, Happy hours, Kitchen, Lunch, Online operating hours, Pick-up, Takeaway, Hours for the elderly",
gcid:stylist,Stylist,"Access, Breakfast, Brunch, Delivery, Dinner, Drive-through, Happy hours, Kitchen, Lunch, Online operating hours, Pick-up, Takeaway, Hours for the elderly","Hair coloring, Hairstyling, Perms"
gcid:subaru_dealer,Subaru dealer,"Access, Breakfast, Brunch, Delivery, Dinner, Drive-through, Happy hours, Kitchen, Lunch, Online operating hours, Pick-up, Takeaway, Hours for the elderly",
gcid:suburban_train_line,Suburban train line,"Access, Breakfast, Brunch, Delivery, Dinner, Drive-through, Happy hours, Kitchen, Lunch, Online operating hours, Pick-up, Takeaway, Hours for the elderly",
gcid:sugar_factory,Sugar factory,"Access, Breakfast, Brunch, Delivery, Dinner, Drive-through, Happy hours, Kitchen, Lunch, Online operating hours, Pick-up, Takeaway, Hours for the elderly",
gcid:sugar_shack,Sugar shack,"Access, Breakfast, Brunch, Delivery, Dinner, Drive-through, Happy hours, Kitchen, Lunch, Online operating hours, Takeaway, Hours for the elderly",
gcid:sukiyaki_restaurant,Sukiyaki restaurant,"Access, Breakfast, Brunch, Delivery, Dinner, Drive-through, Happy hours, Kitchen, Lunch, Online operating hours, Takeaway, Hours for the elderly",
gcid:summer_camp,Summer camp organizer,"Access, Breakfast, Brunch, Delivery, Dinner, Drive-through, Happy hours, Kitchen, Lunch, Online operating hours, Pick-up, Takeaway, Hours for the elderly",
gcid:summer_toboggan_run,Summer toboggan run,"Access, Breakfast, Brunch, Delivery, Dinner, Drive-through, Happy hours, Kitchen, Lunch, Online operating hours, Pick-up, Takeaway, Hours for the elderly",
gcid:sundae_restaurant,Sundae restaurant,"Access, Breakfast, Brunch, Delivery, Dinner, Drive-through, Happy hours, Kitchen, Lunch, Online operating hours, Takeaway, Hours for the elderly",
gcid:sundanese_restaurant,Sundanese restaurant,"Access, Breakfast, Brunch, Delivery, Dinner, Drive-through, Happy hours, Kitchen, Lunch, Online operating hours, Takeaway, Hours for the elderly",
gcid:sunglasses_store,Sunglasses store,"Access, Breakfast, Brunch, Delivery, Dinner, Drive-through, Happy hours, Kitchen, Lunch, Online operating hours, Pick-up, Takeaway, Hours for the elderly",
gcid:sunroom_contractor,Sunroom contractor,"Access, Breakfast, Brunch, Delivery, Dinner, Drive-through, Happy hours, Kitchen, Lunch, Online operating hours, Pick-up, Takeaway, Hours for the elderly",
gcid:super_public_bath,Super public bath,"Access, Breakfast, Brunch, Delivery, Dinner, Drive-through, Happy hours, Kitchen, Lunch, Online operating hours, Pick-up, Takeaway, Hours for the elderly",
gcid:superannuation_consultant,Superannuation consultant,"Breakfast, Dinner, Drive-through, Lunch, Online operating hours, Hours for the elderly",
gcid:superfund_site,Superfund site,"Access, Breakfast, Brunch, Delivery, Dinner, Drive-through, Happy hours, Kitchen, Lunch, Online operating hours, Pick-up, Takeaway, Hours for the elderly",
gcid:supermarket,Supermarket,"Access, Breakfast, Brunch, Delivery, Dinner, Drive-through, Happy hours, Kitchen, Lunch, Online operating hours, Pick-up, Takeaway, Hours for the elderly",
gcid:support_group,Support group,"Breakfast, Delivery, Dinner, Drive-through, Lunch, Online operating hours, Pick-up, Hours for the elderly",
gcid:surf_lifesaving_club,Surf lifesaving club,"Access, Breakfast, Brunch, Delivery, Dinner, Drive-through, Happy hours, Kitchen, Lunch, Online operating hours, Pick-up, Takeaway, Hours for the elderly",
gcid:surf_school,Surf school,"Access, Breakfast, Brunch, Delivery, Dinner, Drive-through, Happy hours, Kitchen, Lunch, Online operating hours, Pick-up, Takeaway, Hours for the elderly","Advanced classes, Beginner's classes, Group lessons, Intermediate classes, Longboarding, Ocean safety, Private lessons, Shortboarding, Standup paddling lessons"
gcid:surf_shop,Surf shop,"Access, Breakfast, Brunch, Delivery, Dinner, Drive-through, Happy hours, Kitchen, Lunch, Online operating hours, Pick-up, Takeaway, Hours for the elderly",
gcid:surgeon,Surgeon,"Breakfast, Delivery, Dinner, Drive-through, Lunch, Online operating hours, Pick-up, Hours for the elderly",
gcid:surgical_center,Surgical center,"Breakfast, Delivery, Dinner, Drive-through, Lunch, Online operating hours, Pick-up, Hours for the elderly",
gcid:surgical_oncologist,Surgical oncologist,"Breakfast, Delivery, Dinner, Drive-through, Lunch, Online operating hours, Pick-up, Hours for the elderly",
gcid:surgical_products_wholesaler,Surgical products wholesaler,"Breakfast, Delivery, Dinner, Drive-through, Lunch, Online operating hours, Pick-up, Hours for the elderly","Delivery, Equipment rental, General repairs & maintenance"
gcid:surgical_supply_store,Surgical supply store,"Breakfast, Delivery, Dinner, Drive-through, Lunch, Online operating hours, Pick-up, Hours for the elderly",
gcid:surinamese_restaurant,Surinamese restaurant,"Access, Breakfast, Brunch, Delivery, Dinner, Drive-through, Happy hours, Kitchen, Lunch, Online operating hours, Takeaway, Hours for the elderly",
gcid:surplus_store,Surplus store,"Access, Breakfast, Brunch, Delivery, Dinner, Drive-through, Happy hours, Kitchen, Lunch, Online operating hours, Pick-up, Takeaway, Hours for the elderly",
gcid:surveyor,Surveyor,"Access, Breakfast, Brunch, Delivery, Dinner, Drive-through, Happy hours, Kitchen, Lunch, Online operating hours, Pick-up, Takeaway, Hours for the elderly",
gcid:sushi_restaurant,Sushi restaurant,"Access, Breakfast, Brunch, Delivery, Dinner, Drive-through, Happy hours, Kitchen, Lunch, Online operating hours, Takeaway, Hours for the elderly",
gcid:sushi_takeaway,Sushi takeaway,"Access, Breakfast, Brunch, Delivery, Dinner, Drive-through, Happy hours, Kitchen, Lunch, Online operating hours, Takeaway, Hours for the elderly",
gcid:suzuki_dealer,Suzuki dealer,"Access, Breakfast, Brunch, Delivery, Dinner, Drive-through, Happy hours, Kitchen, Lunch, Online operating hours, Pick-up, Takeaway, Hours for the elderly",
gcid:swabian_restaurant,Swabian restaurant,"Access, Breakfast, Brunch, Delivery, Dinner, Drive-through, Happy hours, Kitchen, Lunch, Online operating hours, Takeaway, Hours for the elderly",
gcid:swedish_restaurant,Swedish restaurant,"Access, Breakfast, Brunch, Delivery, Dinner, Drive-through, Happy hours, Kitchen, Lunch, Online operating hours, Takeaway, Hours for the elderly",
gcid:swim_club,Swim club,"Access, Breakfast, Brunch, Delivery, Dinner, Drive-through, Happy hours, Kitchen, Lunch, Online operating hours, Pick-up, Takeaway, Hours for the elderly",
gcid:swimming_competition,Swimming competition,"Access, Breakfast, Brunch, Delivery, Dinner, Drive-through, Happy hours, Kitchen, Lunch, Online operating hours, Pick-up, Takeaway, Hours for the elderly",
gcid:swimming_facility,Swimming facility,"Access, Breakfast, Brunch, Delivery, Dinner, Drive-through, Happy hours, Kitchen, Lunch, Online operating hours, Pick-up, Takeaway, Hours for the elderly",
gcid:swimming_instructor,Swimming instructor,"Breakfast, Delivery, Dinner, Drive-through, Lunch, Online operating hours, Pick-up, Hours for the elderly","Adult lessons, Competition training, Group classes, Infant lessons, Private classes, Semi-private classes, Special needs lessons, Youth classes"
gcid:swimming_lake,Swimming lake,"Access, Breakfast, Brunch, Delivery, Dinner, Drive-through, Happy hours, Kitchen, Lunch, Online operating hours, Pick-up, Takeaway, Hours for the elderly",
gcid:swimming_pool,Swimming pool,"Access, Breakfast, Brunch, Delivery, Dinner, Drive-through, Happy hours, Kitchen, Lunch, Online operating hours, Pick-up, Takeaway, Hours for the elderly",
gcid:swimming_pool_contractor,Swimming pool contractor,"Access, Breakfast, Brunch, Delivery, Dinner, Drive-through, Happy hours, Kitchen, Lunch, Online operating hours, Pick-up, Takeaway, Hours for the elderly","Above ground pool installation, Cleaning, General construction, Custom Swimming pool design, Design, Fiberglass swimming pool construction, General repairs & maintenance, Hot tub equipment maintenance, Hot tub equipment repair, Inground pool installation, Jetted lap pool construction, Remodeling, Spa & hot tub installation, Swimming pool summerization, Swimming pool crack repair, Swimming pool equipment maintenance, Swimming pool equipment repair, Swimming pool resurfacing, Swimming pool tile repair, Swimming pool water feature construction, Swimming pool water feature maintenance, Swimming pool water feature repairs, Hot tub test soaking, Swimming pool water analysis, Winterization"
gcid:swimming_pool_repair_service,Swimming pool repair service,"Access, Breakfast, Brunch, Delivery, Dinner, Drive-through, Happy hours, Kitchen, Lunch, Online operating hours, Pick-up, Takeaway, Hours for the elderly","Swimming pool auto water fill repair, Swimming pool automation and controls repair, Electrical repair, Swimming pool filter repair, General repairs, Swimming pool heater repair, Hot tub equipment repair, Swimming pool general plumbing repairs, Swimming pool light repair, Swimming pool cover repair, Pump repairs & installation, Swimming pool salt system repair, Swimming pool crack repair, Swimming pool equipment repair, Swimming pool leak detection & repairs, Swimming pool liner repair, Swimming pool renovations, Swimming pool resurfacing, Swimming pool tile cleaning, Swimming pool tile repair, Swimming pool water feature repairs, Swimming pool timer repair"
gcid:swimming_pool_supply_store,Swimming pool supply store,"Access, Breakfast, Brunch, Delivery, Dinner, Drive-through, Happy hours, Kitchen, Lunch, Online operating hours, Pick-up, Takeaway, Hours for the elderly",
gcid:swimming_school,Swimming school,"Access, Breakfast, Brunch, Delivery, Dinner, Drive-through, Happy hours, Kitchen, Lunch, Online operating hours, Pick-up, Takeaway, Hours for the elderly",
gcid:swimwear_store,Swimwear store,"Access, Breakfast, Brunch, Delivery, Dinner, Drive-through, Happy hours, Kitchen, Lunch, Online operating hours, Pick-up, Takeaway, Hours for the elderly",
gcid:swiss_restaurant,Swiss restaurant,"Access, Breakfast, Brunch, Delivery, Dinner, Drive-through, Happy hours, Kitchen, Lunch, Online operating hours, Takeaway, Hours for the elderly",
gcid:synagogue,Synagogue,"Access, Breakfast, Brunch, Delivery, Dinner, Kitchen, Lunch, Online operating hours, Pick-up, Takeaway, Hours for the elderly, Prayer, Shabbat service",
gcid:syrian_restaurant,Syrian restaurant,"Access, Breakfast, Brunch, Delivery, Dinner, Drive-through, Happy hours, Kitchen, Lunch, Online operating hours, Takeaway, Hours for the elderly",
gcid:t_shirt_store,T-shirt store,"Access, Breakfast, Brunch, Delivery, Dinner, Drive-through, Happy hours, Kitchen, Lunch, Online operating hours, Pick-up, Takeaway, Hours for the elderly",
gcid:tabascan_restaurant,Tabascan restaurant,"Access, Breakfast, Brunch, Delivery, Dinner, Drive-through, Happy hours, Kitchen, Lunch, Online operating hours, Takeaway, Hours for the elderly",
gcid:table_tennis_club,Table tennis club,"Access, Breakfast, Brunch, Delivery, Dinner, Drive-through, Happy hours, Kitchen, Lunch, Online operating hours, Pick-up, Takeaway, Hours for the elderly",
gcid:table_tennis_facility,Table tennis facility,"Access, Breakfast, Brunch, Delivery, Dinner, Drive-through, Happy hours, Kitchen, Lunch, Online operating hours, Pick-up, Takeaway, Hours for the elderly",
gcid:table_tennis_supply_store,Table tennis supply store,"Access, Breakfast, Brunch, Delivery, Dinner, Drive-through, Happy hours, Kitchen, Lunch, Online operating hours, Pick-up, Takeaway, Hours for the elderly",
gcid:tacaca_restaurant,Tacaca restaurant,"Access, Breakfast, Brunch, Delivery, Dinner, Drive-through, Happy hours, Kitchen, Lunch, Online operating hours, Takeaway, Hours for the elderly",
gcid:tack_shop,Tack shop,"Access, Breakfast, Brunch, Delivery, Dinner, Drive-through, Happy hours, Kitchen, Lunch, Online operating hours, Pick-up, Takeaway, Hours for the elderly",
gcid:taco_restaurant,Taco restaurant,"Access, Breakfast, Brunch, Delivery, Dinner, Drive-through, Happy hours, Kitchen, Lunch, Online operating hours, Takeaway, Hours for the elderly",
gcid:tae_kwon_do_comp_area,Taekwondo competition area,"Breakfast, Delivery, Dinner, Drive-through, Lunch, Online operating hours, Pick-up, Hours for the elderly",
gcid:taekwondo_school,Taekwondo school,"Breakfast, Delivery, Dinner, Drive-through, Lunch, Online operating hours, Pick-up, Hours for the elderly",
gcid:tai_chi_school,Tai chi school,"Breakfast, Delivery, Dinner, Drive-through, Lunch, Online operating hours, Pick-up, Hours for the elderly",
gcid:tailor,Tailor,"Access, Breakfast, Brunch, Delivery, Dinner, Drive-through, Happy hours, Kitchen, Lunch, Online operating hours, Pick-up, Takeaway, Hours for the elderly","Alterations, Blouse alterations, Kids' clothing alterations, Coat & jacket alterations, Cuffs alterations, Custom made clothing, Design, Drapery & curtains alterations, Dress alterations, Dry cleaning, General embroidery, Formal wear tailoring, General repairs, Invisible seams, Ironing, Leather repair, Men's clothing alterations, Pants alterations, Clothing repairs, Shirt tailoring, Suit tailoring, Uniform tailoring, Waist adjustments, Wedding gown alterations, Women's clothing alterations"
gcid:taiwanese_restaurant,Taiwanese restaurant,"Access, Breakfast, Brunch, Delivery, Dinner, Drive-through, Happy hours, Kitchen, Lunch, Online operating hours, Takeaway, Hours for the elderly",
gcid:takoyaki_stand,Takoyaki restaurant,"Access, Breakfast, Brunch, Delivery, Dinner, Drive-through, Happy hours, Kitchen, Lunch, Online operating hours, Takeaway, Hours for the elderly",
gcid:talent_agency,Talent agency,"Access, Breakfast, Brunch, Delivery, Dinner, Drive-through, Happy hours, Kitchen, Lunch, Online operating hours, Pick-up, Takeaway, Hours for the elderly",
gcid:tamale_shop,Tamale shop,"Access, Breakfast, Brunch, Delivery, Dinner, Drive-through, Happy hours, Kitchen, Lunch, Online operating hours, Takeaway, Hours for the elderly",
gcid:tannery,Tannery,"Access, Breakfast, Brunch, Delivery, Dinner, Drive-through, Happy hours, Kitchen, Lunch, Online operating hours, Pick-up, Takeaway, Hours for the elderly",
gcid:tanning_studio,Tanning salon,"Access, Breakfast, Brunch, Delivery, Dinner, Drive-through, Happy hours, Kitchen, Lunch, Online operating hours, Pick-up, Takeaway, Hours for the elderly","Body waxing, Hair coloring, Hair extensions, Hairstyling, Laser hair removal, Makeup services, Manicures, Microblading, Pedicures, Red light therapy, Skin treatments, Spray tanning, Sunbed tanning, Tanning, Teeth whitening, Therapeutic massage, Ultrasonic facial, UV tanning"
gcid:taoist_temple,Taoist temple,"Access, Breakfast, Brunch, Delivery, Dinner, Kitchen, Lunch, Online operating hours, Pick-up, Takeaway, Hours for the elderly, Prayer",
gcid:tapas_bar,Tapas bar,"Access, Breakfast, Brunch, Delivery, Dinner, Drive-through, Happy hours, Kitchen, Lunch, Online operating hours, Takeaway, Hours for the elderly",
gcid:tapas_restaurant,Tapas restaurant,"Access, Breakfast, Brunch, Delivery, Dinner, Drive-through, Happy hours, Kitchen, Lunch, Online operating hours, Takeaway, Hours for the elderly",
gcid:tata_motors_dealer,Tata Motors dealer,"Access, Breakfast, Brunch, Delivery, Dinner, Drive-through, Happy hours, Kitchen, Lunch, Online operating hours, Pick-up, Takeaway, Hours for the elderly",
gcid:tatami_store,Tatami store,"Access, Breakfast, Brunch, Delivery, Dinner, Drive-through, Happy hours, Kitchen, Lunch, Online operating hours, Pick-up, Takeaway, Hours for the elderly",
gcid:tattoo_and_piercing_shop,Tattoo and piercing shop,"Access, Breakfast, Brunch, Delivery, Dinner, Drive-through, Happy hours, Kitchen, Lunch, Online operating hours, Pick-up, Takeaway, Hours for the elderly","Tattoo aftercare, Anchor piercing, Bridge piercing, Cheek piercing, Conch piercing, Tattoo cover-ups & reworkings, Custom tattoo lettering, Daith piercing, Ear piercing, Eyebrow piercing, Full body tattoos, Helix piercing, Industrial piercings, Large scale tattoos, Lip piercing, Memorial tattoos, Monroe piercing, Navel piercing, Nose piercing, Permanent makeup, Philtrum piercing, Polynesian tribal tattoos, Rook piercing, Septum piercing, Sleeve tattoos, Smiley piercing, Snug piercings, Tattoo design, Tattoo finishing, Tattoo removal, Tattoo touch-ups, Tongue piercing, Traditional Asian tattoos, Tragus & anti-tragus piercing, Vertical labret piercing, Webbing piercing"
gcid:tattoo_artist,Tattoo artist,"Access, Breakfast, Brunch, Delivery, Dinner, Drive-through, Happy hours, Kitchen, Lunch, Online operating hours, Pick-up, Takeaway, Hours for the elderly",
gcid:tattoo_removal_service,Tattoo removal service,"Access, Breakfast, Brunch, Delivery, Dinner, Drive-through, Happy hours, Kitchen, Lunch, Online operating hours, Pick-up, Takeaway, Hours for the elderly","Acne scar treatment, Dermabrasion, IPL skin rejuvenation treatment, Laser hair removal, Laser tattoo removal, Permanent makeup removal, Stretch mark treatment, Sun spot removal, Tattoo fading"
gcid:tattoo_shop,Tattoo shop,"Access, Breakfast, Brunch, Delivery, Dinner, Drive-through, Happy hours, Kitchen, Lunch, Online operating hours, Pick-up, Takeaway, Hours for the elderly","Abstract tattoos, Tattoo aftercare, Body waxing, Celtic symbol tattoos, Color ink tattoos, Tattoo cover-ups & reworkings, Custom tattoo lettering, Delicate dot work tattoos, Ear piercing, Eyebrow piercing, Female tattoos, Figurative tattoos, Fine line tattoos, Haida tattoos, Henna tattoos, Industrial piercings, Intimate tattoos, Male tattoos, Mandala tattoos, Maori tattoos, Memorial tattoos, Microblading, Nose piercing, Old-fashioned tattoos, Permanent eyeliner, Permanent makeup, Photo-realistic tattoos, Pointillism tattoos, Polynesian tribal tattoos, Scar camouflage, Sleeve tattoos, Solid black work tattoos, Tattoos, Tattoo design, Tattoo finishing, Tattoo removal, Tattoo touch-ups, Temporary tattoos, 3D photo-real tattoos, 3D-style tattoos, Tooth gems, Traditional Asian tattoos"
gcid:tattoo_supply_store,Tattoo supply store,"Access, Breakfast, Brunch, Delivery, Dinner, Drive-through, Happy hours, Kitchen, Lunch, Online operating hours, Pick-up, Takeaway, Hours for the elderly",
gcid:tax_assessor,Tax assessor,"Breakfast, Dinner, Drive-through, Lunch, Online operating hours, Hours for the elderly","E-filing, Exemptions assistance, Property tax services, Real property maps, Records search, Special tax services, Tax entity reports, Tax law"
gcid:tax_attorney,Tax attorney,"Breakfast, Dinner, Drive-through, Lunch, Online operating hours, Hours for the elderly",
gcid:tax_collectors_office,Tax collector's office,"Breakfast, Dinner, Drive-through, Lunch, Online operating hours, Hours for the elderly",
gcid:tax_consultant,Tax consultant,"Breakfast, Dinner, Drive-through, Lunch, Online operating hours, Hours for the elderly","Accounting support, Cryptocurrency tax planning, Income tax return preparation, Incorporation & restructuring consulting, IRS audit representation, Income tax filing, Irs problems consulting, New business tax consulting, Payroll support, Property tax services, Sales tax consulting, Tax planning, Tax preparation, Tax problem consulting"
gcid:tax_department,Tax department,"Breakfast, Dinner, Drive-through, Lunch, Online operating hours, Hours for the elderly",
gcid:tax_preparation,Tax preparation,"Breakfast, Dinner, Drive-through, Lunch, Online operating hours, Hours for the elderly","Accounting services, Business tax preparation, Cryptocurrency tax planning, Financial planning, Income tax return filing, Income tax return preparation, IRS audit representation, New business tax consulting, Payroll support, Tax planning, Tax problem consulting"
gcid:tax_preparation_service,Tax preparation service,"Breakfast, Dinner, Drive-through, Lunch, Online operating hours, Hours for the elderly","Accounting services, Business tax services, Cryptocurrency tax planning, Income tax return filing, Income tax return preparation, IRS audit representation, Local tax return preparation, New business tax consulting, Payroll support, Tax accounting, Tax planning, Tax problem consulting"
gcid:taxi_service,Taxi service,"Access, Breakfast, Brunch, Delivery, Dinner, Drive-through, Happy hours, Kitchen, Lunch, Online operating hours, Pick-up, Takeaway, Hours for the elderly",Limousines
gcid:taxi_stand,Taxi stand,"Access, Breakfast, Brunch, Delivery, Dinner, Drive-through, Happy hours, Kitchen, Lunch, Online operating hours, Pick-up, Takeaway, Hours for the elderly",
gcid:taxidermist,Taxidermist,"Access, Breakfast, Brunch, Delivery, Dinner, Drive-through, Happy hours, Kitchen, Lunch, Online operating hours, Pick-up, Takeaway, Hours for the elderly","Birds, Custom mounts, Exotic animals, General repairs & maintenance, Horn wrapping, Large animals, Novelty displays, Remounting, Rugging service, Scenery, Skinning, Skull cleaning, Small animals, Tanning preparation"
gcid:tb_clinic,TB clinic,"Breakfast, Delivery, Dinner, Drive-through, Lunch, Online operating hours, Pick-up, Hours for the elderly",
gcid:tea_and_coffee_merchant,Tea and coffee shop,"Access, Breakfast, Brunch, Delivery, Dinner, Drive-through, Happy hours, Kitchen, Lunch, Online operating hours, Pick-up, Takeaway, Hours for the elderly",
gcid:tea_exporter,Tea exporter,"Access, Breakfast, Brunch, Delivery, Dinner, Drive-through, Happy hours, Kitchen, Lunch, Online operating hours, Pick-up, Takeaway, Hours for the elderly",
gcid:tea_house,Tea house,"Access, Breakfast, Brunch, Delivery, Dinner, Drive-through, Happy hours, Kitchen, Lunch, Online operating hours, Pick-up, Takeaway, Hours for the elderly",
gcid:tea_manufacturer,Tea manufacturer,"Access, Breakfast, Brunch, Delivery, Dinner, Drive-through, Happy hours, Kitchen, Lunch, Online operating hours, Pick-up, Takeaway, Hours for the elderly",
gcid:tea_market_place,Tea market place,"Access, Breakfast, Brunch, Delivery, Dinner, Drive-through, Happy hours, Kitchen, Lunch, Online operating hours, Pick-up, Takeaway, Hours for the elderly",
gcid:tea_store,Tea store,"Access, Breakfast, Brunch, Delivery, Dinner, Drive-through, Happy hours, Kitchen, Lunch, Online operating hours, Pick-up, Takeaway, Hours for the elderly",
gcid:tea_wholesaler,Tea wholesaler,"Access, Breakfast, Brunch, Delivery, Dinner, Drive-through, Happy hours, Kitchen, Lunch, Online operating hours, Pick-up, Takeaway, Hours for the elderly",
gcid:teacher_college,Teachers college,"Access, Breakfast, Brunch, Delivery, Dinner, Drive-through, Happy hours, Kitchen, Lunch, Online operating hours, Pick-up, Takeaway, Hours for the elderly",
gcid:teachers_housing,Teachers' housing,"Access, Breakfast, Brunch, Delivery, Dinner, Drive-through, Happy hours, Kitchen, Lunch, Online operating hours, Pick-up, Takeaway, Hours for the elderly",
gcid:technical_school,Technical school,"Access, Breakfast, Brunch, Delivery, Dinner, Drive-through, Happy hours, Kitchen, Lunch, Online operating hours, Pick-up, Takeaway, Hours for the elderly",
gcid:technical_university,Technical university,"Access, Breakfast, Brunch, Delivery, Dinner, Drive-through, Happy hours, Kitchen, Lunch, Online operating hours, Pick-up, Takeaway, Hours for the elderly",
gcid:technology_museum,Technology museum,"Access, Breakfast, Brunch, Delivery, Dinner, Drive-through, Happy hours, Kitchen, Lunch, Online operating hours, Pick-up, Takeaway, Hours for the elderly",
gcid:technology_park,Technology park,"Access, Breakfast, Brunch, Delivery, Dinner, Drive-through, Happy hours, Kitchen, Lunch, Online operating hours, Pick-up, Takeaway, Hours for the elderly",
gcid:teeth_whitening_service,Teeth whitening service,"Breakfast, Delivery, Dinner, Drive-through, Lunch, Online operating hours, Pick-up, Hours for the elderly",
gcid:tegal_restaurant,Tegal restaurant,"Access, Breakfast, Brunch, Delivery, Dinner, Drive-through, Happy hours, Kitchen, Lunch, Online operating hours, Takeaway, Hours for the elderly",
gcid:telecommunication_school,Telecommunication school,"Access, Breakfast, Brunch, Delivery, Dinner, Drive-through, Happy hours, Kitchen, Lunch, Online operating hours, Pick-up, Takeaway, Hours for the elderly",
gcid:telecommunications_contractor,Telecommunications contractor,"Access, Breakfast, Brunch, Delivery, Dinner, Drive-through, Happy hours, Kitchen, Lunch, Online operating hours, Pick-up, Takeaway, Hours for the elderly",
gcid:telecommunications_engineer,Telecommunications engineer,"Access, Breakfast, Brunch, Delivery, Dinner, Drive-through, Happy hours, Kitchen, Lunch, Online operating hours, Pick-up, Takeaway, Hours for the elderly",
gcid:telecommunications_equipment_supplier,Telecommunications equipment supplier,"Access, Breakfast, Brunch, Delivery, Dinner, Drive-through, Happy hours, Kitchen, Lunch, Online operating hours, Pick-up, Takeaway, Hours for the elderly",
gcid:telecommunications_service_provider,Telecommunications service provider,"Access, Breakfast, Brunch, Delivery, Dinner, Drive-through, Happy hours, Kitchen, Lunch, Online operating hours, Pick-up, Takeaway, Hours for the elderly","General repairs, Installation"
gcid:telemarketing_service,Telemarketing service,"Access, Breakfast, Brunch, Delivery, Dinner, Drive-through, Happy hours, Kitchen, Lunch, Online operating hours, Pick-up, Takeaway, Hours for the elderly",
gcid:telephone_answering_service,Telephone answering service,"Access, Breakfast, Brunch, Delivery, Dinner, Drive-through, Happy hours, Kitchen, Lunch, Online operating hours, Pick-up, Takeaway, Hours for the elderly","Appointment scheduling, Call center services, Customer retention, Customer service, Help desk, Live agent answer, Medical answering services, Overflow services, Sms text messaging, Surveys, Technical support, Telemarketing, Voicemail"
gcid:telephone_company,Telephone company,"Access, Breakfast, Brunch, Delivery, Dinner, Drive-through, Happy hours, Kitchen, Lunch, Online operating hours, Pick-up, Takeaway, Hours for the elderly",
gcid:telephone_exchange,Telephone exchange,"Access, Breakfast, Brunch, Delivery, Dinner, Drive-through, Happy hours, Kitchen, Lunch, Online operating hours, Pick-up, Takeaway, Hours for the elderly",
gcid:telescope_store,Telescope store,"Access, Breakfast, Brunch, Delivery, Dinner, Drive-through, Happy hours, Kitchen, Lunch, Online operating hours, Pick-up, Takeaway, Hours for the elderly",
gcid:television_repair_service,Television repair service,"Access, Breakfast, Brunch, Delivery, Dinner, Drive-through, Happy hours, Kitchen, Lunch, Online operating hours, Pick-up, Takeaway, Hours for the elderly","General repairs, Home theater installation, Tv wall mounting"
gcid:television_station,Television studio,"Access, Breakfast, Brunch, Delivery, Dinner, Drive-through, Happy hours, Kitchen, Lunch, Online operating hours, Pick-up, Takeaway, Hours for the elderly",
gcid:temaki_restaurant,Temaki restaurant,"Access, Breakfast, Brunch, Delivery, Dinner, Drive-through, Happy hours, Kitchen, Lunch, Online operating hours, Takeaway, Hours for the elderly",
gcid:temp_agency,Temp agency,"Access, Breakfast, Brunch, Delivery, Dinner, Drive-through, Happy hours, Kitchen, Lunch, Online operating hours, Pick-up, Takeaway, Hours for the elderly",
gcid:tempura_bowl_restaurants,Tempura donburi restaurant,"Access, Breakfast, Brunch, Delivery, Dinner, Drive-through, Happy hours, Kitchen, Lunch, Online operating hours, Takeaway, Hours for the elderly",
gcid:tempura_dish_restaurant,Tempura restaurant,"Access, Breakfast, Brunch, Delivery, Dinner, Drive-through, Happy hours, Kitchen, Lunch, Online operating hours, Takeaway, Hours for the elderly",
gcid:tenant_ownership,Tenant ownership,"Access, Breakfast, Brunch, Delivery, Dinner, Drive-through, Happy hours, Kitchen, Lunch, Online operating hours, Pick-up, Takeaway, Hours for the elderly",
gcid:tenants_union,Tenant's union,"Access, Breakfast, Brunch, Delivery, Dinner, Drive-through, Happy hours, Kitchen, Lunch, Online operating hours, Pick-up, Takeaway, Hours for the elderly",
gcid:tennis_club,Tennis club,"Access, Breakfast, Brunch, Delivery, Dinner, Drive-through, Happy hours, Kitchen, Lunch, Online operating hours, Pick-up, Takeaway, Hours for the elderly",
gcid:tennis_court,Tennis court,"Access, Breakfast, Brunch, Delivery, Dinner, Drive-through, Happy hours, Kitchen, Lunch, Online operating hours, Pick-up, Takeaway, Hours for the elderly",
gcid:tennis_court_construction_company,Tennis court construction company,"Access, Breakfast, Brunch, Delivery, Dinner, Drive-through, Happy hours, Kitchen, Lunch, Online operating hours, Pick-up, Takeaway, Hours for the elderly",
gcid:tennis_instructor,Tennis instructor,"Breakfast, Delivery, Dinner, Drive-through, Lunch, Online operating hours, Pick-up, Hours for the elderly","Adult academy, Advanced classes, Beginner's classes, Cardio tennis, Competition training, Drill classes, Intermediate classes, Private lessons, Specialty classes"
gcid:tennis_store,Tennis store,"Access, Breakfast, Brunch, Delivery, Dinner, Drive-through, Happy hours, Kitchen, Lunch, Online operating hours, Pick-up, Takeaway, Hours for the elderly",
gcid:tent_rental_service,Tent rental service,"Access, Breakfast, Brunch, Delivery, Dinner, Drive-through, Happy hours, Kitchen, Lunch, Online operating hours, Pick-up, Takeaway, Hours for the elderly","Catering, Delivery, Event management, Event planning, Lighting rental, Linens, Special events, Weddings"
gcid:teppan_grill_restaurant,Teppanyaki restaurant,"Access, Breakfast, Brunch, Delivery, Dinner, Drive-through, Happy hours, Kitchen, Lunch, Online operating hours, Takeaway, Hours for the elderly",
gcid:tesla_showroom,Tesla showroom,"Access, Breakfast, Brunch, Delivery, Dinner, Drive-through, Happy hours, Kitchen, Lunch, Online operating hours, Pick-up, Takeaway, Hours for the elderly",
gcid:test_preparation_center,Test preparation center,"Access, Breakfast, Brunch, Delivery, Dinner, Drive-through, Happy hours, Kitchen, Lunch, Online operating hours, Pick-up, Takeaway, Hours for the elderly",
gcid:tex_mex_restaurant,Tex-Mex restaurant,"Access, Breakfast, Brunch, Delivery, Dinner, Drive-through, Happy hours, Kitchen, Lunch, Online operating hours, Takeaway, Hours for the elderly",
gcid:textile_engineer,Textile engineer,"Access, Breakfast, Brunch, Delivery, Dinner, Drive-through, Happy hours, Kitchen, Lunch, Online operating hours, Pick-up, Takeaway, Hours for the elderly",
gcid:textile_exporter,Textile exporter,"Access, Breakfast, Brunch, Delivery, Dinner, Drive-through, Happy hours, Kitchen, Lunch, Online operating hours, Pick-up, Takeaway, Hours for the elderly",
gcid:textile_merchant,Textile merchant,"Access, Breakfast, Brunch, Delivery, Dinner, Drive-through, Happy hours, Kitchen, Lunch, Online operating hours, Pick-up, Takeaway, Hours for the elderly",
gcid:textile_mill,Textile mill,"Access, Breakfast, Brunch, Delivery, Dinner, Drive-through, Happy hours, Kitchen, Lunch, Online operating hours, Pick-up, Takeaway, Hours for the elderly",
gcid:thai_massage_therapist,Thai massage therapist,"Access, Breakfast, Brunch, Delivery, Dinner, Drive-through, Happy hours, Kitchen, Lunch, Online operating hours, Pick-up, Takeaway, Hours for the elderly",
gcid:thai_restaurant,Thai restaurant,"Access, Breakfast, Brunch, Delivery, Dinner, Drive-through, Happy hours, Kitchen, Lunch, Online operating hours, Takeaway, Hours for the elderly",
gcid:theater_company,Theater company,"Access, Breakfast, Brunch, Delivery, Dinner, Drive-through, Happy hours, Kitchen, Lunch, Online operating hours, Pick-up, Takeaway, Hours for the elderly",
gcid:theater_production,Theater production,"Access, Breakfast, Brunch, Delivery, Dinner, Drive-through, Happy hours, Kitchen, Lunch, Online operating hours, Pick-up, Takeaway, Hours for the elderly",
gcid:theater_supply_store,Theater supply store,"Access, Breakfast, Brunch, Delivery, Dinner, Drive-through, Happy hours, Kitchen, Lunch, Online operating hours, Pick-up, Takeaway, Hours for the elderly",
gcid:theatrical_costume_supplier,Theatrical costume supplier,"Access, Breakfast, Brunch, Delivery, Dinner, Drive-through, Happy hours, Kitchen, Lunch, Online operating hours, Pick-up, Takeaway, Hours for the elderly",
gcid:theme_park,Theme park,"Access, Breakfast, Brunch, Delivery, Dinner, Drive-through, Happy hours, Kitchen, Lunch, Online operating hours, Pick-up, Takeaway, Hours for the elderly",
gcid:thermal_baths,Thermal baths,"Access, Breakfast, Brunch, Delivery, Dinner, Drive-through, Happy hours, Kitchen, Lunch, Online operating hours, Pick-up, Takeaway, Hours for the elderly",
gcid:thermal_energy_company,Thermal power plant,"Access, Breakfast, Brunch, Delivery, Dinner, Drive-through, Happy hours, Kitchen, Lunch, Online operating hours, Pick-up, Takeaway, Hours for the elderly",
gcid:thread_supplier,Thread supplier,"Access, Breakfast, Brunch, Delivery, Dinner, Drive-through, Happy hours, Kitchen, Lunch, Online operating hours, Pick-up, Takeaway, Hours for the elderly",
gcid:threads_and_yarns_wholesaler,Threads and yarns wholesaler,"Access, Breakfast, Brunch, Delivery, Dinner, Drive-through, Happy hours, Kitchen, Lunch, Online operating hours, Pick-up, Takeaway, Hours for the elderly",
gcid:three_d_printing_service,3D printing service,"Access, Breakfast, Brunch, Delivery, Dinner, Drive-through, Happy hours, Kitchen, Lunch, Online operating hours, Pick-up, Takeaway, Hours for the elderly",
gcid:thrift_store,Thrift store,"Access, Breakfast, Brunch, Delivery, Dinner, Drive-through, Happy hours, Kitchen, Lunch, Online operating hours, Pick-up, Takeaway, Hours for the elderly",
gcid:thuringian_restaurant,Thuringian restaurant,"Access, Breakfast, Brunch, Delivery, Dinner, Drive-through, Happy hours, Kitchen, Lunch, Online operating hours, Takeaway, Hours for the elderly",
gcid:tibetan_restaurant,Tibetan restaurant,"Access, Breakfast, Brunch, Delivery, Dinner, Drive-through, Happy hours, Kitchen, Lunch, Online operating hours, Takeaway, Hours for the elderly",
gcid:ticket_office,Ticket office,"Access, Breakfast, Brunch, Delivery, Dinner, Drive-through, Happy hours, Kitchen, Lunch, Online operating hours, Pick-up, Takeaway, Hours for the elderly",
gcid:tiffin_center,Tiffin center,"Access, Breakfast, Brunch, Delivery, Dinner, Drive-through, Happy hours, Kitchen, Lunch, Online operating hours, Takeaway, Hours for the elderly",
gcid:tiki_bar,Tiki bar,"Access, Breakfast, Brunch, Delivery, Dinner, Drive-through, Happy hours, Kitchen, Lunch, Online operating hours, Takeaway, Hours for the elderly",
gcid:tile_cleaning_service,Tile cleaning service,"Access, Breakfast, Brunch, Delivery, Dinner, Drive-through, Happy hours, Kitchen, Lunch, Online operating hours, Pick-up, Takeaway, Hours for the elderly",
gcid:tile_contractor,Tile contractor,"Access, Breakfast, Brunch, Delivery, Dinner, Drive-through, Happy hours, Kitchen, Lunch, Online operating hours, Pick-up, Takeaway, Hours for the elderly","Furniture assembly, Bathroom tile repair, Gutter cleaning, Dust-free tile removal, Grout cleaning, Grout repair, Grout sealing, Grout staining, Remodeling, Drywall installation, Fan installation, Install flooring, Tile work installation, Plumbing fixture installation, Kitchen tile repair, TV mounting, Paint indoors, Exterior painting, Drywall repair, Fan repair, Repair flooring, Repair water fixtures, Tile work replacement, Shower tile installation, Shower tile repair, Tile backsplash installation, Tile cleaning, Tile design services, Tile flooring repair, Tile grouting, Tile refinishing, Tile regrouting, Tile removal, Tile replacement, Tile restoration"
gcid:tile_manufacturer,Tile manufacturer,"Access, Breakfast, Brunch, Delivery, Dinner, Drive-through, Happy hours, Kitchen, Lunch, Online operating hours, Pick-up, Takeaway, Hours for the elderly",
gcid:tile_store,Tile store,"Access, Breakfast, Brunch, Delivery, Dinner, Drive-through, Happy hours, Kitchen, Lunch, Online operating hours, Pick-up, Takeaway, Hours for the elderly",
gcid:timeshare_agency,Timeshare agency,"Access, Breakfast, Brunch, Delivery, Dinner, Drive-through, Happy hours, Kitchen, Lunch, Online operating hours, Pick-up, Takeaway, Hours for the elderly",
gcid:tire_manufacturer,Tyre manufacturer,"Access, Breakfast, Brunch, Delivery, Dinner, Drive-through, Happy hours, Kitchen, Lunch, Online operating hours, Pick-up, Takeaway, Hours for the elderly",
gcid:tire_repair_shop,Tire repair shop,"Access, Breakfast, Brunch, Delivery, Dinner, Drive-through, Happy hours, Kitchen, Lunch, Online operating hours, Pick-up, Takeaway, Hours for the elderly",
gcid:tire_service,Tire service,"Access, Breakfast, Brunch, Delivery, Dinner, Drive-through, Happy hours, Kitchen, Lunch, Online operating hours, Pick-up, Takeaway, Hours for the elderly",
gcid:tire_shop,Tire shop,"Access, Breakfast, Brunch, Delivery, Dinner, Drive-through, Happy hours, Kitchen, Lunch, Online operating hours, Pick-up, Takeaway, Hours for the elderly","Air & cabin filter replacement, Battery, Body & Trim, Brakes, Air conditioning, Electrical, Auto engine diagnostic, Exhaust, General repairs, Oil change, Steering & suspension repair, Tires, Transmission, Wheel alignment"
gcid:title_company,Title company,"Access, Breakfast, Brunch, Delivery, Dinner, Drive-through, Happy hours, Kitchen, Lunch, Online operating hours, Pick-up, Takeaway, Hours for the elderly","Builder services, Centralized funding, Digital closing, Due diligence, Escrow services, Foreclosure services, Lender services, Relocation, Reo services, Notary signing services, Timeshares, 1031 exchanges, Title insurance, Title searches & examinations"
gcid:toast_restaurant,Toast restaurant,"Access, Breakfast, Brunch, Delivery, Dinner, Drive-through, Happy hours, Kitchen, Lunch, Online operating hours, Takeaway, Hours for the elderly",
gcid:tobacco_shop,Tobacco shop,"Access, Breakfast, Brunch, Delivery, Dinner, Drive-through, Happy hours, Kitchen, Lunch, Online operating hours, Pick-up, Takeaway, Hours for the elderly",
gcid:tobacco_supplier,Tobacco supplier,"Access, Breakfast, Brunch, Delivery, Dinner, Drive-through, Happy hours, Kitchen, Lunch, Online operating hours, Pick-up, Takeaway, Hours for the elderly",
gcid:tofu_restaurant,Tofu restaurant,"Access, Breakfast, Brunch, Delivery, Dinner, Drive-through, Happy hours, Kitchen, Lunch, Online operating hours, Takeaway, Hours for the elderly",
gcid:tofu_shop,Tofu shop,"Access, Breakfast, Brunch, Delivery, Dinner, Drive-through, Happy hours, Kitchen, Lunch, Online operating hours, Pick-up, Takeaway, Hours for the elderly",
gcid:toiletries_store,Toiletries store,"Access, Breakfast, Brunch, Delivery, Dinner, Drive-through, Happy hours, Kitchen, Lunch, Online operating hours, Pick-up, Takeaway, Hours for the elderly",
gcid:toll_road_rest_stop,Toll road rest stop,"Access, Breakfast, Brunch, Delivery, Dinner, Drive-through, Happy hours, Kitchen, Lunch, Online operating hours, Pick-up, Takeaway, Hours for the elderly",
gcid:toll_station,Toll station,"Access, Breakfast, Brunch, Delivery, Dinner, Drive-through, Happy hours, Kitchen, Lunch, Online operating hours, Pick-up, Takeaway, Hours for the elderly",
gcid:toner_cartridge_supplier,Toner cartridge supplier,"Access, Breakfast, Brunch, Delivery, Dinner, Drive-through, Happy hours, Kitchen, Lunch, Online operating hours, Pick-up, Takeaway, Hours for the elderly",
gcid:tongue_restaurant,Tongue restaurant,"Access, Breakfast, Brunch, Delivery, Dinner, Drive-through, Happy hours, Kitchen, Lunch, Online operating hours, Takeaway, Hours for the elderly",
gcid:tonkatsu_restaurant,Tonkatsu restaurant,"Access, Breakfast, Brunch, Delivery, Dinner, Drive-through, Happy hours, Kitchen, Lunch, Online operating hours, Takeaway, Hours for the elderly",
gcid:tool_and_die_shop,Tool & die shop,"Access, Breakfast, Brunch, Delivery, Dinner, Drive-through, Happy hours, Kitchen, Lunch, Online operating hours, Pick-up, Takeaway, Hours for the elderly",
gcid:tool_manufacturer,Tool manufacturer,"Access, Breakfast, Brunch, Delivery, Dinner, Drive-through, Happy hours, Kitchen, Lunch, Online operating hours, Pick-up, Takeaway, Hours for the elderly",
gcid:tool_rental_service,Tool rental service,"Access, Breakfast, Brunch, Delivery, Dinner, Drive-through, Happy hours, Kitchen, Lunch, Online operating hours, Pick-up, Takeaway, Hours for the elderly",
gcid:tool_repair_shop,Tool repair shop,"Access, Breakfast, Brunch, Delivery, Dinner, Drive-through, Happy hours, Kitchen, Lunch, Online operating hours, Pick-up, Takeaway, Hours for the elderly",
gcid:tool_store,Tool store,"Access, Breakfast, Brunch, Delivery, Dinner, Drive-through, Happy hours, Kitchen, Lunch, Online operating hours, Pick-up, Takeaway, Hours for the elderly",
gcid:tool_wholesaler,Tool wholesaler,"Access, Breakfast, Brunch, Delivery, Dinner, Drive-through, Happy hours, Kitchen, Lunch, Online operating hours, Pick-up, Takeaway, Hours for the elderly",
gcid:toolroom,Toolroom,"Access, Breakfast, Brunch, Delivery, Dinner, Drive-through, Happy hours, Kitchen, Lunch, Online operating hours, Pick-up, Takeaway, Hours for the elderly",
gcid:topography_company,Topography company,"Access, Breakfast, Brunch, Delivery, Dinner, Drive-through, Happy hours, Kitchen, Lunch, Online operating hours, Pick-up, Takeaway, Hours for the elderly",
gcid:topsoil_supplier,Topsoil supplier,"Access, Breakfast, Brunch, Delivery, Dinner, Drive-through, Happy hours, Kitchen, Lunch, Online operating hours, Pick-up, Takeaway, Hours for the elderly",
gcid:tortilla_shop,Tortilla shop,"Access, Breakfast, Brunch, Delivery, Dinner, Drive-through, Happy hours, Kitchen, Lunch, Online operating hours, Pick-up, Takeaway, Hours for the elderly",
gcid:tour_agency,Tour agency,"Access, Breakfast, Brunch, Delivery, Dinner, Drive-through, Happy hours, Kitchen, Lunch, Online operating hours, Pick-up, Takeaway, Hours for the elderly","City tours, Group tours, Private tours, Tires"
gcid:tour_operator,Tour operator,"Access, Breakfast, Brunch, Delivery, Dinner, Drive-through, Happy hours, Kitchen, Lunch, Online operating hours, Pick-up, Takeaway, Hours for the elderly","City tours, Group tours, Private tours, Tires"
gcid:tourist_attraction,Tourist attraction,"Access, Breakfast, Brunch, Delivery, Dinner, Drive-through, Happy hours, Kitchen, Lunch, Online operating hours, Pick-up, Takeaway, Hours for the elderly",
gcid:tourist_information_center,Tourist information center,"Access, Breakfast, Brunch, Delivery, Dinner, Drive-through, Happy hours, Kitchen, Lunch, Online operating hours, Pick-up, Takeaway, Hours for the elderly",
gcid:tower_communication_service,Communications tower,"Access, Breakfast, Brunch, Delivery, Dinner, Drive-through, Happy hours, Kitchen, Lunch, Online operating hours, Pick-up, Takeaway, Hours for the elderly",
gcid:towing_equipment_provider,Towing equipment provider,"Access, Breakfast, Brunch, Delivery, Dinner, Drive-through, Happy hours, Kitchen, Lunch, Online operating hours, Pick-up, Takeaway, Hours for the elderly",
gcid:towing_service,Towing service,"Access, Breakfast, Brunch, Delivery, Dinner, Drive-through, Happy hours, Kitchen, Lunch, Online operating hours, Pick-up, Takeaway, Hours for the elderly","Battery, Battery service, Car towing, Fuel delivery, Local hauling, Long distance hauling, Motorcycle towing, Special vehicle towing, Tire change, Car lockouts"
gcid:townhouse_complex,Townhouse complex,"Access, Breakfast, Brunch, Delivery, Dinner, Drive-through, Happy hours, Kitchen, Lunch, Online operating hours, Pick-up, Takeaway, Hours for the elderly",
gcid:toy_library,Toy library,"Access, Breakfast, Brunch, Delivery, Dinner, Drive-through, Happy hours, Kitchen, Lunch, Online operating hours, Pick-up, Takeaway, Hours for the elderly",
gcid:toy_manufacturer,Toy manufacturer,"Access, Breakfast, Brunch, Delivery, Dinner, Drive-through, Happy hours, Kitchen, Lunch, Online operating hours, Pick-up, Takeaway, Hours for the elderly",
gcid:toy_museum,Toy museum,"Access, Breakfast, Brunch, Delivery, Dinner, Drive-through, Happy hours, Kitchen, Lunch, Online operating hours, Pick-up, Takeaway, Hours for the elderly",
gcid:toy_store,Toy store,"Access, Breakfast, Brunch, Delivery, Dinner, Drive-through, Happy hours, Kitchen, Lunch, Online operating hours, Pick-up, Takeaway, Hours for the elderly",
gcid:toyota_dealer,Toyota dealer,"Access, Breakfast, Brunch, Delivery, Dinner, Drive-through, Happy hours, Kitchen, Lunch, Online operating hours, Pick-up, Takeaway, Hours for the elderly",
gcid:tractor_dealer,Tractor dealer,"Access, Breakfast, Brunch, Delivery, Dinner, Drive-through, Happy hours, Kitchen, Lunch, Online operating hours, Pick-up, Takeaway, Hours for the elderly",
gcid:tractor_parts_store,Tractor parts store,"Access, Breakfast, Brunch, Delivery, Dinner, Drive-through, Happy hours, Kitchen, Lunch, Online operating hours, Pick-up, Takeaway, Hours for the elderly",
gcid:tractor_repair_shop,Tractor repair shop,"Access, Breakfast, Brunch, Delivery, Dinner, Drive-through, Happy hours, Kitchen, Lunch, Online operating hours, Pick-up, Takeaway, Hours for the elderly",
gcid:trade_fair_construction_company,Trade fair construction company,"Access, Breakfast, Brunch, Delivery, Dinner, Drive-through, Happy hours, Kitchen, Lunch, Online operating hours, Pick-up, Takeaway, Hours for the elderly",
gcid:trade_school,Trade school,"Access, Breakfast, Brunch, Delivery, Dinner, Drive-through, Happy hours, Kitchen, Lunch, Online operating hours, Pick-up, Takeaway, Hours for the elderly",
gcid:trading_card_store,Trading card store,"Access, Breakfast, Brunch, Delivery, Dinner, Drive-through, Happy hours, Kitchen, Lunch, Online operating hours, Pick-up, Takeaway, Hours for the elderly",
gcid:traditional_costume_club,Traditional costume club,"Access, Breakfast, Brunch, Delivery, Dinner, Drive-through, Happy hours, Kitchen, Lunch, Online operating hours, Pick-up, Takeaway, Hours for the elderly",
gcid:traditional_kostume_store,Traditional Kostume store,"Access, Breakfast, Brunch, Delivery, Dinner, Drive-through, Happy hours, Kitchen, Lunch, Online operating hours, Pick-up, Takeaway, Hours for the elderly",
gcid:traditional_market,Traditional market,"Access, Breakfast, Brunch, Delivery, Dinner, Drive-through, Happy hours, Kitchen, Lunch, Online operating hours, Pick-up, Takeaway, Hours for the elderly",
gcid:traditional_teahouse,Traditional teahouse,"Access, Breakfast, Brunch, Delivery, Dinner, Drive-through, Happy hours, Kitchen, Lunch, Online operating hours, Takeaway, Hours for the elderly",
gcid:traditional_us_american_restaurant,Traditional American restaurant,"Access, Breakfast, Brunch, Delivery, Dinner, Drive-through, Happy hours, Kitchen, Lunch, Online operating hours, Takeaway, Hours for the elderly",
gcid:traffic_officer,Traffic officer,"Access, Breakfast, Brunch, Delivery, Dinner, Drive-through, Happy hours, Kitchen, Lunch, Online operating hours, Pick-up, Takeaway, Hours for the elderly",
gcid:trailer_dealer,Trailer dealer,"Access, Breakfast, Brunch, Delivery, Dinner, Drive-through, Happy hours, Kitchen, Lunch, Online operating hours, Pick-up, Takeaway, Hours for the elderly",
gcid:trailer_manufacturer,Trailer manufacturer,"Access, Breakfast, Brunch, Delivery, Dinner, Drive-through, Happy hours, Kitchen, Lunch, Online operating hours, Pick-up, Takeaway, Hours for the elderly",
gcid:trailer_rental_service,Trailer rental service,"Access, Breakfast, Brunch, Delivery, Dinner, Drive-through, Happy hours, Kitchen, Lunch, Online operating hours, Pick-up, Takeaway, Hours for the elderly","Camping trailer rentals, Conex box delivery, Flatbed trailers, General repairs & maintenance, Portable storage trailers, Residential self-moving trailers, Semi-trailers, Shipping containers, Storage trailers, Trailer leasing, Trailer rentals"
gcid:trailer_repair_shop,Trailer repair shop,"Access, Breakfast, Brunch, Delivery, Dinner, Drive-through, Happy hours, Kitchen, Lunch, Online operating hours, Pick-up, Takeaway, Hours for the elderly",
gcid:trailer_supply_store,Trailer supply store,"Access, Breakfast, Brunch, Delivery, Dinner, Drive-through, Happy hours, Kitchen, Lunch, Online operating hours, Pick-up, Takeaway, Hours for the elderly",
gcid:train_depot,Train depot,"Access, Breakfast, Brunch, Delivery, Dinner, Drive-through, Happy hours, Kitchen, Lunch, Online operating hours, Pick-up, Takeaway, Hours for the elderly",
gcid:train_repairing_center,Train repairing center,"Access, Breakfast, Brunch, Delivery, Dinner, Drive-through, Happy hours, Kitchen, Lunch, Online operating hours, Pick-up, Takeaway, Hours for the elderly",
gcid:train_ticket_agency,Train ticket agency,"Access, Breakfast, Brunch, Delivery, Dinner, Drive-through, Happy hours, Kitchen, Lunch, Online operating hours, Pick-up, Takeaway, Hours for the elderly",Delivery
gcid:train_ticket_counter,Train ticket office,"Access, Breakfast, Brunch, Delivery, Dinner, Drive-through, Happy hours, Kitchen, Lunch, Online operating hours, Pick-up, Takeaway, Hours for the elderly",
gcid:train_yard,Train yard,"Access, Breakfast, Brunch, Delivery, Dinner, Drive-through, Happy hours, Kitchen, Lunch, Online operating hours, Pick-up, Takeaway, Hours for the elderly",
gcid:training_center,Training center,"Access, Breakfast, Brunch, Delivery, Dinner, Drive-through, Happy hours, Kitchen, Lunch, Online operating hours, Pick-up, Takeaway, Hours for the elderly",
gcid:training_consultant,Training consultant,"Access, Breakfast, Brunch, Delivery, Dinner, Drive-through, Happy hours, Kitchen, Lunch, Online operating hours, Pick-up, Takeaway, Hours for the elderly",
gcid:training_provider,Training provider,"Access, Breakfast, Brunch, Delivery, Dinner, Drive-through, Happy hours, Kitchen, Lunch, Online operating hours, Pick-up, Takeaway, Hours for the elderly",
gcid:transcription_service,Transcription service,"Access, Breakfast, Brunch, Delivery, Dinner, Drive-through, Happy hours, Kitchen, Lunch, Online operating hours, Pick-up, Takeaway, Hours for the elderly",
gcid:transit_depot,Transit depot,"Access, Breakfast, Brunch, Delivery, Dinner, Drive-through, Happy hours, Kitchen, Lunch, Online operating hours, Pick-up, Takeaway, Hours for the elderly",
gcid:translator,Translation service,"Access, Breakfast, Brunch, Delivery, Dinner, Drive-through, Happy hours, Kitchen, Lunch, Online operating hours, Pick-up, Takeaway, Hours for the elderly",
gcid:transmission_shop,Transmission shop,"Access, Breakfast, Brunch, Delivery, Dinner, Drive-through, Happy hours, Kitchen, Lunch, Online operating hours, Pick-up, Takeaway, Hours for the elderly","Air & cabin filter replacement, Battery, Body & Trim, Brakes, Air conditioning, Electrical, Auto engine diagnostic, Exhaust, Oil change, Steering & suspension repair, Tires, Transmission"
gcid:transplant_surgeon,Transplant surgeon,"Breakfast, Delivery, Dinner, Drive-through, Lunch, Online operating hours, Pick-up, Hours for the elderly",
gcid:transportation_escort_service,Transportation escort service,"Access, Breakfast, Brunch, Delivery, Dinner, Drive-through, Happy hours, Kitchen, Lunch, Online operating hours, Pick-up, Takeaway, Hours for the elderly","Airport transport, Anniversaries, Birthdays, City tours, Corporate services, Limousines, Private charters, School dances, Security services, Shopping, Special events, Weddings, Youth transportation"
gcid:transportation_service,Transportation service,"Access, Breakfast, Brunch, Delivery, Dinner, Drive-through, Happy hours, Kitchen, Lunch, Online operating hours, Pick-up, Takeaway, Hours for the elderly",
gcid:travel_agency,Travel agency,"Access, Breakfast, Brunch, Delivery, Dinner, Drive-through, Happy hours, Kitchen, Lunch, Online operating hours, Pick-up, Takeaway, Hours for the elderly",
gcid:travel_clinic,Travel clinic,"Breakfast, Delivery, Dinner, Drive-through, Lunch, Online operating hours, Pick-up, Hours for the elderly",
gcid:travel_lounge,Travel lounge,"Access, Breakfast, Brunch, Delivery, Dinner, Drive-through, Happy hours, Kitchen, Lunch, Online operating hours, Pick-up, Takeaway, Hours for the elderly",
gcid:tree_farm,Tree farm,"Access, Breakfast, Brunch, Delivery, Dinner, Drive-through, Happy hours, Kitchen, Lunch, Online operating hours, Pick-up, Takeaway, Hours for the elderly",
gcid:tree_service,Tree service,"Access, Breakfast, Brunch, Delivery, Dinner, Drive-through, Happy hours, Kitchen, Lunch, Online operating hours, Pick-up, Takeaway, Hours for the elderly","Cabling & bracing, Tree stump removal, Tree planting, Tree removal, Tree stump grinding, Tree transplanting, Tree trimming & pruning"
gcid:trial_attorney,Trial attorney,"Access, Breakfast, Brunch, Delivery, Dinner, Drive-through, Happy hours, Kitchen, Lunch, Online operating hours, Pick-up, Takeaway, Hours for the elderly",
gcid:tribal_headquarters,Tribal headquarters,"Access, Breakfast, Brunch, Delivery, Dinner, Drive-through, Happy hours, Kitchen, Lunch, Online operating hours, Pick-up, Takeaway, Hours for the elderly",
gcid:trophy_shop,Trophy shop,"Access, Breakfast, Brunch, Delivery, Dinner, Drive-through, Happy hours, Kitchen, Lunch, Online operating hours, Pick-up, Takeaway, Hours for the elderly",
gcid:tropical_fish_store,Tropical fish store,"Access, Breakfast, Brunch, Delivery, Dinner, Drive-through, Happy hours, Kitchen, Lunch, Online operating hours, Pick-up, Takeaway, Hours for the elderly",
gcid:truck_accessories_store,Truck accessories store,"Access, Breakfast, Brunch, Delivery, Dinner, Drive-through, Happy hours, Kitchen, Lunch, Online operating hours, Pick-up, Takeaway, Hours for the elderly",
gcid:truck_dealer,Truck dealer,"Access, Breakfast, Brunch, Delivery, Dinner, Drive-through, Happy hours, Kitchen, Lunch, Online operating hours, Pick-up, Takeaway, Hours for the elderly",
gcid:truck_farmer,Truck farmer,"Access, Breakfast, Brunch, Delivery, Dinner, Drive-through, Happy hours, Kitchen, Lunch, Online operating hours, Pick-up, Takeaway, Hours for the elderly",
gcid:truck_parts_supplier,Truck parts supplier,"Access, Breakfast, Brunch, Delivery, Dinner, Drive-through, Happy hours, Kitchen, Lunch, Online operating hours, Pick-up, Takeaway, Hours for the elderly",
gcid:truck_rental_agency,Truck rental agency,"Access, Breakfast, Brunch, Delivery, Dinner, Drive-through, Happy hours, Kitchen, Lunch, Online operating hours, Pick-up, Takeaway, Hours for the elderly",
gcid:truck_repair_shop,Truck repair shop,"Access, Breakfast, Brunch, Delivery, Dinner, Drive-through, Happy hours, Kitchen, Lunch, Online operating hours, Pick-up, Takeaway, Hours for the elderly","Air & cabin filter replacement, Battery, Body & Trim, Brakes, Air conditioning, Electrical, Auto engine diagnostic, Exhaust, Oil change, Steering & suspension repair, Tires, Transmission"
gcid:truck_stop,Truck stop,"Access, Breakfast, Brunch, Delivery, Dinner, Drive-through, Happy hours, Kitchen, Lunch, Online operating hours, Pick-up, Takeaway, Hours for the elderly",
gcid:truck_topper_supplier,Truck topper supplier,"Access, Breakfast, Brunch, Delivery, Dinner, Drive-through, Happy hours, Kitchen, Lunch, Online operating hours, Pick-up, Takeaway, Hours for the elderly",
gcid:trucking_company,Trucking company,"Access, Breakfast, Brunch, Delivery, Dinner, Drive-through, Happy hours, Kitchen, Lunch, Online operating hours, Pick-up, Takeaway, Hours for the elderly",Land
gcid:trucking_school,Truck driving school,"Access, Breakfast, Brunch, Delivery, Dinner, Drive-through, Happy hours, Kitchen, Lunch, Online operating hours, Pick-up, Takeaway, Hours for the elderly",
gcid:truss_manufacturer,Truss manufacturer,"Access, Breakfast, Brunch, Delivery, Dinner, Drive-through, Happy hours, Kitchen, Lunch, Online operating hours, Pick-up, Takeaway, Hours for the elderly",
gcid:trust_bank,Trust bank,"Breakfast, Dinner, Drive-through, Lunch, Online operating hours, Hours for the elderly",
gcid:tsukigime_parking_lot,Tsukigime parking lot,"Access, Breakfast, Brunch, Delivery, Dinner, Drive-through, Happy hours, Kitchen, Lunch, Online operating hours, Pick-up, Takeaway, Hours for the elderly",
gcid:tune_up_supplier,Tune up supplier,"Access, Breakfast, Brunch, Delivery, Dinner, Drive-through, Happy hours, Kitchen, Lunch, Online operating hours, Pick-up, Takeaway, Hours for the elderly",
gcid:tunisian_restaurant,Tunisian restaurant,"Access, Breakfast, Brunch, Delivery, Dinner, Drive-through, Happy hours, Kitchen, Lunch, Online operating hours, Takeaway, Hours for the elderly",
gcid:turf_supplier,Turf supplier,"Access, Breakfast, Brunch, Delivery, Dinner, Drive-through, Happy hours, Kitchen, Lunch, Online operating hours, Pick-up, Takeaway, Hours for the elderly",
gcid:turkish_restaurant,Turkish restaurant,"Access, Breakfast, Brunch, Delivery, Dinner, Drive-through, Happy hours, Kitchen, Lunch, Online operating hours, Takeaway, Hours for the elderly",
gcid:turkmen_restaurant,Turkmen restaurant,"Access, Breakfast, Brunch, Delivery, Dinner, Drive-through, Happy hours, Kitchen, Lunch, Online operating hours, Takeaway, Hours for the elderly",
gcid:turnery,Turnery,"Access, Breakfast, Brunch, Delivery, Dinner, Drive-through, Happy hours, Kitchen, Lunch, Online operating hours, Pick-up, Takeaway, Hours for the elderly",
gcid:tuscan_restaurant,Tuscan restaurant,"Access, Breakfast, Brunch, Delivery, Dinner, Drive-through, Happy hours, Kitchen, Lunch, Online operating hours, Takeaway, Hours for the elderly",
gcid:tutoring_service,Tutoring service,"Access, Breakfast, Brunch, Delivery, Dinner, Drive-through, Happy hours, Kitchen, Lunch, Online operating hours, Pick-up, Takeaway, Hours for the elderly",
gcid:tuxedo_shop,Tuxedo shop,"Access, Breakfast, Brunch, Delivery, Dinner, Drive-through, Happy hours, Kitchen, Lunch, Online operating hours, Pick-up, Takeaway, Hours for the elderly",
gcid:typewriter_repair_service,Typewriter repair service,"Access, Breakfast, Brunch, Delivery, Dinner, Drive-through, Happy hours, Kitchen, Lunch, Online operating hours, Pick-up, Takeaway, Hours for the elderly",
gcid:typewriter_supplier,Typewriter supplier,"Access, Breakfast, Brunch, Delivery, Dinner, Drive-through, Happy hours, Kitchen, Lunch, Online operating hours, Pick-up, Takeaway, Hours for the elderly",
gcid:typing_service,Typing service,"Access, Breakfast, Brunch, Delivery, Dinner, Drive-through, Happy hours, Kitchen, Lunch, Online operating hours, Pick-up, Takeaway, Hours for the elderly",
gcid:udon_noodle_shop,Udon noodle restaurant,"Access, Breakfast, Brunch, Delivery, Dinner, Drive-through, Happy hours, Kitchen, Lunch, Online operating hours, Takeaway, Hours for the elderly",
gcid:ukrainian_restaurant,Ukrainian restaurant,"Access, Breakfast, Brunch, Delivery, Dinner, Drive-through, Happy hours, Kitchen, Lunch, Online operating hours, Takeaway, Hours for the elderly",
gcid:unagi_restaurant,Unagi restaurant,"Access, Breakfast, Brunch, Delivery, Dinner, Drive-through, Happy hours, Kitchen, Lunch, Online operating hours, Takeaway, Hours for the elderly",
gcid:underwear_store,Underwear store,"Access, Breakfast, Brunch, Delivery, Dinner, Drive-through, Happy hours, Kitchen, Lunch, Online operating hours, Pick-up, Takeaway, Hours for the elderly",
gcid:unemployment_office,Unemployment office,"Access, Breakfast, Brunch, Delivery, Dinner, Drive-through, Happy hours, Kitchen, Lunch, Online operating hours, Pick-up, Takeaway, Hours for the elderly",
gcid:unfinished_furniture_store,Unfinished furniture store,"Access, Breakfast, Brunch, Delivery, Dinner, Drive-through, Happy hours, Kitchen, Lunch, Online operating hours, Pick-up, Takeaway, Hours for the elderly",
gcid:uniform_store,Uniform store,"Access, Breakfast, Brunch, Delivery, Dinner, Drive-through, Happy hours, Kitchen, Lunch, Online operating hours, Pick-up, Takeaway, Hours for the elderly",
gcid:unisex_hairdresser,Hairdresser,"Access, Breakfast, Brunch, Delivery, Dinner, Drive-through, Happy hours, Kitchen, Lunch, Online operating hours, Pick-up, Takeaway, Hours for the elderly","Balayage, Blowdry, Blowouts, Body waxing, Box Braids, Braids, Bridal hair, Curly hair, Dreadlocks, Hair coloring, Hair extensions, Hair regrowth, Hairstyling, Hair highlighting, Keratin treatments, Kids' cuts, Makeup services, Ombre hair color, Perms, Shampoo & conditioning, Hair straightening, Updos"
gcid:unitarian_universalist_church,Unitarian Universalist Church,"Access, Breakfast, Brunch, Delivery, Dinner, Kitchen, Lunch, Online operating hours, Pick-up, Takeaway, Hours for the elderly, Prayer",
gcid:united_church_of_canada,United Church of Canada,"Access, Breakfast, Brunch, Delivery, Dinner, Kitchen, Lunch, Online operating hours, Pick-up, Takeaway, Hours for the elderly, Prayer, Worship service",
gcid:united_church_of_christ,United Church of Christ,"Access, Breakfast, Brunch, Delivery, Dinner, Kitchen, Lunch, Online operating hours, Pick-up, Takeaway, Hours for the elderly, Prayer, Worship service",
gcid:united_methodist_church,United Methodist church,"Access, Breakfast, Brunch, Delivery, Dinner, Kitchen, Lunch, Online operating hours, Pick-up, Takeaway, Hours for the elderly, Prayer, Worship service",
gcid:united_states_armed_forces_base,United States Armed Forces Base,"Access, Breakfast, Brunch, Delivery, Dinner, Drive-through, Happy hours, Kitchen, Lunch, Online operating hours, Pick-up, Takeaway, Hours for the elderly",
gcid:unity_church,Unity church,"Access, Breakfast, Brunch, Delivery, Dinner, Kitchen, Lunch, Online operating hours, Pick-up, Takeaway, Hours for the elderly, Prayer, Worship service",
gcid:university,University,"Access, Breakfast, Brunch, Delivery, Dinner, Drive-through, Happy hours, Kitchen, Lunch, Online operating hours, Pick-up, Takeaway, Hours for the elderly",
gcid:university_department,Academic department,"Access, Breakfast, Brunch, Delivery, Dinner, Drive-through, Happy hours, Kitchen, Lunch, Online operating hours, Pick-up, Takeaway, Hours for the elderly",
gcid:university_hospital,University hospital,"Breakfast, Delivery, Dinner, Drive-through, Lunch, Online operating hours, Pick-up, Hours for the elderly",
gcid:university_library,University library,"Access, Breakfast, Brunch, Delivery, Dinner, Drive-through, Happy hours, Kitchen, Lunch, Online operating hours, Pick-up, Takeaway, Hours for the elderly",
gcid:upholstery_cleaning_service,Upholstery cleaning service,"Access, Breakfast, Brunch, Delivery, Dinner, Drive-through, Happy hours, Kitchen, Lunch, Online operating hours, Pick-up, Takeaway, Hours for the elderly","Area rug cleaning, General carpet cleaning, Drapes & curtain cleaning, Upholstery cleaning, Pet stain & odor removal"
gcid:upholstery_shop,Upholstery shop,"Access, Breakfast, Brunch, Delivery, Dinner, Drive-through, Happy hours, Kitchen, Lunch, Online operating hours, Pick-up, Takeaway, Hours for the elderly","Aircraft upholstery, Atv upholstery, Boat upholstery, Car upholstery, Classic car upholstery, Commercial upholstery, Custom upholstery, Delivery, Exotic car upholstery, Furniture, Furniture upholstery, General repairs, Motorcycle upholstery, Refurbishment, Reshaping, Restoration, Rv upholstery"
gcid:urban_planning_department,Urban planning department,"Access, Breakfast, Brunch, Delivery, Dinner, Drive-through, Happy hours, Kitchen, Lunch, Online operating hours, Pick-up, Takeaway, Hours for the elderly",
gcid:urgent_care_center,Urgent care center,"Breakfast, Delivery, Dinner, Drive-through, Lunch, Online operating hours, Pick-up, Hours for the elderly",
gcid:urologist,Urologist,"Breakfast, Delivery, Dinner, Drive-through, Lunch, Online operating hours, Pick-up, Hours for the elderly",
gcid:urology_clinic,Urology clinic,"Breakfast, Delivery, Dinner, Drive-through, Lunch, Online operating hours, Pick-up, Hours for the elderly",
gcid:uruguayan_restaurant,Uruguayan restaurant,"Access, Breakfast, Brunch, Delivery, Dinner, Drive-through, Happy hours, Kitchen, Lunch, Online operating hours, Takeaway, Hours for the elderly",
gcid:us_pacific_northwest_restaurant,Pacific Northwest restaurant (US),"Access, Breakfast, Brunch, Delivery, Dinner, Drive-through, Happy hours, Kitchen, Lunch, Online operating hours, Takeaway, Hours for the elderly",
gcid:used_appliance_store,Used appliance store,"Access, Breakfast, Brunch, Delivery, Dinner, Drive-through, Happy hours, Kitchen, Lunch, Online operating hours, Pick-up, Takeaway, Hours for the elderly",
gcid:used_auto_parts_store,Used auto parts store,"Access, Breakfast, Brunch, Delivery, Dinner, Drive-through, Happy hours, Kitchen, Lunch, Online operating hours, Pick-up, Takeaway, Hours for the elderly",
gcid:used_bicycle_shop,Used bicycle shop,"Access, Breakfast, Brunch, Delivery, Dinner, Drive-through, Happy hours, Kitchen, Lunch, Online operating hours, Pick-up, Takeaway, Hours for the elderly",
gcid:used_book_store,Used book store,"Access, Breakfast, Brunch, Delivery, Dinner, Drive-through, Happy hours, Kitchen, Lunch, Online operating hours, Pick-up, Takeaway, Hours for the elderly",
gcid:used_car_dealer,Used car dealer,"Access, Breakfast, Brunch, Delivery, Dinner, Drive-through, Happy hours, Kitchen, Lunch, Online operating hours, Pick-up, Takeaway, Hours for the elderly",
gcid:used_cd_store,Used CD store,"Access, Breakfast, Brunch, Delivery, Dinner, Drive-through, Happy hours, Kitchen, Lunch, Online operating hours, Pick-up, Takeaway, Hours for the elderly",
gcid:used_clothing_store,Used clothing store,"Access, Breakfast, Brunch, Delivery, Dinner, Drive-through, Happy hours, Kitchen, Lunch, Online operating hours, Pick-up, Takeaway, Hours for the elderly",
gcid:used_computer_store,Used computer store,"Access, Breakfast, Brunch, Delivery, Dinner, Drive-through, Happy hours, Kitchen, Lunch, Online operating hours, Pick-up, Takeaway, Hours for the elderly",
gcid:used_furniture_store,Used furniture store,"Access, Breakfast, Brunch, Delivery, Dinner, Drive-through, Happy hours, Kitchen, Lunch, Online operating hours, Pick-up, Takeaway, Hours for the elderly",
gcid:used_game_store,Used game store,"Access, Breakfast, Brunch, Delivery, Dinner, Drive-through, Happy hours, Kitchen, Lunch, Online operating hours, Pick-up, Takeaway, Hours for the elderly",
gcid:used_motorcycle_dealer,Used motorcycle dealer,"Access, Breakfast, Brunch, Delivery, Dinner, Drive-through, Happy hours, Kitchen, Lunch, Online operating hours, Pick-up, Takeaway, Hours for the elderly",
gcid:used_musical_instrument_store,Used musical instrument store,"Access, Breakfast, Brunch, Delivery, Dinner, Drive-through, Happy hours, Kitchen, Lunch, Online operating hours, Pick-up, Takeaway, Hours for the elderly",
gcid:used_office_furniture_store,Used office furniture store,"Access, Breakfast, Brunch, Delivery, Dinner, Drive-through, Happy hours, Kitchen, Lunch, Online operating hours, Pick-up, Takeaway, Hours for the elderly",
gcid:used_store_fixture_supplier,Used store fixture supplier,"Access, Breakfast, Brunch, Delivery, Dinner, Drive-through, Happy hours, Kitchen, Lunch, Online operating hours, Pick-up, Takeaway, Hours for the elderly",
gcid:used_tire_shop,Used tire shop,"Access, Breakfast, Brunch, Delivery, Dinner, Drive-through, Happy hours, Kitchen, Lunch, Online operating hours, Pick-up, Takeaway, Hours for the elderly",
gcid:used_truck_dealer,Used truck dealer,"Access, Breakfast, Brunch, Delivery, Dinner, Drive-through, Happy hours, Kitchen, Lunch, Online operating hours, Pick-up, Takeaway, Hours for the elderly",
gcid:utility_contractor,Utility contractor,"Access, Breakfast, Brunch, Delivery, Dinner, Drive-through, Happy hours, Kitchen, Lunch, Online operating hours, Pick-up, Takeaway, Hours for the elderly",
gcid:utility_trailer_dealer,Utility trailer dealer,"Access, Breakfast, Brunch, Delivery, Dinner, Drive-through, Happy hours, Kitchen, Lunch, Online operating hours, Pick-up, Takeaway, Hours for the elderly",
gcid:uyghur_cuisine_restaurant,Uyghur cuisine restaurant,"Access, Breakfast, Brunch, Delivery, Dinner, Drive-through, Happy hours, Kitchen, Lunch, Online operating hours, Takeaway, Hours for the elderly",
gcid:uzbek_restaurant,Uzbeki restaurant,"Access, Breakfast, Brunch, Delivery, Dinner, Drive-through, Happy hours, Kitchen, Lunch, Online operating hours, Takeaway, Hours for the elderly",
gcid:vacation_appartment,Holiday apartment,"Access, Breakfast, Brunch, Delivery, Dinner, Drive-through, Happy hours, Kitchen, Lunch, Online operating hours, Pick-up, Takeaway, Hours for the elderly",Cleaning
gcid:vacation_home_rental_agency,Vacation home rental agency,"Access, Breakfast, Brunch, Delivery, Dinner, Drive-through, Happy hours, Kitchen, Lunch, Online operating hours, Pick-up, Takeaway, Hours for the elderly","Beach vacation property rentals, Cabin vacation rentals, Condo vacation property rentals, Lake vacation home rentals, Luxury vacation home rentals, Tiny vacation home rentals, Vacation property pool service, Vacation rental cleaning, Vacation rental property management"
gcid:vacuum_cleaner_repair_shop,Vacuum cleaner repair shop,"Access, Breakfast, Brunch, Delivery, Dinner, Drive-through, Happy hours, Kitchen, Lunch, Online operating hours, Pick-up, Takeaway, Hours for the elderly",
gcid:vacuum_cleaner_store,Vacuum cleaner store,"Access, Breakfast, Brunch, Delivery, Dinner, Drive-through, Happy hours, Kitchen, Lunch, Online operating hours, Pick-up, Takeaway, Hours for the elderly",
gcid:vacuum_cleaning_system_supplier,Vacuum cleaning system supplier,"Access, Breakfast, Brunch, Delivery, Dinner, Drive-through, Happy hours, Kitchen, Lunch, Online operating hours, Pick-up, Takeaway, Hours for the elderly",
gcid:valencian_restaurant,Valencian restaurant,"Access, Breakfast, Brunch, Delivery, Dinner, Drive-through, Happy hours, Kitchen, Lunch, Online operating hours, Takeaway, Hours for the elderly",
gcid:valet_parking_service,Valet parking service,"Access, Breakfast, Brunch, Delivery, Dinner, Drive-through, Happy hours, Kitchen, Lunch, Online operating hours, Pick-up, Takeaway, Hours for the elderly",
gcid:van_rental_agency,Van rental agency,"Access, Breakfast, Brunch, Delivery, Dinner, Drive-through, Happy hours, Kitchen, Lunch, Online operating hours, Pick-up, Takeaway, Hours for the elderly",
gcid:vaporizer_store,Vaporizer store,"Access, Breakfast, Brunch, Delivery, Dinner, Drive-through, Happy hours, Kitchen, Lunch, Online operating hours, Pick-up, Takeaway, Hours for the elderly",
gcid:variety_store,Variety store,"Access, Breakfast, Brunch, Delivery, Dinner, Drive-through, Happy hours, Kitchen, Lunch, Online operating hours, Pick-up, Takeaway, Hours for the elderly",
gcid:vascular_surgeon,Vascular surgeon,"Breakfast, Delivery, Dinner, Drive-through, Lunch, Online operating hours, Pick-up, Hours for the elderly",
gcid:vastu_consultant,Vastu consultant,"Access, Breakfast, Brunch, Delivery, Dinner, Drive-through, Happy hours, Kitchen, Lunch, Online operating hours, Pick-up, Takeaway, Hours for the elderly","Consultation, Project management"
gcid:vauxhall_dealer,Vauxhall dealer,"Access, Breakfast, Brunch, Delivery, Dinner, Drive-through, Happy hours, Kitchen, Lunch, Online operating hours, Pick-up, Takeaway, Hours for the elderly",
gcid:vcr_repair_service,VCR repair service,"Access, Breakfast, Brunch, Delivery, Dinner, Drive-through, Happy hours, Kitchen, Lunch, Online operating hours, Pick-up, Takeaway, Hours for the elderly",
gcid:vegan_restaurant,Vegan restaurant,"Access, Breakfast, Brunch, Delivery, Dinner, Drive-through, Happy hours, Kitchen, Lunch, Online operating hours, Takeaway, Hours for the elderly",
gcid:vegetable_wholesale_market,Vegetable wholesale market,"Access, Breakfast, Brunch, Delivery, Dinner, Drive-through, Happy hours, Kitchen, Lunch, Online operating hours, Pick-up, Takeaway, Hours for the elderly",
gcid:vegetable_wholesaler,Vegetable wholesaler,"Access, Breakfast, Brunch, Delivery, Dinner, Drive-through, Happy hours, Kitchen, Lunch, Online operating hours, Pick-up, Takeaway, Hours for the elderly",
gcid:vegetarian_cafe_and_deli,Vegetarian cafe and deli,"Access, Breakfast, Brunch, Delivery, Dinner, Drive-through, Happy hours, Kitchen, Lunch, Online operating hours, Pick-up, Takeaway, Hours for the elderly",
gcid:vegetarian_restaurant,Vegetarian restaurant,"Access, Breakfast, Brunch, Delivery, Dinner, Drive-through, Happy hours, Kitchen, Lunch, Online operating hours, Takeaway, Hours for the elderly",
gcid:vehicle_exporter,Vehicle exporter,"Access, Breakfast, Brunch, Delivery, Dinner, Drive-through, Happy hours, Kitchen, Lunch, Online operating hours, Pick-up, Takeaway, Hours for the elderly",
gcid:vehicle_inspection,Vehicle inspection service,"Access, Breakfast, Brunch, Delivery, Dinner, Drive-through, Happy hours, Kitchen, Lunch, Online operating hours, Pick-up, Takeaway, Hours for the elderly",
gcid:vehicle_shipping_agent,Vehicle shipping agent,"Access, Breakfast, Brunch, Delivery, Dinner, Drive-through, Happy hours, Kitchen, Lunch, Online operating hours, Pick-up, Takeaway, Hours for the elderly",
gcid:vehicle_wrapping_service,Vehicle wrapping service,"Access, Breakfast, Brunch, Delivery, Dinner, Drive-through, Happy hours, Kitchen, Lunch, Online operating hours, Pick-up, Takeaway, Hours for the elderly",
gcid:velodrome,Velodrome,"Access, Breakfast, Brunch, Delivery, Dinner, Drive-through, Happy hours, Kitchen, Lunch, Online operating hours, Pick-up, Takeaway, Hours for the elderly",
gcid:vending_machine_supplier,Vending machine supplier,"Access, Breakfast, Brunch, Delivery, Dinner, Drive-through, Happy hours, Kitchen, Lunch, Online operating hours, Pick-up, Takeaway, Hours for the elderly",
gcid:venereologist,Venereologist,"Breakfast, Delivery, Dinner, Drive-through, Lunch, Online operating hours, Pick-up, Hours for the elderly",
gcid:venetian_restaurant,Venetian restaurant,"Access, Breakfast, Brunch, Delivery, Dinner, Drive-through, Happy hours, Kitchen, Lunch, Online operating hours, Takeaway, Hours for the elderly",
gcid:venezuelan_restaurant,Venezuelan restaurant,"Access, Breakfast, Brunch, Delivery, Dinner, Drive-through, Happy hours, Kitchen, Lunch, Online operating hours, Takeaway, Hours for the elderly",
gcid:ventilating_equipment_manufacturer,Ventilating equipment manufacturer,"Access, Breakfast, Brunch, Delivery, Dinner, Drive-through, Happy hours, Kitchen, Lunch, Online operating hours, Pick-up, Takeaway, Hours for the elderly",
gcid:venture_capital_company,Venture capital company,"Breakfast, Dinner, Drive-through, Lunch, Online operating hours, Hours for the elderly",
gcid:veterans_affairs_department,Veterans affairs department,"Access, Breakfast, Brunch, Delivery, Dinner, Drive-through, Happy hours, Kitchen, Lunch, Online operating hours, Pick-up, Takeaway, Hours for the elderly",
gcid:veterans_center,Veterans center,"Access, Breakfast, Brunch, Delivery, Dinner, Drive-through, Happy hours, Kitchen, Lunch, Online operating hours, Pick-up, Takeaway, Hours for the elderly",
gcid:veterans_hospital,Veterans hospital,"Breakfast, Delivery, Dinner, Drive-through, Lunch, Online operating hours, Pick-up, Hours for the elderly",
gcid:veterans_organization,Veterans organization,"Access, Breakfast, Brunch, Delivery, Dinner, Drive-through, Happy hours, Kitchen, Lunch, Online operating hours, Pick-up, Takeaway, Hours for the elderly",
gcid:veterinarian,Veterinarian,"Access, Breakfast, Brunch, Delivery, Dinner, Drive-through, Happy hours, Kitchen, Lunch, Online operating hours, Pick-up, Takeaway, Hours for the elderly","Birds, Exotic animals, Large animals"
gcid:veterinary_pharmacy,Veterinary pharmacy,"Breakfast, Delivery, Dinner, Drive-through, Lunch, Online operating hours, Pick-up, Hours for the elderly",
gcid:video_arcade,Video arcade,"Access, Breakfast, Brunch, Delivery, Dinner, Drive-through, Happy hours, Kitchen, Lunch, Online operating hours, Pick-up, Takeaway, Hours for the elderly",
gcid:video_camera_repair_service,Video camera repair service,"Access, Breakfast, Brunch, Delivery, Dinner, Drive-through, Happy hours, Kitchen, Lunch, Online operating hours, Pick-up, Takeaway, Hours for the elderly",
gcid:video_conferencing_equipment_supplier,Video conferencing equipment supplier,"Access, Breakfast, Brunch, Delivery, Dinner, Drive-through, Happy hours, Kitchen, Lunch, Online operating hours, Pick-up, Takeaway, Hours for the elderly",
gcid:video_conferencing_service,Video conferencing service,"Access, Breakfast, Brunch, Delivery, Dinner, Drive-through, Happy hours, Kitchen, Lunch, Online operating hours, Pick-up, Takeaway, Hours for the elderly",
gcid:video_duplication_service,Video duplication service,"Access, Breakfast, Brunch, Delivery, Dinner, Drive-through, Happy hours, Kitchen, Lunch, Online operating hours, Pick-up, Takeaway, Hours for the elderly",
gcid:video_editing_service,Video editing service,"Access, Breakfast, Brunch, Delivery, Dinner, Drive-through, Happy hours, Kitchen, Lunch, Online operating hours, Pick-up, Takeaway, Hours for the elderly",
gcid:video_equipment_repair_service,Video equipment repair service,"Access, Breakfast, Brunch, Delivery, Dinner, Drive-through, Happy hours, Kitchen, Lunch, Online operating hours, Pick-up, Takeaway, Hours for the elderly",
gcid:video_game_rental_kiosk,Video game rental kiosk,"Access, Breakfast, Brunch, Delivery, Dinner, Drive-through, Happy hours, Kitchen, Lunch, Online operating hours, Pick-up, Takeaway, Hours for the elderly",
gcid:video_game_rental_store,Video game rental store,"Access, Breakfast, Brunch, Delivery, Dinner, Drive-through, Happy hours, Kitchen, Lunch, Online operating hours, Pick-up, Takeaway, Hours for the elderly",
gcid:video_game_store,Video game store,"Access, Breakfast, Brunch, Delivery, Dinner, Drive-through, Happy hours, Kitchen, Lunch, Online operating hours, Pick-up, Takeaway, Hours for the elderly",
gcid:video_karaoke,Video karaoke,"Access, Breakfast, Brunch, Delivery, Dinner, Drive-through, Happy hours, Kitchen, Lunch, Online operating hours, Pick-up, Takeaway, Hours for the elderly",
gcid:video_production_service,Video production service,"Access, Breakfast, Brunch, Delivery, Dinner, Drive-through, Happy hours, Kitchen, Lunch, Online operating hours, Pick-up, Takeaway, Hours for the elderly","Aerial videography, Documentary production, Elopement videography, Event video production, Family video productions, Film production services, Full-service video production, Green screen video services, Live streaming, Music video production, Post-production services, Pre-production services, Product demonstrations, Promotional video production, Real estate videography, Short film video production, Special event productions, Teleprompter rentals, Video editing, Video marketing, Voice overs, Wedding videography"
gcid:video_store,Video store,"Access, Breakfast, Brunch, Delivery, Dinner, Drive-through, Happy hours, Kitchen, Lunch, Online operating hours, Pick-up, Takeaway, Hours for the elderly",
gcid:vietnamese_restaurant,Vietnamese restaurant,"Access, Breakfast, Brunch, Delivery, Dinner, Drive-through, Happy hours, Kitchen, Lunch, Online operating hours, Takeaway, Hours for the elderly",
gcid:villa,Villa,"Access, Breakfast, Brunch, Delivery, Dinner, Drive-through, Happy hours, Kitchen, Lunch, Online operating hours, Pick-up, Takeaway, Hours for the elderly",
gcid:village_hall,Village hall,"Access, Breakfast, Brunch, Delivery, Dinner, Drive-through, Happy hours, Kitchen, Lunch, Online operating hours, Pick-up, Takeaway, Hours for the elderly",
gcid:vineyard,Vineyard,"Access, Breakfast, Brunch, Delivery, Dinner, Drive-through, Happy hours, Kitchen, Lunch, Online operating hours, Pick-up, Takeaway, Hours for the elderly",
gcid:vineyard_church,Vineyard church,"Access, Breakfast, Brunch, Delivery, Dinner, Kitchen, Lunch, Online operating hours, Pick-up, Takeaway, Hours for the elderly, Prayer, Worship service",
gcid:vintage_clothing_store,Vintage clothing store,"Access, Breakfast, Brunch, Delivery, Dinner, Drive-through, Happy hours, Kitchen, Lunch, Online operating hours, Pick-up, Takeaway, Hours for the elderly",
gcid:vinyl_sign_shop,Vinyl sign shop,"Access, Breakfast, Brunch, Delivery, Dinner, Drive-through, Happy hours, Kitchen, Lunch, Online operating hours, Pick-up, Takeaway, Hours for the elderly",
gcid:violin_shop,Violin shop,"Access, Breakfast, Brunch, Delivery, Dinner, Drive-through, Happy hours, Kitchen, Lunch, Online operating hours, Pick-up, Takeaway, Hours for the elderly",
gcid:virtual_office_rental,Virtual office rental,"Access, Breakfast, Brunch, Delivery, Dinner, Drive-through, Happy hours, Kitchen, Lunch, Online operating hours, Pick-up, Takeaway, Hours for the elderly",
gcid:visa_and_passport_office,Visa and passport office,"Access, Breakfast, Brunch, Delivery, Dinner, Drive-through, Happy hours, Kitchen, Lunch, Online operating hours, Pick-up, Takeaway, Hours for the elderly",
gcid:visa_consultant,Visa consulting service,"Access, Breakfast, Brunch, Delivery, Dinner, Drive-through, Happy hours, Kitchen, Lunch, Online operating hours, Pick-up, Takeaway, Hours for the elderly",
gcid:visitor_center,Visitor center,"Access, Breakfast, Brunch, Delivery, Dinner, Drive-through, Happy hours, Kitchen, Lunch, Online operating hours, Pick-up, Takeaway, Hours for the elderly",
gcid:vitamin_and_supplements_store,Vitamin & supplements store,"Breakfast, Delivery, Dinner, Drive-through, Lunch, Online operating hours, Pick-up, Hours for the elderly",
gcid:vocal_instructor,Vocal instructor,"Access, Breakfast, Brunch, Delivery, Dinner, Drive-through, Happy hours, Kitchen, Lunch, Online operating hours, Pick-up, Takeaway, Hours for the elderly",
gcid:vocational_gymnasium_school,Vocational gymnasium school,"Access, Breakfast, Brunch, Delivery, Dinner, Drive-through, Happy hours, Kitchen, Lunch, Online operating hours, Pick-up, Takeaway, Hours for the elderly",
gcid:vocational_secondary_school,Vocational secondary school,"Access, Breakfast, Brunch, Delivery, Dinner, Drive-through, Happy hours, Kitchen, Lunch, Online operating hours, Pick-up, Takeaway, Hours for the elderly",
gcid:vocational_training_school,Vocational school,"Access, Breakfast, Brunch, Delivery, Dinner, Drive-through, Happy hours, Kitchen, Lunch, Online operating hours, Pick-up, Takeaway, Hours for the elderly",
gcid:volkswagen_dealer,Volkswagen dealer,"Access, Breakfast, Brunch, Delivery, Dinner, Drive-through, Happy hours, Kitchen, Lunch, Online operating hours, Pick-up, Takeaway, Hours for the elderly",
gcid:volleyball_club,Volleyball club,"Access, Breakfast, Brunch, Delivery, Dinner, Drive-through, Happy hours, Kitchen, Lunch, Online operating hours, Pick-up, Takeaway, Hours for the elderly",
gcid:volleyball_court,Volleyball court,"Access, Breakfast, Brunch, Delivery, Dinner, Drive-through, Happy hours, Kitchen, Lunch, Online operating hours, Pick-up, Takeaway, Hours for the elderly",
gcid:volleyball_instructor,Volleyball instructor,"Access, Breakfast, Brunch, Delivery, Dinner, Drive-through, Happy hours, Kitchen, Lunch, Online operating hours, Pick-up, Takeaway, Hours for the elderly",
gcid:volunteer_organization,Volunteer organization,"Access, Breakfast, Brunch, Delivery, Dinner, Drive-through, Happy hours, Kitchen, Lunch, Online operating hours, Pick-up, Takeaway, Hours for the elderly",
gcid:volvo_dealer,Volvo dealer,"Access, Breakfast, Brunch, Delivery, Dinner, Drive-through, Happy hours, Kitchen, Lunch, Online operating hours, Pick-up, Takeaway, Hours for the elderly",
gcid:voter_registration_office,Voter registration office,"Access, Breakfast, Brunch, Delivery, Dinner, Drive-through, Happy hours, Kitchen, Lunch, Online operating hours, Pick-up, Takeaway, Hours for the elderly",
gcid:waldorf_kindergarten,Waldorf kindergarten,"Access, Breakfast, Brunch, Delivery, Dinner, Drive-through, Happy hours, Kitchen, Lunch, Online operating hours, Pick-up, Takeaway, Hours for the elderly",
gcid:waldorf_school,Waldorf school,"Access, Breakfast, Brunch, Delivery, Dinner, Drive-through, Happy hours, Kitchen, Lunch, Online operating hours, Pick-up, Takeaway, Hours for the elderly",
gcid:walk_in_clinic,Walk-in clinic,"Breakfast, Delivery, Dinner, Drive-through, Lunch, Online operating hours, Pick-up, Hours for the elderly",
gcid:wallpaper_installer,Wallpaper installer,"Access, Breakfast, Brunch, Delivery, Dinner, Drive-through, Happy hours, Kitchen, Lunch, Online operating hours, Pick-up, Takeaway, Hours for the elderly",
gcid:wallpaper_store,Wallpaper store,"Access, Breakfast, Brunch, Delivery, Dinner, Drive-through, Happy hours, Kitchen, Lunch, Online operating hours, Pick-up, Takeaway, Hours for the elderly",
gcid:war_museum,War museum,"Access, Breakfast, Brunch, Delivery, Dinner, Drive-through, Happy hours, Kitchen, Lunch, Online operating hours, Pick-up, Takeaway, Hours for the elderly",
gcid:warehouse,Warehouse,"Access, Breakfast, Brunch, Delivery, Dinner, Drive-through, Happy hours, Kitchen, Lunch, Online operating hours, Pick-up, Takeaway, Hours for the elderly",
gcid:warehouse_club,Warehouse club,"Access, Breakfast, Brunch, Delivery, Dinner, Drive-through, Happy hours, Kitchen, Lunch, Online operating hours, Pick-up, Takeaway, Hours for the elderly",
gcid:warehouse_store,Warehouse store,"Access, Breakfast, Brunch, Delivery, Dinner, Drive-through, Happy hours, Kitchen, Lunch, Online operating hours, Pick-up, Takeaway, Hours for the elderly",
gcid:washer_and_dryer_repair_service,Washer & dryer repair service,"Access, Breakfast, Brunch, Delivery, Dinner, Drive-through, Happy hours, Kitchen, Lunch, Online operating hours, Pick-up, Takeaway, Hours for the elderly","Dryer vent cleaning, Dishwasher repair, Dryer repair, Freezer repair, Microwave repair, Oven repair, Refrigerator repair, Refrigerator/freezer repair, Stove & cooktop repair, Stove, cooktop & oven repair, Washing machine repair, Washer/dryer repair"
gcid:washer_and_dryer_store,Washer & dryer store,"Access, Breakfast, Brunch, Delivery, Dinner, Drive-through, Happy hours, Kitchen, Lunch, Online operating hours, Pick-up, Takeaway, Hours for the elderly",
gcid:waste_management_service,Waste management service,"Access, Breakfast, Brunch, Delivery, Dinner, Drive-through, Happy hours, Kitchen, Lunch, Online operating hours, Pick-up, Takeaway, Hours for the elderly","Appliance removal & disposal, Construction debris removal, Donated goods pickup, Dumpster rental, Electronic waste removal & disposal, Furniture removal, Junk removal, Hazardous waste removal & disposal, House & garage cleanouts, Mattress removal & disposal, Trash removal & disposal, Waste recycling, Yard debris removal"
gcid:waste_transfer_station,Waste transfer station,"Access, Breakfast, Brunch, Delivery, Dinner, Drive-through, Happy hours, Kitchen, Lunch, Online operating hours, Pick-up, Takeaway, Hours for the elderly",
gcid:watch_manufacturer,Watch manufacturer,"Access, Breakfast, Brunch, Delivery, Dinner, Drive-through, Happy hours, Kitchen, Lunch, Online operating hours, Pick-up, Takeaway, Hours for the elderly",
gcid:watch_repair_service,Watch repair service,"Access, Breakfast, Brunch, Delivery, Dinner, Drive-through, Happy hours, Kitchen, Lunch, Online operating hours, Pick-up, Takeaway, Hours for the elderly","Appraisals, Band & case refinishing, Battery replacement, Engraving, Gasket replacement, Genuine parts replacement, Link additions/removals, Refurbishment, Sizing, Vintage timepiece restorations, Watch band repair, Watch cleaning & inspection, Watch pins repair, Water resistance testing"
gcid:watch_store,Watch store,"Access, Breakfast, Brunch, Delivery, Dinner, Drive-through, Happy hours, Kitchen, Lunch, Online operating hours, Pick-up, Takeaway, Hours for the elderly",
gcid:water_cooler_supplier,Water cooler supplier,"Access, Breakfast, Brunch, Delivery, Dinner, Drive-through, Happy hours, Kitchen, Lunch, Online operating hours, Pick-up, Takeaway, Hours for the elderly",
gcid:water_damage_restoration_service,Water damage restoration service,"Access, Breakfast, Brunch, Delivery, Dinner, Drive-through, Happy hours, Kitchen, Lunch, Online operating hours, Pick-up, Takeaway, Hours for the elderly","Carpet cleaning, Fire damage cleanup & repair, Flood cleanup, Flood restoration, Mold cleaning, Mold damage restoration, Mold mitigation, Mold remediation, Water damage-related cleanup & repair, Flooring, Mold inspection, Water damage-related mold removal, Painting, Water damage-related pest control, Plumbing, Remodeling, Roofing, Sewage cleanup, Water removal"
gcid:water_filter_supplier,Water filter supplier,"Access, Breakfast, Brunch, Delivery, Dinner, Drive-through, Happy hours, Kitchen, Lunch, Online operating hours, Pick-up, Takeaway, Hours for the elderly",
gcid:water_jet_cutting_service,Water jet cutting service,"Access, Breakfast, Brunch, Delivery, Dinner, Drive-through, Happy hours, Kitchen, Lunch, Online operating hours, Pick-up, Takeaway, Hours for the elderly",
gcid:water_mill,Water mill,"Access, Breakfast, Brunch, Delivery, Dinner, Drive-through, Happy hours, Kitchen, Lunch, Online operating hours, Pick-up, Takeaway, Hours for the elderly",
gcid:water_park,Water park,"Access, Breakfast, Brunch, Delivery, Dinner, Drive-through, Happy hours, Kitchen, Lunch, Online operating hours, Pick-up, Takeaway, Hours for the elderly",
gcid:water_polo_pool,Water polo pool,"Access, Breakfast, Brunch, Delivery, Dinner, Drive-through, Happy hours, Kitchen, Lunch, Online operating hours, Pick-up, Takeaway, Hours for the elderly",
gcid:water_pump_supplier,Water pump supplier,"Access, Breakfast, Brunch, Delivery, Dinner, Drive-through, Happy hours, Kitchen, Lunch, Online operating hours, Pick-up, Takeaway, Hours for the elderly",
gcid:water_purification_company,Water purification company,"Access, Breakfast, Brunch, Delivery, Dinner, Drive-through, Happy hours, Kitchen, Lunch, Online operating hours, Pick-up, Takeaway, Hours for the elderly",
gcid:water_ski_shop,Water ski shop,"Access, Breakfast, Brunch, Delivery, Dinner, Drive-through, Happy hours, Kitchen, Lunch, Online operating hours, Pick-up, Takeaway, Hours for the elderly",
gcid:water_skiing_club,Water skiing club,"Access, Breakfast, Brunch, Delivery, Dinner, Drive-through, Happy hours, Kitchen, Lunch, Online operating hours, Pick-up, Takeaway, Hours for the elderly",
gcid:water_skiing_instructor,Water skiing instructor,"Access, Breakfast, Brunch, Delivery, Dinner, Drive-through, Happy hours, Kitchen, Lunch, Online operating hours, Pick-up, Takeaway, Hours for the elderly",
gcid:water_skiing_service,Water skiing service,"Access, Breakfast, Brunch, Delivery, Dinner, Drive-through, Happy hours, Kitchen, Lunch, Online operating hours, Pick-up, Takeaway, Hours for the elderly",
gcid:water_softening_equipment_supplier,Water softening equipment supplier,"Access, Breakfast, Brunch, Delivery, Dinner, Drive-through, Happy hours, Kitchen, Lunch, Online operating hours, Pick-up, Takeaway, Hours for the elderly",
gcid:water_sports_equipment_rental_service,Water sports equipment rental service,"Access, Breakfast, Brunch, Delivery, Dinner, Drive-through, Happy hours, Kitchen, Lunch, Online operating hours, Pick-up, Takeaway, Hours for the elderly",
gcid:water_tank_cleaning_service,Water tank cleaning service,"Access, Breakfast, Brunch, Delivery, Dinner, Drive-through, Happy hours, Kitchen, Lunch, Online operating hours, Pick-up, Takeaway, Hours for the elderly",
gcid:water_testing_service,Water testing service,"Access, Breakfast, Brunch, Delivery, Dinner, Drive-through, Happy hours, Kitchen, Lunch, Online operating hours, Pick-up, Takeaway, Hours for the elderly",
gcid:water_treatment_plant,Water treatment plant,"Access, Breakfast, Brunch, Delivery, Dinner, Drive-through, Happy hours, Kitchen, Lunch, Online operating hours, Pick-up, Takeaway, Hours for the elderly",
gcid:water_treatment_supplier,Water treatment supplier,"Access, Breakfast, Brunch, Delivery, Dinner, Drive-through, Happy hours, Kitchen, Lunch, Online operating hours, Pick-up, Takeaway, Hours for the elderly",
gcid:water_utility_company,Water utility company,"Access, Breakfast, Brunch, Delivery, Dinner, Drive-through, Happy hours, Kitchen, Lunch, Online operating hours, Pick-up, Takeaway, Hours for the elderly",
gcid:water_works,Water works,"Access, Breakfast, Brunch, Delivery, Dinner, Drive-through, Happy hours, Kitchen, Lunch, Online operating hours, Pick-up, Takeaway, Hours for the elderly",
gcid:water_works_equipment_supplier,Water works equipment supplier,"Access, Breakfast, Brunch, Delivery, Dinner, Drive-through, Happy hours, Kitchen, Lunch, Online operating hours, Pick-up, Takeaway, Hours for the elderly",
gcid:waterbed_repair_service,Waterbed repair service,"Access, Breakfast, Brunch, Delivery, Dinner, Drive-through, Happy hours, Kitchen, Lunch, Online operating hours, Pick-up, Takeaway, Hours for the elderly",
gcid:waterbed_store,Waterbed store,"Access, Breakfast, Brunch, Delivery, Dinner, Drive-through, Happy hours, Kitchen, Lunch, Online operating hours, Pick-up, Takeaway, Hours for the elderly",
gcid:waterproofing_company,Waterproofing service,"Access, Breakfast, Brunch, Delivery, Dinner, Drive-through, Happy hours, Kitchen, Lunch, Online operating hours, Pick-up, Takeaway, Hours for the elderly",
gcid:wax_museum,Wax museum,"Access, Breakfast, Brunch, Delivery, Dinner, Drive-through, Happy hours, Kitchen, Lunch, Online operating hours, Pick-up, Takeaway, Hours for the elderly",
gcid:wax_supplier,Wax supplier,"Access, Breakfast, Brunch, Delivery, Dinner, Drive-through, Happy hours, Kitchen, Lunch, Online operating hours, Pick-up, Takeaway, Hours for the elderly",
gcid:waxing_hair_removal_service,Waxing hair removal service,"Access, Breakfast, Brunch, Delivery, Dinner, Drive-through, Happy hours, Kitchen, Lunch, Online operating hours, Pick-up, Takeaway, Hours for the elderly","Arm hair removal, Back hair removal, Bikini waxing, Brazilian waxing, Chest hair removal, Chin waxing, Ear hair removal, Eyebrow waxing, Facial hair removal, Foot hair removal, Hairline waxing, Intimate area hair waxing, Laser hair removal, Leg hair removal, Lip hair removal, Men's waxing, Neck hair removal, Organic waxing, Stomach hair removal, Strip waxing, Sugaring, Hair threading, Underarm hair removal"
gcid:weather_forecast_service,Weather forecast service,"Access, Breakfast, Brunch, Delivery, Dinner, Drive-through, Happy hours, Kitchen, Lunch, Online operating hours, Pick-up, Takeaway, Hours for the elderly",
gcid:weaving_mill,Weaving mill,"Access, Breakfast, Brunch, Delivery, Dinner, Drive-through, Happy hours, Kitchen, Lunch, Online operating hours, Pick-up, Takeaway, Hours for the elderly",
gcid:web_hosting_service,Web hosting company,"Access, Breakfast, Brunch, Delivery, Dinner, Drive-through, Happy hours, Kitchen, Lunch, Online operating hours, Pick-up, Takeaway, Hours for the elderly","Application development, Technical support"
gcid:website_designer,Website designer,"Access, Breakfast, Brunch, Delivery, Dinner, Drive-through, Happy hours, Kitchen, Lunch, Online operating hours, Pick-up, Takeaway, Hours for the elderly","Application development, Mobile app development, Software development"
gcid:wedding_bakery,Wedding bakery,"Access, Breakfast, Brunch, Delivery, Dinner, Drive-through, Happy hours, Kitchen, Lunch, Online operating hours, Takeaway, Hours for the elderly","Custom cakes, Delivery, Design consultation, Desserts, Wedding gift boxes"
gcid:wedding_buffet,Wedding buffet,"Access, Breakfast, Brunch, Delivery, Dinner, Drive-through, Happy hours, Kitchen, Lunch, Online operating hours, Pick-up, Takeaway, Hours for the elderly",
gcid:wedding_chapel,Wedding chapel,"Access, Breakfast, Brunch, Delivery, Dinner, Drive-through, Happy hours, Kitchen, Lunch, Online operating hours, Pick-up, Takeaway, Hours for the elderly",
gcid:wedding_dress_rental_service,Wedding dress rental service,"Access, Breakfast, Brunch, Delivery, Dinner, Drive-through, Happy hours, Kitchen, Lunch, Online operating hours, Pick-up, Takeaway, Hours for the elderly",
gcid:wedding_photographer,Wedding photographer,"Access, Breakfast, Brunch, Delivery, Dinner, Drive-through, Happy hours, Kitchen, Lunch, Online operating hours, Pick-up, Takeaway, Hours for the elderly","Aerial wedding photography, Beach wedding photography, Bridal photography, Corporate photography, Couples photography, Destination wedding photography, Elopement photography, Events and parties, Family and group, Headshots and portraits, Individual photography, Wedding preparations photography, Marriage proposal photography, Maternity and newborn, Photo booth rentals, Photo editing, Pre-wedding photo shoots, Product, Real estate photography, Rural wedding photography, School portraits, Trash-the-dress photography, Wedding albums, Wedding and engagement, Wedding ceremony photography, Wedding photo packages, Wedding rehearsal photography"
gcid:wedding_planner,Wedding planner,"Access, Breakfast, Brunch, Delivery, Dinner, Drive-through, Happy hours, Kitchen, Lunch, Online operating hours, Pick-up, Takeaway, Hours for the elderly","Anniversary party planning, Asian wedding planning, Baby shower planning, Bar & bat mitzvah planning, Birthday party planning, Catering, Children's party planning, Corporate and conference, Countryside wedding planning, Destination wedding planning, Elopement planning, Engagement party planning, Wedding hair & make-up, Outdoor wedding planning, Quinceanera, Religious event, Religious wedding planning, Retirement party planning, School event, Theme party, Vow renewal ceremony planning, Wedding and engagement, Wedding banquet planning, Wedding officiant services, Wedding packages"
gcid:wedding_service,Wedding service,"Access, Breakfast, Brunch, Delivery, Dinner, Drive-through, Happy hours, Kitchen, Lunch, Online operating hours, Pick-up, Takeaway, Hours for the elderly","Cakes, Catering, Consultation, Event decor design, Elopement packages, Emcee & dj, Event planning, Wedding florist services, Wedding gown rentals, Wedding hair & make-up, Marriage license assistance, Photo booth rentals, Photography, Professional lighting, Religious wedding planning, Videography, Wedding officiant services, Wedding planning"
gcid:wedding_souvenir_shop,Wedding souvenir shop,"Access, Breakfast, Brunch, Delivery, Dinner, Drive-through, Happy hours, Kitchen, Lunch, Online operating hours, Pick-up, Takeaway, Hours for the elderly",
gcid:wedding_store,Wedding store,"Access, Breakfast, Brunch, Delivery, Dinner, Drive-through, Happy hours, Kitchen, Lunch, Online operating hours, Pick-up, Takeaway, Hours for the elderly",
gcid:wedding_venue,Wedding venue,"Access, Breakfast, Brunch, Delivery, Dinner, Drive-through, Happy hours, Kitchen, Lunch, Online operating hours, Pick-up, Takeaway, Hours for the elderly","Anniversary party planning, Baby shower planning, Bar & bat mitzvah planning, Birthday party planning, Wedding budgeting, Cakes, Catering, Children's party planning, Cloth & linens rental, Corporate and conference, Emcee & DJ services, Wedding florist services, Wedding hair & make-up, Wedding lighting services, Photography, Wedding photography touch-ups, Quinceanera, Religious event, Religious wedding planning, Retirement party planning, School event, Theme party, Videography, Waiter service, Wedding and engagement"
gcid:weigh_station,Weigh station,"Access, Breakfast, Brunch, Delivery, Dinner, Drive-through, Happy hours, Kitchen, Lunch, Online operating hours, Pick-up, Takeaway, Hours for the elderly",
gcid:weight_loss_service,Weight loss service,"Breakfast, Delivery, Dinner, Drive-through, Lunch, Online operating hours, Pick-up, Hours for the elderly",Personal training
gcid:weightlifting_area,Weightlifting area,"Access, Breakfast, Brunch, Delivery, Dinner, Drive-through, Happy hours, Kitchen, Lunch, Online operating hours, Pick-up, Takeaway, Hours for the elderly",
gcid:weir,Weir,"Access, Breakfast, Brunch, Delivery, Dinner, Drive-through, Happy hours, Kitchen, Lunch, Online operating hours, Pick-up, Takeaway, Hours for the elderly",
gcid:welder,Welder,"Access, Breakfast, Brunch, Delivery, Dinner, Drive-through, Happy hours, Kitchen, Lunch, Online operating hours, Pick-up, Takeaway, Hours for the elderly","Awnings, Cnc, Custom fabrication, Cutting, Fences, Gates, General repairs & modifications, Handrails, Machining, Racks, Railings, Shearing, Staircases, Window well covers"
gcid:welding_gas_supplier,Welding gas supplier,"Access, Breakfast, Brunch, Delivery, Dinner, Drive-through, Happy hours, Kitchen, Lunch, Online operating hours, Pick-up, Takeaway, Hours for the elderly",
gcid:welding_supply_store,Welding supply store,"Access, Breakfast, Brunch, Delivery, Dinner, Drive-through, Happy hours, Kitchen, Lunch, Online operating hours, Pick-up, Takeaway, Hours for the elderly",
gcid:well_drilling_contractor,Well drilling contractor,"Access, Breakfast, Brunch, Delivery, Dinner, Drive-through, Happy hours, Kitchen, Lunch, Online operating hours, Pick-up, Takeaway, Hours for the elderly","Cathodic protection, Coring & monitoring wells, Engineering design, Geothermal services, Heavy civil construction, High capacity production & injection wells, Oil & gas well drilling, Pump installation, Pump repairs & installation, Remedial & demolition, Test holes, Water disposal facility design, Well installation"
gcid:wellness_center,Wellness center,"Breakfast, Delivery, Dinner, Drive-through, Lunch, Online operating hours, Pick-up, Hours for the elderly","Boxing, Karate, Personal training, Swimming, Zumba"
gcid:wellness_hotel,Wellness hotel,"Access, Breakfast, Brunch, Delivery, Dinner, Drive-through, Happy hours, Kitchen, Lunch, Online operating hours, Pick-up, Takeaway, Hours for the elderly",
gcid:wellness_program,Wellness program,"Breakfast, Delivery, Dinner, Drive-through, Lunch, Online operating hours, Pick-up, Hours for the elderly",
gcid:welsh_restaurant,Welsh restaurant,"Access, Breakfast, Brunch, Delivery, Dinner, Drive-through, Happy hours, Kitchen, Lunch, Online operating hours, Takeaway, Hours for the elderly",
gcid:wesleyan_church,Wesleyan church,"Access, Breakfast, Brunch, Delivery, Dinner, Kitchen, Lunch, Online operating hours, Pick-up, Takeaway, Hours for the elderly, Prayer, Worship service",
gcid:west_african_restaurant,West African restaurant,"Access, Breakfast, Brunch, Delivery, Dinner, Drive-through, Happy hours, Kitchen, Lunch, Online operating hours, Takeaway, Hours for the elderly",
gcid:western_apparel_store,Western apparel store,"Access, Breakfast, Brunch, Delivery, Dinner, Drive-through, Happy hours, Kitchen, Lunch, Online operating hours, Pick-up, Takeaway, Hours for the elderly",
gcid:western_restaurant,Western restaurant,"Access, Breakfast, Brunch, Delivery, Dinner, Drive-through, Happy hours, Kitchen, Lunch, Online operating hours, Takeaway, Hours for the elderly",
gcid:whale_watching_tour_agency,Whale watching tour agency,"Access, Breakfast, Brunch, Delivery, Dinner, Drive-through, Happy hours, Kitchen, Lunch, Online operating hours, Pick-up, Takeaway, Hours for the elderly",
gcid:wheel_alignment_service,Wheel alignment service,"Access, Breakfast, Brunch, Delivery, Dinner, Drive-through, Happy hours, Kitchen, Lunch, Online operating hours, Pick-up, Takeaway, Hours for the elderly","Steering & suspension repair, Tire rotations, Tires, Wheel alignment"
gcid:wheel_store,Wheel store,"Access, Breakfast, Brunch, Delivery, Dinner, Drive-through, Happy hours, Kitchen, Lunch, Online operating hours, Pick-up, Takeaway, Hours for the elderly",
gcid:wheelchair_rental_service,Wheelchair rental service,"Access, Breakfast, Brunch, Delivery, Dinner, Drive-through, Happy hours, Kitchen, Lunch, Online operating hours, Pick-up, Takeaway, Hours for the elderly",
gcid:wheelchair_repair_service,Wheelchair repair service,"Access, Breakfast, Brunch, Delivery, Dinner, Drive-through, Happy hours, Kitchen, Lunch, Online operating hours, Pick-up, Takeaway, Hours for the elderly",
gcid:wheelchair_store,Wheelchair store,"Access, Breakfast, Brunch, Delivery, Dinner, Drive-through, Happy hours, Kitchen, Lunch, Online operating hours, Pick-up, Takeaway, Hours for the elderly",
gcid:wholesale_bakery,Wholesale bakery,"Access, Breakfast, Brunch, Delivery, Dinner, Drive-through, Happy hours, Kitchen, Lunch, Online operating hours, Pick-up, Takeaway, Hours for the elderly",
gcid:wholesale_drugstore,Wholesale drugstore,"Access, Breakfast, Brunch, Delivery, Dinner, Drive-through, Happy hours, Kitchen, Lunch, Online operating hours, Pick-up, Takeaway, Hours for the elderly",
gcid:wholesale_florist,Wholesale florist,"Access, Breakfast, Brunch, Delivery, Dinner, Drive-through, Happy hours, Kitchen, Lunch, Online operating hours, Pick-up, Takeaway, Hours for the elderly","Design demonstration, Flower arrangements, Flower photography instruction"
gcid:wholesale_food_store,Wholesale food store,"Access, Breakfast, Brunch, Delivery, Dinner, Drive-through, Happy hours, Kitchen, Lunch, Online operating hours, Pick-up, Takeaway, Hours for the elderly",
gcid:wholesale_grocer,Wholesale grocer,"Access, Breakfast, Brunch, Delivery, Dinner, Drive-through, Happy hours, Kitchen, Lunch, Online operating hours, Pick-up, Takeaway, Hours for the elderly",
gcid:wholesale_jeweler,Wholesale jeweler,"Access, Breakfast, Brunch, Delivery, Dinner, Drive-through, Happy hours, Kitchen, Lunch, Online operating hours, Pick-up, Takeaway, Hours for the elderly",
gcid:wholesale_market,Wholesale market,"Access, Breakfast, Brunch, Delivery, Dinner, Drive-through, Happy hours, Kitchen, Lunch, Online operating hours, Pick-up, Takeaway, Hours for the elderly",
gcid:wholesale_plant_nursery,Wholesale plant nursery,"Access, Breakfast, Brunch, Delivery, Dinner, Drive-through, Happy hours, Kitchen, Lunch, Online operating hours, Pick-up, Takeaway, Hours for the elderly",Delivery
gcid:wholesaler,Wholesaler,"Access, Breakfast, Brunch, Delivery, Dinner, Drive-through, Happy hours, Kitchen, Lunch, Online operating hours, Pick-up, Takeaway, Hours for the elderly",
gcid:wholesaler_household_appliances,Wholesaler household appliances,"Access, Breakfast, Brunch, Delivery, Dinner, Drive-through, Happy hours, Kitchen, Lunch, Online operating hours, Pick-up, Takeaway, Hours for the elderly",
gcid:wi_fi_spot,Wi-Fi spot,"Access, Breakfast, Brunch, Delivery, Dinner, Drive-through, Happy hours, Kitchen, Lunch, Online operating hours, Pick-up, Takeaway, Hours for the elderly",
gcid:wicker_store,Wicker store,"Access, Breakfast, Brunch, Delivery, Dinner, Drive-through, Happy hours, Kitchen, Lunch, Online operating hours, Pick-up, Takeaway, Hours for the elderly",
gcid:wig_shop,Wig shop,"Access, Breakfast, Brunch, Delivery, Dinner, Drive-through, Happy hours, Kitchen, Lunch, Online operating hours, Pick-up, Takeaway, Hours for the elderly",
gcid:wildlife_and_safari_park,Wildlife and safari park,"Access, Breakfast, Brunch, Delivery, Dinner, Drive-through, Happy hours, Kitchen, Lunch, Online operating hours, Pick-up, Takeaway, Hours for the elderly",
gcid:wildlife_park,Wildlife park,"Access, Breakfast, Brunch, Delivery, Dinner, Drive-through, Happy hours, Kitchen, Lunch, Online operating hours, Pick-up, Takeaway, Hours for the elderly",
gcid:wildlife_refuge,Wildlife refuge,"Access, Breakfast, Brunch, Delivery, Dinner, Drive-through, Happy hours, Kitchen, Lunch, Online operating hours, Pick-up, Takeaway, Hours for the elderly",
gcid:wildlife_rescue_service,Wildlife rescue service,"Access, Breakfast, Brunch, Delivery, Dinner, Drive-through, Happy hours, Kitchen, Lunch, Online operating hours, Pick-up, Takeaway, Hours for the elderly",
gcid:willow_basket_manufacturer,Willow basket manufacturer,"Access, Breakfast, Brunch, Delivery, Dinner, Drive-through, Happy hours, Kitchen, Lunch, Online operating hours, Pick-up, Takeaway, Hours for the elderly",
gcid:wind_farm,Wind farm,"Access, Breakfast, Brunch, Delivery, Dinner, Drive-through, Happy hours, Kitchen, Lunch, Online operating hours, Pick-up, Takeaway, Hours for the elderly",
gcid:wind_turbine_builder,Wind turbine builder,"Access, Breakfast, Brunch, Delivery, Dinner, Drive-through, Happy hours, Kitchen, Lunch, Online operating hours, Pick-up, Takeaway, Hours for the elderly",
gcid:window_cleaning_service,Window cleaning service,"Access, Breakfast, Brunch, Delivery, Dinner, Drive-through, Happy hours, Kitchen, Lunch, Online operating hours, Pick-up, Takeaway, Hours for the elderly","Gutter cleaning, Glass & mirror cleaning, Gutter cleaning, Power/pressure washing, Rooftop/skylight cleaning, Interior & exterior window cleaning, Window washing"
gcid:window_installation_service,Window installation service,"Access, Breakfast, Brunch, Delivery, Dinner, Drive-through, Happy hours, Kitchen, Lunch, Online operating hours, Pick-up, Takeaway, Hours for the elderly","Accordion shutter installation, Casement window installation & replacement, General door installation, General door repair, Double pane window installation & replacement, General window replacement, Glass installation, Hurricane impact window installation, Hurricane shutter installation, Skylight installation, Skylight repair, Sliding glass door installation & replacement, Storm door installation & replacement, Storm window installation & replacement, Vinyl window installation & replacement, Window boardup, Window frame repair & replacement, Window installation, Window repair, Window screen repair"
gcid:window_supplier,Window supplier,"Access, Breakfast, Brunch, Delivery, Dinner, Drive-through, Happy hours, Kitchen, Lunch, Online operating hours, Pick-up, Takeaway, Hours for the elderly","Cleaning, Custom windows, Delivery, General repairs & installation, Pre-made windows, Restoration, Window design"
gcid:window_tinting_service,Window tinting service,"Access, Breakfast, Brunch, Delivery, Dinner, Drive-through, Happy hours, Kitchen, Lunch, Online operating hours, Pick-up, Takeaway, Hours for the elderly","Anti-graffiti window films, Blast retention window films, Daylight redirecting, Decorative window tinting, Heat control window films, Paint protection, Privacy window films, Sun control window tinting, Touch screen & projection screen window films, Vehicle window tinting"
gcid:window_treatment_store,Window treatment store,"Access, Breakfast, Brunch, Delivery, Dinner, Drive-through, Happy hours, Kitchen, Lunch, Online operating hours, Pick-up, Takeaway, Hours for the elderly",
gcid:windsurfing_store,Windsurfing store,"Access, Breakfast, Brunch, Delivery, Dinner, Drive-through, Happy hours, Kitchen, Lunch, Online operating hours, Pick-up, Takeaway, Hours for the elderly",
gcid:wine_bar,Wine bar,"Access, Breakfast, Brunch, Delivery, Dinner, Drive-through, Happy hours, Kitchen, Lunch, Online operating hours, Takeaway, Hours for the elderly",
gcid:wine_cellar,Wine cellar,"Access, Breakfast, Brunch, Delivery, Dinner, Drive-through, Happy hours, Kitchen, Lunch, Online operating hours, Pick-up, Takeaway, Hours for the elderly",
gcid:wine_club,Wine club,"Access, Breakfast, Brunch, Delivery, Dinner, Drive-through, Happy hours, Kitchen, Lunch, Online operating hours, Pick-up, Takeaway, Hours for the elderly",
gcid:wine_storage_facility,Wine storage facility,"Access, Breakfast, Brunch, Delivery, Dinner, Drive-through, Happy hours, Kitchen, Lunch, Online operating hours, Pick-up, Takeaway, Hours for the elderly",
gcid:wine_store,Wine store,"Access, Breakfast, Brunch, Delivery, Dinner, Drive-through, Happy hours, Kitchen, Lunch, Online operating hours, Pick-up, Takeaway, Hours for the elderly",
gcid:wine_wholesaler,Wine wholesaler and importer,"Access, Breakfast, Brunch, Delivery, Dinner, Drive-through, Happy hours, Kitchen, Lunch, Online operating hours, Pick-up, Takeaway, Hours for the elderly",
gcid:winemaking_supply_store,Winemaking supply store,"Access, Breakfast, Brunch, Delivery, Dinner, Drive-through, Happy hours, Kitchen, Lunch, Online operating hours, Pick-up, Takeaway, Hours for the elderly",
gcid:winery,Winery,"Access, Breakfast, Brunch, Delivery, Dinner, Drive-through, Happy hours, Kitchen, Lunch, Online operating hours, Takeaway, Hours for the elderly",
gcid:wing_chun_school,Wing chun school,"Breakfast, Delivery, Dinner, Drive-through, Lunch, Online operating hours, Pick-up, Hours for the elderly",
gcid:wire_and_cable_supplier,Wire and cable supplier,"Access, Breakfast, Brunch, Delivery, Dinner, Drive-through, Happy hours, Kitchen, Lunch, Online operating hours, Pick-up, Takeaway, Hours for the elderly",
gcid:wok_restaurant,Wok restaurant,"Access, Breakfast, Brunch, Delivery, Dinner, Drive-through, Happy hours, Kitchen, Lunch, Online operating hours, Takeaway, Hours for the elderly",
gcid:womens_clothing_store,Women's clothing store,"Access, Breakfast, Brunch, Delivery, Dinner, Drive-through, Happy hours, Kitchen, Lunch, Online operating hours, Pick-up, Takeaway, Hours for the elderly",
gcid:womens_college,Women's college,"Access, Breakfast, Brunch, Delivery, Dinner, Drive-through, Happy hours, Kitchen, Lunch, Online operating hours, Pick-up, Takeaway, Hours for the elderly",
gcid:womens_organization,Women's organization,"Access, Breakfast, Brunch, Delivery, Dinner, Drive-through, Happy hours, Kitchen, Lunch, Online operating hours, Pick-up, Takeaway, Hours for the elderly",
gcid:womens_personal_trainer,Women's personal trainer,"Breakfast, Delivery, Dinner, Drive-through, Lunch, Online operating hours, Pick-up, Hours for the elderly",
gcid:womens_protection_service,Women's protection service,"Access, Breakfast, Brunch, Delivery, Dinner, Drive-through, Happy hours, Kitchen, Lunch, Online operating hours, Pick-up, Takeaway, Hours for the elderly",
gcid:womens_shelter,Women's shelter,"Access, Breakfast, Brunch, Delivery, Dinner, Drive-through, Happy hours, Kitchen, Lunch, Online operating hours, Pick-up, Takeaway, Hours for the elderly",
gcid:wood_and_laminate_flooring_supplier,Wood and laminate flooring supplier,"Access, Breakfast, Brunch, Delivery, Dinner, Drive-through, Happy hours, Kitchen, Lunch, Online operating hours, Pick-up, Takeaway, Hours for the elderly",
gcid:wood_floor_installation_service,Wood floor installation service,"Access, Breakfast, Brunch, Delivery, Dinner, Drive-through, Happy hours, Kitchen, Lunch, Online operating hours, Pick-up, Takeaway, Hours for the elderly","Cherry wood, Coating, Engineered wood, General repairs & maintenance, Hickory wood, Installation, Maple wood, Oak wood, Restoration, Sanding, Wood staining, Walnut wood"
gcid:wood_floor_refinishing_service,Wood floor refinishing service,"Access, Breakfast, Brunch, Delivery, Dinner, Drive-through, Happy hours, Kitchen, Lunch, Online operating hours, Pick-up, Takeaway, Hours for the elderly",
gcid:wood_frame_supplier,Wood frame supplier,"Access, Breakfast, Brunch, Delivery, Dinner, Drive-through, Happy hours, Kitchen, Lunch, Online operating hours, Pick-up, Takeaway, Hours for the elderly",
gcid:wood_stove_shop,Wood stove shop,"Access, Breakfast, Brunch, Delivery, Dinner, Drive-through, Happy hours, Kitchen, Lunch, Online operating hours, Pick-up, Takeaway, Hours for the elderly",
gcid:wood_supplier,Wood supplier,"Access, Breakfast, Brunch, Delivery, Dinner, Drive-through, Happy hours, Kitchen, Lunch, Online operating hours, Pick-up, Takeaway, Hours for the elderly",
gcid:wood_working_class,Wood working class,"Access, Breakfast, Brunch, Delivery, Dinner, Drive-through, Happy hours, Kitchen, Lunch, Online operating hours, Pick-up, Takeaway, Hours for the elderly",
gcid:woodworker,Woodworker,"Access, Breakfast, Brunch, Delivery, Dinner, Drive-through, Happy hours, Kitchen, Lunch, Online operating hours, Pick-up, Takeaway, Hours for the elderly","Antique restoration, Furniture assembly, Cabinet repair, Cabinetry, Cabinet construction & installation, General carpentry & cabinetry services, Closet construction & installation, Closet repair, Custom closet design & installation, Wood coating custom color matching, Custom wood millwork, Deck installation, Deck repair, Delivery, Drywall installation & repair, Fencing construction & installation, Fencing repair, Flooring, Flooring repair, Furniture restoration, Repairs & maintenance, General repairs, Installation, General piano repairs, Wood refinishing & polishing, Remodeling, Wood restoration, Scratch removal, Shelving/storage construction & installation, Shelving & storage repair, Wood staining, Staircase construction & installation, Staircase repair, Staircases, Furniture stripping, Wood structural repair, Water & fire damage repair, Wood furniture repair, Wood polishing, Wood refinishing"
gcid:woodworking_supply_store,Woodworking supply store,"Access, Breakfast, Brunch, Delivery, Dinner, Drive-through, Happy hours, Kitchen, Lunch, Online operating hours, Pick-up, Takeaway, Hours for the elderly",
gcid:wool_store,Wool store,"Access, Breakfast, Brunch, Delivery, Dinner, Drive-through, Happy hours, Kitchen, Lunch, Online operating hours, Pick-up, Takeaway, Hours for the elderly",
gcid:work_clothes_store,Work clothes store,"Access, Breakfast, Brunch, Delivery, Dinner, Drive-through, Happy hours, Kitchen, Lunch, Online operating hours, Pick-up, Takeaway, Hours for the elderly",
gcid:workers_club,Workers' club,"Access, Breakfast, Brunch, Delivery, Dinner, Drive-through, Happy hours, Kitchen, Lunch, Online operating hours, Pick-up, Takeaway, Hours for the elderly",
gcid:working_womens_hostel,Working women's hostel,"Access, Breakfast, Brunch, Delivery, Dinner, Drive-through, Happy hours, Kitchen, Lunch, Online operating hours, Pick-up, Takeaway, Hours for the elderly",
gcid:wrestling_school,Wrestling school,"Breakfast, Delivery, Dinner, Drive-through, Lunch, Online operating hours, Pick-up, Hours for the elderly",
gcid:x_ray_equipment_supplier,X-ray equipment supplier,"Breakfast, Delivery, Dinner, Drive-through, Lunch, Online operating hours, Pick-up, Hours for the elderly",
gcid:x_ray_lab,X-ray lab,"Breakfast, Delivery, Dinner, Drive-through, Lunch, Online operating hours, Pick-up, Hours for the elderly",
gcid:yacht_broker,Yacht broker,"Access, Breakfast, Brunch, Delivery, Dinner, Drive-through, Happy hours, Kitchen, Lunch, Online operating hours, Pick-up, Takeaway, Hours for the elderly","Delivery supervision, Negotiation services, Yacht buying service, Yacht consulting, Yacht inspection, Yacht selling service, Yacht testing"
gcid:yacht_club,Yacht club,"Access, Breakfast, Brunch, Delivery, Dinner, Drive-through, Happy hours, Kitchen, Lunch, Online operating hours, Pick-up, Takeaway, Hours for the elderly",
gcid:yakatabune,Yakatabune,"Access, Breakfast, Brunch, Delivery, Dinner, Drive-through, Happy hours, Kitchen, Lunch, Online operating hours, Pick-up, Takeaway, Hours for the elderly",
gcid:yakiniku_restaurant,Yakiniku restaurant,"Access, Breakfast, Brunch, Delivery, Dinner, Drive-through, Happy hours, Kitchen, Lunch, Online operating hours, Takeaway, Hours for the elderly",
gcid:yakisoba_restaurant,Yakisoba Restaurant,"Access, Breakfast, Brunch, Delivery, Dinner, Drive-through, Happy hours, Kitchen, Lunch, Online operating hours, Takeaway, Hours for the elderly",
gcid:yakitori_restaurant,Yakitori restaurant,"Access, Breakfast, Brunch, Delivery, Dinner, Drive-through, Happy hours, Kitchen, Lunch, Online operating hours, Takeaway, Hours for the elderly",
gcid:yarn_store,Yarn store,"Access, Breakfast, Brunch, Delivery, Dinner, Drive-through, Happy hours, Kitchen, Lunch, Online operating hours, Pick-up, Takeaway, Hours for the elderly",
gcid:yemenite_restaurant,Yemeni restaurant,"Access, Breakfast, Brunch, Delivery, Dinner, Drive-through, Happy hours, Kitchen, Lunch, Online operating hours, Takeaway, Hours for the elderly",
gcid:yeshiva,Yeshiva,"Access, Breakfast, Brunch, Delivery, Dinner, Drive-through, Happy hours, Kitchen, Lunch, Online operating hours, Pick-up, Takeaway, Hours for the elderly",
gcid:yoga_instructor,Yoga instructor,"Access, Breakfast, Brunch, Delivery, Dinner, Drive-through, Happy hours, Kitchen, Lunch, Online operating hours, Pick-up, Takeaway, Hours for the elderly",
gcid:yoga_retreat_center,Yoga retreat center,"Access, Breakfast, Brunch, Delivery, Dinner, Drive-through, Happy hours, Kitchen, Lunch, Online operating hours, Pick-up, Takeaway, Hours for the elderly",
gcid:yoga_studio,Yoga studio,"Breakfast, Delivery, Dinner, Drive-through, Lunch, Online operating hours, Pick-up, Hours for the elderly","Group lessons, Private lessons"
gcid:youth_care,Youth care service,"Breakfast, Delivery, Dinner, Drive-through, Lunch, Online operating hours, Pick-up, Hours for the elderly",
gcid:youth_center,Youth center,"Access, Breakfast, Brunch, Delivery, Dinner, Drive-through, Happy hours, Kitchen, Lunch, Online operating hours, Pick-up, Takeaway, Hours for the elderly",
gcid:youth_clothing_store,Youth clothing store,"Access, Breakfast, Brunch, Delivery, Dinner, Drive-through, Happy hours, Kitchen, Lunch, Online operating hours, Pick-up, Takeaway, Hours for the elderly",
gcid:youth_club,Youth club,"Access, Breakfast, Brunch, Delivery, Dinner, Drive-through, Happy hours, Kitchen, Lunch, Online operating hours, Pick-up, Takeaway, Hours for the elderly",
gcid:youth_groups,Youth group,"Access, Breakfast, Brunch, Delivery, Dinner, Drive-through, Happy hours, Kitchen, Lunch, Online operating hours, Pick-up, Takeaway, Hours for the elderly",
gcid:youth_hostel,Youth hostel,"Access, Breakfast, Brunch, Delivery, Dinner, Drive-through, Happy hours, Kitchen, Lunch, Online operating hours, Pick-up, Takeaway, Hours for the elderly",
gcid:youth_organization,Youth organization,"Access, Breakfast, Brunch, Delivery, Dinner, Drive-through, Happy hours, Kitchen, Lunch, Online operating hours, Pick-up, Takeaway, Hours for the elderly",
gcid:youth_social_services_organization,Youth social services organization,"Access, Breakfast, Brunch, Delivery, Dinner, Drive-through, Happy hours, Kitchen, Lunch, Online operating hours, Pick-up, Takeaway, Hours for the elderly",
gcid:yucatan_restaurant,Yucatan restaurant,"Access, Breakfast, Brunch, Delivery, Dinner, Drive-through, Happy hours, Kitchen, Lunch, Online operating hours, Takeaway, Hours for the elderly",
gcid:zhe_jiang_restaurant,Zhejiang restaurant,"Access, Breakfast, Brunch, Delivery, Dinner, Drive-through, Happy hours, Kitchen, Lunch, Online operating hours, Takeaway, Hours for the elderly",
gcid:zoo,Zoo,"Access, Breakfast, Brunch, Delivery, Dinner, Drive-through, Happy hours, Kitchen, Lunch, Online operating hours, Pick-up, Takeaway, Hours for the elderly",
